{"type":"FeatureCollection","features":[{"type":"Feature","properties":{"comunaId":"CHL.6.1.1_1","nombre":"Arauco","provincia":"Arauco","regionGadm":"Bío-Bío","centerLat":-37.2914,"centerLon":-73.4344},"geometry":{"type":"MultiPolygon","coordinates":[[[[-73.5973,-37.4396],[-73.6068,-37.4211],[-73.6113,-37.418],[-73.6122,-37.4154],[-73.6102,-37.4086],[-73.6114,-37.4048],[-73.6208,-37.393],[-73.6239,-37.3864],[-73.6311,-37.3806],[-73.6318,-37.3775],[-73.6375,-37.3741],[-73.6435,-37.3745],[-73.6455,-37.3728],[-73.6445,-37.3712],[-73.6491,-37.3684],[-73.6631,-37.3657],[-73.6638,-37.3616],[-73.6695,-37.3581],[-73.6724,-37.3583],[-73.681,-37.3655],[-73.6851,-37.3672],[-73.6767,-37.3562],[-73.6777,-37.3537],[-73.6746,-37.3487],[-73.6754,-37.3476],[-73.6716,-37.3468],[-73.6698,-37.3444],[-73.6697,-37.3408],[-73.6736,-37.3366],[-73.6786,-37.3345],[-73.6832,-37.3365],[-73.684,-37.3356],[-73.677,-37.3299],[-73.6779,-37.3284],[-73.6754,-37.3269],[-73.6749,-37.3238],[-73.672,-37.3224],[-73.6734,-37.3217],[-73.6674,-37.3145],[-73.6648,-37.3136],[-73.6663,-37.3108],[-73.6649,-37.3074],[-73.662,-37.3061],[-73.663,-37.3031],[-73.6595,-37.3031],[-73.6557,-37.2995],[-73.6562,-37.2946],[-73.6591,-37.2916],[-73.6664,-37.2894],[-73.6733,-37.2932],[-73.6704,-37.2893],[-73.6714,-37.2877],[-73.6678,-37.2858],[-73.6697,-37.2847],[-73.6641,-37.2824],[-73.6569,-37.2761],[-73.6571,-37.2718],[-73.6602,-37.2657],[-73.6654,-37.2633],[-73.6633,-37.2627],[-73.6622,-37.2592],[-73.6586,-37.2566],[-73.6628,-37.2529],[-73.6621,-37.2501],[-73.6598,-37.2476],[-73.6567,-37.2475],[-73.654,-37.2428],[-73.655,-37.24],[-73.6593,-37.2392],[-73.6557,-37.2343],[-73.6544,-37.2344],[-73.657,-37.23],[-73.6529,-37.228],[-73.6548,-37.2274],[-73.652,-37.2259],[-73.652,-37.2211],[-73.6494,-37.2198],[-73.6503,-37.2179],[-73.6418,-37.2098],[-73.6438,-37.207],[-73.6411,-37.2023],[-73.648,-37.2038],[-73.6496,-37.2028],[-73.6451,-37.201],[-73.6452,-37.198],[-73.6401,-37.1926],[-73.6365,-37.1933],[-73.6343,-37.1908],[-73.6294,-37.1903],[-73.6226,-37.1848],[-73.6204,-37.1802],[-73.6216,-37.1773],[-73.6195,-37.1773],[-73.62,-37.1752],[-73.6145,-37.1755],[-73.6121,-37.1729],[-73.6116,-37.1685],[-73.6079,-37.1634],[-73.609,-37.1614],[-73.6049,-37.1614],[-73.6036,-37.1602],[-73.6053,-37.1593],[-73.6037,-37.1583],[-73.6001,-37.1601],[-73.5963,-37.1589],[-73.5871,-37.1488],[-73.5884,-37.1466],[-73.5873,-37.1454],[-73.584,-37.1458],[-73.5867,-37.1476],[-73.5732,-37.1508],[-73.5743,-37.1563],[-73.5772,-37.1591],[-73.5717,-37.1624],[-73.573,-37.1637],[-73.5716,-37.1655],[-73.5645,-37.1668],[-73.5658,-37.1684],[-73.5642,-37.1693],[-73.5592,-37.168],[-73.5633,-37.1709],[-73.5627,-37.1812],[-73.5667,-37.1919],[-73.5596,-37.196],[-73.5455,-37.1993],[-73.5432,-37.2046],[-73.5266,-37.2087],[-73.5074,-37.2073],[-73.4897,-37.2027],[-73.4884,-37.2063],[-73.4849,-37.2075],[-73.4663,-37.2069],[-73.4571,-37.2046],[-73.453,-37.2075],[-73.4529,-37.2118],[-73.4494,-37.2156],[-73.4458,-37.2188],[-73.4381,-37.2218],[-73.4355,-37.2266],[-73.4339,-37.2268],[-73.4376,-37.2269],[-73.4386,-37.2308],[-73.4346,-37.2361],[-73.4301,-37.239],[-73.3939,-37.2438],[-73.3669,-37.244],[-73.3406,-37.2412],[-73.2905,-37.2314],[-73.2693,-37.2242],[-73.2365,-37.2039],[-73.1956,-37.1726],[-73.1893,-37.166],[-73.1885,-37.1632],[-73.191,-37.1614],[-73.1865,-37.1548],[-73.1875,-37.1533],[-73.1857,-37.1523],[-73.1807,-37.1584],[-73.1725,-37.16],[-73.16,-37.1543],[-73.1539,-37.1546],[-73.1478,-37.1518],[-73.1393,-37.1545],[-73.1271,-37.1528],[-73.1159,-37.1537],[-73.1068,-37.1623],[-73.0997,-37.1623],[-73.0973,-37.1681],[-73.0945,-37.1694],[-73.0938,-37.1798],[-73.0923,-37.1825],[-73.0931,-37.1865],[-73.0908,-37.1921],[-73.0825,-37.1974],[-73.0802,-37.202],[-73.0887,-37.2119],[-73.096,-37.2094],[-73.1005,-37.2106],[-73.1039,-37.2138],[-73.118,-37.2171],[-73.1172,-37.2194],[-73.1188,-37.2236],[-73.112,-37.2282],[-73.1135,-37.23],[-73.1079,-37.2424],[-73.1044,-37.2393],[-73.1,-37.2397],[-73.0966,-37.236],[-73.0876,-37.2391],[-73.0838,-37.2386],[-73.0768,-37.2517],[-73.0702,-37.256],[-73.0657,-37.2559],[-73.0703,-37.2581],[-73.0849,-37.2581],[-73.0878,-37.2595],[-73.0917,-37.267],[-73.0927,-37.2821],[-73.0959,-37.2889],[-73.1036,-37.2996],[-73.1123,-37.3054],[-73.1078,-37.3107],[-73.1108,-37.3124],[-73.1105,-37.3167],[-73.1146,-37.3248],[-73.1145,-37.3267],[-73.1112,-37.3285],[-73.1119,-37.3328],[-73.1198,-37.3438],[-73.1201,-37.3483],[-73.1291,-37.3494],[-73.1327,-37.3513],[-73.134,-37.3536],[-73.1333,-37.3569],[-73.1382,-37.3565],[-73.1409,-37.3594],[-73.1448,-37.36],[-73.1478,-37.3559],[-73.1569,-37.3537],[-73.1698,-37.3532],[-73.1855,-37.3552],[-73.1913,-37.3541],[-73.1966,-37.3576],[-73.2081,-37.3541],[-73.2127,-37.3556],[-73.2214,-37.3549],[-73.2248,-37.3572],[-73.2314,-37.3556],[-73.2333,-37.3522],[-73.2391,-37.353],[-73.2452,-37.3495],[-73.2492,-37.3492],[-73.2516,-37.3459],[-73.2499,-37.3444],[-73.2504,-37.3386],[-73.2588,-37.3344],[-73.2615,-37.3368],[-73.2648,-37.3357],[-73.2702,-37.3376],[-73.2709,-37.3402],[-73.2728,-37.3402],[-73.279,-37.3296],[-73.2854,-37.3341],[-73.2885,-37.3389],[-73.2867,-37.3415],[-73.2889,-37.3452],[-73.2872,-37.3466],[-73.291,-37.347],[-73.2932,-37.344],[-73.2955,-37.3451],[-73.2994,-37.3546],[-73.3065,-37.3597],[-73.3111,-37.3591],[-73.3156,-37.3531],[-73.323,-37.3502],[-73.3226,-37.3462],[-73.3276,-37.3487],[-73.3294,-37.3455],[-73.3338,-37.3453],[-73.3396,-37.3542],[-73.3454,-37.3504],[-73.3802,-37.3464],[-73.3839,-37.3506],[-73.3876,-37.3505],[-73.3874,-37.3536],[-73.3901,-37.3559],[-73.3941,-37.3483],[-73.3966,-37.3354],[-73.3934,-37.3295],[-73.3984,-37.3287],[-73.4137,-37.3479],[-73.4151,-37.3528],[-73.4198,-37.354],[-73.4216,-37.3609],[-73.4266,-37.3676],[-73.43,-37.3681],[-73.4379,-37.3627],[-73.4413,-37.3627],[-73.4455,-37.3733],[-73.4502,-37.3794],[-73.4679,-37.3852],[-73.4792,-37.3862],[-73.487,-37.3845],[-73.4885,-37.3899],[-73.4909,-37.3918],[-73.4901,-37.396],[-73.497,-37.4007],[-73.4955,-37.4025],[-73.4978,-37.4047],[-73.4962,-37.405],[-73.4962,-37.4066],[-73.502,-37.4219],[-73.5159,-37.4235],[-73.5218,-37.4308],[-73.5229,-37.434],[-73.5217,-37.4362],[-73.5234,-37.439],[-73.5362,-37.4447],[-73.5349,-37.4465],[-73.5387,-37.4473],[-73.5408,-37.4503],[-73.5434,-37.4502],[-73.5446,-37.4477],[-73.5526,-37.4478],[-73.5583,-37.4511],[-73.5653,-37.4478],[-73.5706,-37.4482],[-73.5703,-37.4461],[-73.5727,-37.4458],[-73.5751,-37.449],[-73.5771,-37.4496],[-73.5775,-37.4477],[-73.5789,-37.448],[-73.5799,-37.4503],[-73.5819,-37.4474],[-73.5891,-37.4469],[-73.5887,-37.4427],[-73.5904,-37.4412],[-73.5973,-37.4396]]]]}},{"type":"Feature","properties":{"comunaId":"CHL.6.1.2_1","nombre":"Cañete","provincia":"Arauco","regionGadm":"Bío-Bío","centerLat":-37.8613,"centerLon":-73.2935},"geometry":{"type":"MultiPolygon","coordinates":[[[[-73.1141,-37.7035],[-73.1142,-37.7115],[-73.1097,-37.7191],[-73.1106,-37.7212],[-73.1067,-37.7223],[-73.1027,-37.7264],[-73.0928,-37.7221],[-73.0817,-37.721],[-73.0725,-37.7099],[-73.0687,-37.7094],[-73.0501,-37.7101],[-73.0446,-37.7089],[-73.0398,-37.7104],[-73.0378,-37.7153],[-73.035,-37.7175],[-73.0267,-37.7187],[-73.0237,-37.721],[-73.0245,-37.7281],[-73.019,-37.7358],[-73.0189,-37.7409],[-73.0156,-37.7473],[-73.0163,-37.7529],[-73.0177,-37.7554],[-73.0233,-37.7574],[-73.0243,-37.7644],[-73.0397,-37.7732],[-73.0395,-37.777],[-73.0416,-37.7812],[-73.0334,-37.7863],[-73.0325,-37.7913],[-73.0234,-37.8044],[-73.0244,-37.8082],[-73.03,-37.8106],[-73.0314,-37.8182],[-73.0346,-37.8212],[-73.0348,-37.8245],[-73.0384,-37.8307],[-73.0477,-37.8373],[-73.0449,-37.8397],[-73.046,-37.8435],[-73.0708,-37.8542],[-73.0768,-37.8624],[-73.0869,-37.8623],[-73.0916,-37.8594],[-73.0987,-37.8627],[-73.1018,-37.8599],[-73.1106,-37.8598],[-73.1148,-37.8628],[-73.1184,-37.858],[-73.1256,-37.8549],[-73.1304,-37.8507],[-73.1341,-37.8516],[-73.1477,-37.8478],[-73.1505,-37.8491],[-73.1511,-37.8534],[-73.1539,-37.8554],[-73.1603,-37.8533],[-73.172,-37.8548],[-73.1749,-37.858],[-73.1752,-37.8608],[-73.1829,-37.8632],[-73.1845,-37.8684],[-73.1905,-37.8696],[-73.1931,-37.8748],[-73.1999,-37.8763],[-73.2091,-37.875],[-73.2155,-37.8633],[-73.2205,-37.8608],[-73.2259,-37.8642],[-73.2326,-37.865],[-73.2369,-37.8592],[-73.2443,-37.8548],[-73.244,-37.8509],[-73.2495,-37.8422],[-73.2613,-37.8393],[-73.275,-37.8388],[-73.2744,-37.8428],[-73.2714,-37.8463],[-73.2564,-37.8526],[-73.2585,-37.8591],[-73.2651,-37.8643],[-73.2665,-37.8676],[-73.273,-37.8686],[-73.2915,-37.8799],[-73.2925,-37.883],[-73.2992,-37.8879],[-73.3036,-37.896],[-73.3094,-37.8967],[-73.3157,-37.9006],[-73.3231,-37.9131],[-73.3218,-37.9173],[-73.3123,-37.9213],[-73.292,-37.9226],[-73.2905,-37.9279],[-73.2951,-37.9335],[-73.2971,-37.9404],[-73.3055,-37.9446],[-73.3126,-37.9445],[-73.3167,-37.9476],[-73.3266,-37.949],[-73.334,-37.9464],[-73.3448,-37.9461],[-73.3495,-37.9445],[-73.3523,-37.9469],[-73.3467,-37.9526],[-73.3387,-37.9539],[-73.338,-37.9593],[-73.3307,-37.9681],[-73.3214,-37.9733],[-73.3144,-37.9715],[-73.3064,-37.9755],[-73.3061,-37.9785],[-73.3115,-37.9835],[-73.3143,-37.989],[-73.3111,-37.9929],[-73.3124,-37.9988],[-73.3016,-38.0078],[-73.298,-38.0148],[-73.2909,-38.0193],[-73.2758,-38.0196],[-73.2729,-38.0183],[-73.2709,-38.0194],[-73.2656,-38.0282],[-73.2593,-38.0503],[-73.2568,-38.0508],[-73.252,-38.0603],[-73.2562,-38.0592],[-73.2572,-38.0574],[-73.2644,-38.0583],[-73.2666,-38.0626],[-73.2652,-38.0647],[-73.2685,-38.0675],[-73.2734,-38.0697],[-73.2765,-38.0688],[-73.2843,-38.0712],[-73.2907,-38.0703],[-73.2988,-38.0656],[-73.3012,-38.0613],[-73.3115,-38.0637],[-73.3165,-38.0691],[-73.3123,-38.0732],[-73.3099,-38.0799],[-73.3037,-38.0857],[-73.3006,-38.0952],[-73.3008,-38.1001],[-73.3041,-38.1079],[-73.3184,-38.1146],[-73.3316,-38.1173],[-73.3541,-38.1179],[-73.3717,-38.1274],[-73.3771,-38.1287],[-73.3805,-38.1274],[-73.385,-38.1217],[-73.3889,-38.1195],[-73.3894,-38.1173],[-73.3936,-38.1182],[-73.3959,-38.1155],[-73.4048,-38.1132],[-73.412,-38.1153],[-73.4144,-38.1132],[-73.418,-38.1144],[-73.4204,-38.1244],[-73.4229,-38.1261],[-73.4275,-38.1276],[-73.4341,-38.1221],[-73.4358,-38.124],[-73.4343,-38.1268],[-73.4386,-38.1301],[-73.4458,-38.1299],[-73.4467,-38.1277],[-73.4451,-38.1241],[-73.447,-38.1147],[-73.4485,-38.1147],[-73.4491,-38.1175],[-73.4521,-38.1163],[-73.4545,-38.0818],[-73.4607,-38.0549],[-73.4785,-38.0002],[-73.4789,-37.9945],[-73.4908,-37.9739],[-73.5001,-37.952],[-73.5209,-37.9112],[-73.5453,-37.8698],[-73.5396,-37.8706],[-73.5397,-37.8624],[-73.538,-37.8613],[-73.532,-37.8621],[-73.5329,-37.8587],[-73.5284,-37.8588],[-73.5268,-37.8542],[-73.5179,-37.8534],[-73.5166,-37.8487],[-73.5179,-37.8465],[-73.5166,-37.8455],[-73.5148,-37.8447],[-73.5107,-37.8468],[-73.5055,-37.8459],[-73.4961,-37.8393],[-73.4948,-37.8353],[-73.4928,-37.8342],[-73.4939,-37.8325],[-73.4894,-37.8277],[-73.4838,-37.8147],[-73.4759,-37.8083],[-73.4744,-37.8005],[-73.476,-37.7982],[-73.4746,-37.7966],[-73.4762,-37.7927],[-73.4756,-37.79],[-73.4714,-37.7885],[-73.4683,-37.7839],[-73.4683,-37.7816],[-73.47,-37.7814],[-73.4707,-37.7789],[-73.4654,-37.776],[-73.4661,-37.773],[-73.4642,-37.7679],[-73.4594,-37.7628],[-73.459,-37.7573],[-73.4561,-37.7523],[-73.4518,-37.7502],[-73.4508,-37.7453],[-73.448,-37.7416],[-73.4426,-37.7388],[-73.4416,-37.7323],[-73.4341,-37.7144],[-73.4303,-37.7107],[-73.4279,-37.7114],[-73.4253,-37.7077],[-73.4218,-37.7085],[-73.4129,-37.7054],[-73.4046,-37.7162],[-73.4051,-37.7144],[-73.3997,-37.7102],[-73.3953,-37.7019],[-73.3897,-37.6961],[-73.3909,-37.7028],[-73.3884,-37.7101],[-73.3779,-37.7081],[-73.3726,-37.7118],[-73.371,-37.7069],[-73.376,-37.7064],[-73.376,-37.7013],[-73.3742,-37.7],[-73.374,-37.6969],[-73.3704,-37.6975],[-73.3701,-37.6952],[-73.3665,-37.6948],[-73.3662,-37.692],[-73.3633,-37.6939],[-73.3608,-37.6928],[-73.3569,-37.6947],[-73.3525,-37.6943],[-73.3508,-37.6956],[-73.3515,-37.6972],[-73.3448,-37.6982],[-73.3417,-37.7004],[-73.3348,-37.7116],[-73.3286,-37.7124],[-73.3261,-37.7139],[-73.3254,-37.7168],[-73.3221,-37.7157],[-73.32,-37.7178],[-73.3189,-37.7161],[-73.316,-37.7159],[-73.3134,-37.718],[-73.3052,-37.7187],[-73.3034,-37.7208],[-73.2972,-37.7221],[-73.2959,-37.7242],[-73.2859,-37.7272],[-73.2835,-37.7307],[-73.2748,-37.7351],[-73.27,-37.74],[-73.2613,-37.7426],[-73.2562,-37.7418],[-73.2554,-37.7447],[-73.253,-37.7438],[-73.2448,-37.7469],[-73.2409,-37.7444],[-73.2312,-37.7468],[-73.2219,-37.745],[-73.2234,-37.7404],[-73.2159,-37.7299],[-73.217,-37.7252],[-73.2149,-37.7224],[-73.208,-37.7222],[-73.1978,-37.7186],[-73.188,-37.7219],[-73.1695,-37.7239],[-73.1594,-37.7221],[-73.1572,-37.7186],[-73.1479,-37.7162],[-73.1303,-37.7171],[-73.1237,-37.7119],[-73.1182,-37.7049],[-73.1141,-37.7035]]]]}},{"type":"Feature","properties":{"comunaId":"CHL.6.1.3_1","nombre":"Contulmo","provincia":"Arauco","regionGadm":"Bío-Bío","centerLat":-38.035,"centerLon":-73.2096},"geometry":{"type":"MultiPolygon","coordinates":[[[[-73.0886,-38.1425],[-73.089,-38.1508],[-73.0847,-38.1543],[-73.0769,-38.1721],[-73.0777,-38.1769],[-73.0848,-38.18],[-73.0924,-38.1919],[-73.0993,-38.1902],[-73.1049,-38.1911],[-73.1123,-38.1861],[-73.1224,-38.1884],[-73.1239,-38.1836],[-73.1309,-38.1834],[-73.1323,-38.1844],[-73.1328,-38.1947],[-73.1345,-38.1961],[-73.1334,-38.2054],[-73.1384,-38.2157],[-73.1535,-38.2197],[-73.1615,-38.2169],[-73.1615,-38.2204],[-73.174,-38.2272],[-73.1944,-38.2316],[-73.2012,-38.2311],[-73.1994,-38.2426],[-73.2058,-38.2502],[-73.212,-38.2516],[-73.2223,-38.2577],[-73.222,-38.2717],[-73.2253,-38.2744],[-73.2425,-38.2758],[-73.246,-38.2792],[-73.2636,-38.2843],[-73.2694,-38.2892],[-73.2738,-38.2956],[-73.2771,-38.2974],[-73.2855,-38.2929],[-73.2826,-38.2918],[-73.2785,-38.2842],[-73.2725,-38.2787],[-73.2635,-38.2736],[-73.2611,-38.2736],[-73.2611,-38.2714],[-73.2554,-38.2665],[-73.2571,-38.2593],[-73.2539,-38.2538],[-73.2462,-38.2528],[-73.2329,-38.2433],[-73.2375,-38.242],[-73.2402,-38.2379],[-73.2425,-38.2374],[-73.2442,-38.2328],[-73.2434,-38.23],[-73.2481,-38.2267],[-73.2514,-38.2159],[-73.2785,-38.2029],[-73.2939,-38.2015],[-73.3073,-38.1839],[-73.3163,-38.1782],[-73.3204,-38.1723],[-73.3253,-38.1692],[-73.3267,-38.1655],[-73.3257,-38.1603],[-73.3171,-38.1401],[-73.3188,-38.1326],[-73.3275,-38.1169],[-73.3076,-38.1103],[-73.3017,-38.1039],[-73.3006,-38.0952],[-73.3037,-38.0857],[-73.3099,-38.0799],[-73.3123,-38.0732],[-73.3165,-38.0691],[-73.3115,-38.0637],[-73.3012,-38.0613],[-73.2988,-38.0656],[-73.2907,-38.0703],[-73.2843,-38.0712],[-73.2765,-38.0688],[-73.2734,-38.0697],[-73.2685,-38.0675],[-73.2652,-38.0647],[-73.2666,-38.0626],[-73.2644,-38.0583],[-73.2572,-38.0574],[-73.2562,-38.0592],[-73.252,-38.0603],[-73.2568,-38.0508],[-73.2593,-38.0503],[-73.2656,-38.0282],[-73.2709,-38.0194],[-73.2729,-38.0183],[-73.2758,-38.0196],[-73.2909,-38.0193],[-73.298,-38.0148],[-73.3016,-38.0078],[-73.3124,-37.9988],[-73.3111,-37.9929],[-73.3143,-37.989],[-73.3115,-37.9835],[-73.3061,-37.9785],[-73.3064,-37.9755],[-73.3144,-37.9715],[-73.3214,-37.9733],[-73.3307,-37.9681],[-73.338,-37.9593],[-73.3387,-37.9539],[-73.3467,-37.9526],[-73.3523,-37.9465],[-73.3495,-37.9445],[-73.3448,-37.9461],[-73.334,-37.9464],[-73.3266,-37.949],[-73.3167,-37.9476],[-73.3126,-37.9445],[-73.3055,-37.9446],[-73.2971,-37.9404],[-73.2951,-37.9335],[-73.2905,-37.9279],[-73.292,-37.9226],[-73.3123,-37.9213],[-73.3218,-37.9173],[-73.3231,-37.9131],[-73.3157,-37.9006],[-73.3094,-37.8967],[-73.3036,-37.896],[-73.2992,-37.8879],[-73.2925,-37.883],[-73.2915,-37.8799],[-73.273,-37.8686],[-73.2665,-37.8676],[-73.2651,-37.8643],[-73.2585,-37.8591],[-73.2564,-37.8526],[-73.2714,-37.8463],[-73.2744,-37.8428],[-73.275,-37.8388],[-73.2613,-37.8393],[-73.2495,-37.8422],[-73.244,-37.8509],[-73.2443,-37.8548],[-73.2369,-37.8592],[-73.2332,-37.8646],[-73.2259,-37.8642],[-73.2205,-37.8608],[-73.2155,-37.8633],[-73.2095,-37.8747],[-73.202,-37.8762],[-73.1931,-37.8748],[-73.1905,-37.8696],[-73.1845,-37.8684],[-73.1829,-37.8632],[-73.1752,-37.8608],[-73.1749,-37.858],[-73.171,-37.8542],[-73.1648,-37.8548],[-73.1603,-37.8533],[-73.1539,-37.8554],[-73.1511,-37.8534],[-73.1505,-37.8491],[-73.1477,-37.8478],[-73.1341,-37.8516],[-73.1304,-37.8507],[-73.1256,-37.8549],[-73.1184,-37.858],[-73.1148,-37.8628],[-73.1106,-37.8598],[-73.1018,-37.8599],[-73.0987,-37.8627],[-73.0916,-37.8594],[-73.0869,-37.8623],[-73.0768,-37.8624],[-73.0815,-37.8669],[-73.0925,-37.8711],[-73.1068,-37.8714],[-73.1111,-37.8698],[-73.1173,-37.8714],[-73.1183,-37.8748],[-73.1252,-37.8775],[-73.1234,-37.8848],[-73.1303,-37.8958],[-73.1272,-37.8971],[-73.1228,-37.9024],[-73.1119,-37.906],[-73.1105,-37.9079],[-73.1133,-37.91],[-73.1133,-37.9215],[-73.1106,-37.9252],[-73.1103,-37.9288],[-73.114,-37.932],[-73.1131,-37.9395],[-73.1203,-37.9426],[-73.1223,-37.9468],[-73.1192,-37.9537],[-73.12,-37.9594],[-73.1286,-37.97],[-73.1286,-37.9729],[-73.1401,-37.9747],[-73.1402,-37.9783],[-73.1569,-37.9789],[-73.1597,-37.9799],[-73.1601,-37.9829],[-73.1624,-37.9843],[-73.1708,-37.9863],[-73.1765,-37.9852],[-73.1849,-37.9868],[-73.1866,-37.9893],[-73.1824,-37.9964],[-73.1812,-38.0038],[-73.1859,-38.0091],[-73.1937,-38.0133],[-73.1956,-38.0222],[-73.2029,-38.03],[-73.2063,-38.0407],[-73.202,-38.0466],[-73.2061,-38.0507],[-73.2063,-38.0531],[-73.2015,-38.053],[-73.1925,-38.0561],[-73.1908,-38.0589],[-73.1828,-38.0635],[-73.1762,-38.0624],[-73.1743,-38.0581],[-73.169,-38.0568],[-73.1659,-38.0591],[-73.1649,-38.0629],[-73.1616,-38.0644],[-73.1595,-38.073],[-73.1556,-38.0755],[-73.1455,-38.0777],[-73.124,-38.0767],[-73.1218,-38.0784],[-73.1202,-38.0831],[-73.1146,-38.0833],[-73.1058,-38.0888],[-73.0996,-38.095],[-73.0932,-38.0965],[-73.0807,-38.0957],[-73.0806,-38.0984],[-73.0778,-38.1003],[-73.0768,-38.1153],[-73.073,-38.1224],[-73.0732,-38.1282],[-73.079,-38.1393],[-73.0886,-38.1425]]]]}},{"type":"Feature","properties":{"comunaId":"CHL.6.1.4_1","nombre":"Curanilahue","provincia":"Arauco","regionGadm":"Bío-Bío","centerLat":-37.4947,"centerLon":-73.2382},"geometry":{"type":"MultiPolygon","coordinates":[[[[-73.0708,-37.6209],[-73.0741,-37.6293],[-73.0702,-37.6316],[-73.0683,-37.6353],[-73.0641,-37.6349],[-73.0586,-37.6402],[-73.0622,-37.6432],[-73.0648,-37.6486],[-73.0698,-37.6502],[-73.0673,-37.6571],[-73.0682,-37.6599],[-73.0783,-37.6623],[-73.0801,-37.6679],[-73.079,-37.6728],[-73.0808,-37.6768],[-73.1045,-37.6772],[-73.1036,-37.6826],[-73.1058,-37.6874],[-73.118,-37.6876],[-73.1199,-37.6852],[-73.1197,-37.6824],[-73.125,-37.6832],[-73.1266,-37.6815],[-73.1265,-37.6757],[-73.121,-37.6722],[-73.124,-37.6667],[-73.1199,-37.6652],[-73.1173,-37.6611],[-73.1249,-37.6495],[-73.1268,-37.6489],[-73.1255,-37.6474],[-73.1278,-37.6435],[-73.1265,-37.641],[-73.1314,-37.6347],[-73.1407,-37.635],[-73.153,-37.6274],[-73.1591,-37.6189],[-73.1583,-37.6132],[-73.1644,-37.6062],[-73.1761,-37.6062],[-73.1772,-37.6034],[-73.1794,-37.6057],[-73.1837,-37.606],[-73.1848,-37.602],[-73.1879,-37.6033],[-73.1907,-37.6013],[-73.1985,-37.6005],[-73.2004,-37.5971],[-73.2022,-37.599],[-73.2056,-37.5994],[-73.2109,-37.5944],[-73.2137,-37.597],[-73.2329,-37.5983],[-73.2373,-37.6012],[-73.2409,-37.6],[-73.2435,-37.6015],[-73.2475,-37.5996],[-73.2512,-37.6002],[-73.257,-37.5968],[-73.2616,-37.5967],[-73.2637,-37.5983],[-73.2698,-37.597],[-73.272,-37.5994],[-73.2745,-37.5974],[-73.2782,-37.5992],[-73.2812,-37.5974],[-73.2893,-37.5969],[-73.2921,-37.5946],[-73.3004,-37.5934],[-73.3072,-37.5956],[-73.3118,-37.5946],[-73.3207,-37.5863],[-73.3226,-37.5827],[-73.3367,-37.5823],[-73.3405,-37.5787],[-73.346,-37.5797],[-73.3505,-37.5761],[-73.3541,-37.5759],[-73.3585,-37.57],[-73.3628,-37.5675],[-73.3633,-37.564],[-73.3663,-37.564],[-73.3736,-37.56],[-73.3747,-37.5546],[-73.3778,-37.5543],[-73.3784,-37.5524],[-73.3825,-37.5506],[-73.3814,-37.5473],[-73.3876,-37.5511],[-73.3883,-37.5474],[-73.3941,-37.5496],[-73.3998,-37.5462],[-73.4008,-37.5485],[-73.3984,-37.55],[-73.4005,-37.5516],[-73.404,-37.5503],[-73.4045,-37.5464],[-73.4176,-37.5462],[-73.4262,-37.5436],[-73.4296,-37.5447],[-73.4299,-37.5503],[-73.4346,-37.551],[-73.4369,-37.5543],[-73.4331,-37.5588],[-73.4301,-37.5589],[-73.4305,-37.5602],[-73.4388,-37.559],[-73.4401,-37.5542],[-73.4452,-37.552],[-73.4419,-37.5509],[-73.4447,-37.5484],[-73.4436,-37.5464],[-73.4448,-37.543],[-73.4411,-37.5378],[-73.445,-37.5314],[-73.4404,-37.5252],[-73.444,-37.5265],[-73.4444,-37.52],[-73.4386,-37.518],[-73.439,-37.5146],[-73.4416,-37.5135],[-73.4397,-37.5105],[-73.4333,-37.5069],[-73.4339,-37.5041],[-73.4318,-37.5022],[-73.4324,-37.4964],[-73.4294,-37.4946],[-73.4296,-37.4919],[-73.4255,-37.4862],[-73.428,-37.4834],[-73.4272,-37.4781],[-73.4237,-37.4793],[-73.4187,-37.4756],[-73.4206,-37.473],[-73.4231,-37.4737],[-73.4272,-37.4709],[-73.4297,-37.4719],[-73.4354,-37.4696],[-73.4386,-37.4649],[-73.4413,-37.464],[-73.4478,-37.4622],[-73.4522,-37.4631],[-73.4566,-37.4599],[-73.4888,-37.4525],[-73.4866,-37.4456],[-73.4822,-37.4417],[-73.4827,-37.4366],[-73.4796,-37.4305],[-73.4835,-37.429],[-73.4966,-37.4298],[-73.5056,-37.4251],[-73.5051,-37.4226],[-73.5024,-37.4223],[-73.5005,-37.4199],[-73.5006,-37.4164],[-73.496,-37.4053],[-73.4978,-37.4047],[-73.4955,-37.4025],[-73.497,-37.4007],[-73.4901,-37.396],[-73.4909,-37.3918],[-73.4885,-37.3899],[-73.4866,-37.3841],[-73.4792,-37.3862],[-73.4679,-37.3852],[-73.4495,-37.379],[-73.4419,-37.3663],[-73.4413,-37.3627],[-73.4379,-37.3627],[-73.43,-37.3681],[-73.4266,-37.3676],[-73.4216,-37.3609],[-73.4198,-37.354],[-73.4151,-37.3528],[-73.4137,-37.3479],[-73.3984,-37.3287],[-73.3934,-37.3295],[-73.3966,-37.3354],[-73.3941,-37.3483],[-73.3901,-37.3559],[-73.3874,-37.3536],[-73.3876,-37.3505],[-73.3839,-37.3506],[-73.3802,-37.3464],[-73.3454,-37.3504],[-73.3396,-37.3542],[-73.3338,-37.3453],[-73.3294,-37.3455],[-73.3276,-37.3487],[-73.3226,-37.3462],[-73.323,-37.3502],[-73.3156,-37.3531],[-73.3111,-37.3591],[-73.3065,-37.3597],[-73.2994,-37.3546],[-73.2955,-37.3451],[-73.2932,-37.344],[-73.291,-37.347],[-73.2872,-37.3466],[-73.2889,-37.3452],[-73.2867,-37.3415],[-73.2885,-37.3389],[-73.2854,-37.3341],[-73.279,-37.3296],[-73.2728,-37.3402],[-73.2709,-37.3402],[-73.2702,-37.3376],[-73.2648,-37.3357],[-73.2615,-37.3368],[-73.2588,-37.3344],[-73.2504,-37.3386],[-73.2499,-37.3444],[-73.2516,-37.3459],[-73.2492,-37.3492],[-73.2452,-37.3495],[-73.2391,-37.353],[-73.2333,-37.3522],[-73.2314,-37.3556],[-73.2248,-37.3572],[-73.2214,-37.3549],[-73.2127,-37.3556],[-73.2081,-37.3541],[-73.1966,-37.3576],[-73.1913,-37.3541],[-73.1855,-37.3552],[-73.1679,-37.3532],[-73.1478,-37.3559],[-73.1446,-37.36],[-73.1409,-37.3594],[-73.1382,-37.3565],[-73.1269,-37.3557],[-73.1191,-37.3625],[-73.1157,-37.3676],[-73.1176,-37.3713],[-73.1162,-37.377],[-73.1186,-37.3805],[-73.1149,-37.3843],[-73.1188,-37.3866],[-73.1155,-37.3892],[-73.1227,-37.3935],[-73.1141,-37.4026],[-73.1199,-37.4058],[-73.126,-37.4138],[-73.1258,-37.4209],[-73.1232,-37.4215],[-73.1218,-37.428],[-73.1128,-37.4262],[-73.1025,-37.4266],[-73.1014,-37.429],[-73.0988,-37.4275],[-73.0869,-37.4277],[-73.0851,-37.4319],[-73.0864,-37.4336],[-73.0839,-37.4357],[-73.0715,-37.4371],[-73.0681,-37.4396],[-73.0609,-37.4369],[-73.0542,-37.4406],[-73.0463,-37.4399],[-73.0447,-37.4411],[-73.0448,-37.4433],[-73.0369,-37.4477],[-73.0297,-37.4441],[-73.0219,-37.447],[-73.0224,-37.4438],[-73.0189,-37.4431],[-73.0188,-37.4407],[-73.0087,-37.4401],[-73.0049,-37.4432],[-72.999,-37.4421],[-72.9916,-37.4465],[-72.9862,-37.446],[-72.9876,-37.4493],[-72.9834,-37.4504],[-72.9813,-37.4567],[-72.9843,-37.4656],[-72.9833,-37.4678],[-72.9862,-37.4687],[-72.9896,-37.4746],[-72.9966,-37.4765],[-73.0043,-37.4729],[-73.003,-37.4786],[-73.0083,-37.4824],[-73.0074,-37.4857],[-73.0138,-37.4885],[-73.0179,-37.4957],[-73.0235,-37.4989],[-73.0139,-37.5071],[-73.0139,-37.5149],[-73.0126,-37.5164],[-73.0143,-37.5228],[-73.0078,-37.5224],[-73.0041,-37.5263],[-73.0086,-37.5316],[-73.0074,-37.5399],[-73.0102,-37.5426],[-73.0095,-37.5482],[-73.017,-37.5505],[-73.0167,-37.556],[-73.014,-37.5566],[-73.0136,-37.5584],[-73.0212,-37.5604],[-73.0256,-37.5638],[-73.0282,-37.5704],[-73.0329,-37.5723],[-73.0306,-37.5784],[-73.0411,-37.5824],[-73.046,-37.587],[-73.0545,-37.5909],[-73.0548,-37.5931],[-73.0613,-37.5941],[-73.0652,-37.6002],[-73.0547,-37.6062],[-73.0539,-37.6086],[-73.0585,-37.6125],[-73.059,-37.6165],[-73.0622,-37.6177],[-73.0627,-37.6196],[-73.0701,-37.6168],[-73.0708,-37.6209]]]]}},{"type":"Feature","properties":{"comunaId":"CHL.6.1.5_1","nombre":"Lebu","provincia":"Arauco","regionGadm":"Bío-Bío","centerLat":-38.3758,"centerLon":-73.9234},"geometry":{"type":"MultiPolygon","coordinates":[[[[-73.9497,-38.3163],[-73.9397,-38.3185],[-73.9382,-38.3202],[-73.9328,-38.3204],[-73.9321,-38.3236],[-73.9297,-38.3231],[-73.9204,-38.3288],[-73.9172,-38.3335],[-73.9131,-38.3341],[-73.9126,-38.3379],[-73.9073,-38.3396],[-73.9022,-38.3441],[-73.8978,-38.353],[-73.8924,-38.3556],[-73.8883,-38.3623],[-73.8781,-38.3682],[-73.8657,-38.3689],[-73.8634,-38.3807],[-73.8662,-38.3839],[-73.868,-38.3913],[-73.8706,-38.3947],[-73.8703,-38.3972],[-73.8779,-38.4027],[-73.8815,-38.415],[-73.8851,-38.418],[-73.8875,-38.4188],[-73.8877,-38.4172],[-73.8905,-38.4189],[-73.8925,-38.4166],[-73.8977,-38.4181],[-73.9029,-38.4167],[-73.9044,-38.4193],[-73.907,-38.4182],[-73.9059,-38.4149],[-73.9171,-38.4111],[-73.9285,-38.4131],[-73.9286,-38.4171],[-73.9307,-38.419],[-73.9328,-38.4185],[-73.931,-38.4153],[-73.9316,-38.4133],[-73.9348,-38.4142],[-73.9347,-38.4173],[-73.94,-38.418],[-73.9377,-38.4154],[-73.938,-38.4167],[-73.9359,-38.4164],[-73.9353,-38.4126],[-73.9366,-38.4119],[-73.9353,-38.4095],[-73.9321,-38.4109],[-73.9296,-38.4077],[-73.9296,-38.3942],[-73.9315,-38.388],[-73.9355,-38.3834],[-73.9429,-38.3822],[-73.9451,-38.3778],[-73.9487,-38.379],[-73.9485,-38.3741],[-73.952,-38.3738],[-73.9463,-38.369],[-73.9462,-38.3579],[-73.9437,-38.3556],[-73.9477,-38.355],[-73.9458,-38.3536],[-73.9506,-38.35],[-73.9497,-38.3483],[-73.9525,-38.3493],[-73.9544,-38.3418],[-73.9499,-38.3415],[-73.9455,-38.3347],[-73.9481,-38.3274],[-73.9569,-38.3279],[-73.9562,-38.3218],[-73.9595,-38.323],[-73.9614,-38.3186],[-73.9575,-38.3161],[-73.9497,-38.3163]]],[[[-73.597,-37.4393],[-73.5938,-37.4395],[-73.5888,-37.4426],[-73.5887,-37.4472],[-73.5819,-37.4474],[-73.5799,-37.4503],[-73.5789,-37.448],[-73.5775,-37.4477],[-73.5771,-37.4496],[-73.5751,-37.449],[-73.5727,-37.4458],[-73.5703,-37.4461],[-73.5706,-37.4482],[-73.5653,-37.4478],[-73.5583,-37.4511],[-73.5526,-37.4478],[-73.5446,-37.4477],[-73.5434,-37.4502],[-73.5412,-37.4504],[-73.5387,-37.4473],[-73.5349,-37.4465],[-73.5362,-37.4447],[-73.5234,-37.439],[-73.5217,-37.4362],[-73.5229,-37.434],[-73.5218,-37.4308],[-73.5159,-37.4235],[-73.5048,-37.4219],[-73.5056,-37.4251],[-73.504,-37.4269],[-73.4966,-37.4298],[-73.4835,-37.429],[-73.4796,-37.4305],[-73.4827,-37.4366],[-73.4822,-37.4417],[-73.4866,-37.4456],[-73.4888,-37.4525],[-73.4566,-37.4599],[-73.4522,-37.4631],[-73.4478,-37.4622],[-73.4413,-37.464],[-73.4386,-37.4649],[-73.4354,-37.4696],[-73.4297,-37.4719],[-73.4272,-37.4709],[-73.4231,-37.4737],[-73.4206,-37.473],[-73.4187,-37.4756],[-73.4237,-37.4793],[-73.4272,-37.4781],[-73.428,-37.4834],[-73.4255,-37.4862],[-73.4296,-37.4919],[-73.4294,-37.4946],[-73.4324,-37.4964],[-73.4318,-37.5022],[-73.4339,-37.5041],[-73.4333,-37.5069],[-73.4397,-37.5105],[-73.4416,-37.5135],[-73.439,-37.5146],[-73.4386,-37.518],[-73.4444,-37.52],[-73.444,-37.5265],[-73.4404,-37.5252],[-73.445,-37.5314],[-73.4411,-37.5378],[-73.4448,-37.543],[-73.4436,-37.5464],[-73.4447,-37.5484],[-73.4419,-37.5509],[-73.4481,-37.5533],[-73.4491,-37.5509],[-73.4511,-37.5511],[-73.4522,-37.5555],[-73.4489,-37.5576],[-73.4521,-37.5626],[-73.4558,-37.56],[-73.4635,-37.5584],[-73.4627,-37.561],[-73.464,-37.5637],[-73.4544,-37.5713],[-73.4637,-37.5764],[-73.4631,-37.5788],[-73.4696,-37.5881],[-73.4754,-37.5901],[-73.4738,-37.5962],[-73.4761,-37.5992],[-73.479,-37.601],[-73.4906,-37.6018],[-73.4928,-37.6006],[-73.4926,-37.5961],[-73.4957,-37.5918],[-73.5023,-37.5914],[-73.504,-37.5946],[-73.5034,-37.5996],[-73.4951,-37.6036],[-73.5029,-37.6078],[-73.5025,-37.6123],[-73.506,-37.6155],[-73.5078,-37.6083],[-73.5157,-37.6047],[-73.5216,-37.598],[-73.5255,-37.5959],[-73.5267,-37.5902],[-73.5298,-37.5864],[-73.5385,-37.5825],[-73.5405,-37.5841],[-73.5361,-37.5917],[-73.5367,-37.5954],[-73.5396,-37.598],[-73.5378,-37.6014],[-73.5344,-37.6016],[-73.5346,-37.6035],[-73.5316,-37.6067],[-73.533,-37.6092],[-73.5297,-37.6117],[-73.5197,-37.6131],[-73.5169,-37.6162],[-73.5145,-37.6299],[-73.5116,-37.6311],[-73.5086,-37.6372],[-73.5074,-37.6436],[-73.5048,-37.6463],[-73.5047,-37.6517],[-73.4996,-37.6537],[-73.497,-37.6483],[-73.4934,-37.649],[-73.5044,-37.66],[-73.5194,-37.6672],[-73.5171,-37.6709],[-73.5203,-37.682],[-73.5162,-37.6823],[-73.5121,-37.686],[-73.5014,-37.6897],[-73.4998,-37.6944],[-73.5071,-37.7117],[-73.5065,-37.718],[-73.5121,-37.722],[-73.512,-37.7248],[-73.5097,-37.7252],[-73.5097,-37.7286],[-73.5139,-37.7347],[-73.5119,-37.7388],[-73.5151,-37.7483],[-73.5201,-37.7522],[-73.5208,-37.7556],[-73.5305,-37.7669],[-73.5349,-37.7772],[-73.542,-37.7775],[-73.5462,-37.7811],[-73.5461,-37.7841],[-73.5497,-37.7861],[-73.5491,-37.7899],[-73.5513,-37.7905],[-73.5501,-37.7925],[-73.5513,-37.7933],[-73.5509,-37.7994],[-73.5551,-37.8019],[-73.5551,-37.8043],[-73.5576,-37.8074],[-73.5616,-37.8099],[-73.5672,-37.8097],[-73.573,-37.8116],[-73.5785,-37.8163],[-73.5829,-37.816],[-73.5832,-37.8129],[-73.5972,-37.7944],[-73.6059,-37.7858],[-73.6069,-37.7819],[-73.6401,-37.7411],[-73.6509,-37.7326],[-73.6553,-37.7268],[-73.6587,-37.7262],[-73.6608,-37.7276],[-73.6644,-37.7261],[-73.6651,-37.7213],[-73.6566,-37.7222],[-73.6518,-37.7162],[-73.6547,-37.7109],[-73.6605,-37.7126],[-73.6635,-37.7098],[-73.6551,-37.7087],[-73.6515,-37.7009],[-73.654,-37.6959],[-73.6596,-37.6954],[-73.6598,-37.6938],[-73.6563,-37.6924],[-73.6554,-37.6901],[-73.6572,-37.6878],[-73.6611,-37.6873],[-73.6542,-37.6817],[-73.6552,-37.672],[-73.6558,-37.6695],[-73.6592,-37.6677],[-73.6586,-37.6646],[-73.6618,-37.6639],[-73.6624,-37.6593],[-73.6672,-37.6562],[-73.6643,-37.6516],[-73.6653,-37.6503],[-73.6622,-37.6477],[-73.6654,-37.644],[-73.6668,-37.6386],[-73.6736,-37.6299],[-73.6809,-37.6305],[-73.6798,-37.6254],[-73.6764,-37.6227],[-73.6779,-37.6213],[-73.6757,-37.616],[-73.6757,-37.6096],[-73.6729,-37.6068],[-73.6743,-37.6025],[-73.6684,-37.5938],[-73.6688,-37.5918],[-73.6654,-37.5931],[-73.6649,-37.5965],[-73.6558,-37.5963],[-73.6491,-37.5917],[-73.6429,-37.583],[-73.6426,-37.5803],[-73.6441,-37.5787],[-73.641,-37.5781],[-73.6401,-37.5755],[-73.6445,-37.573],[-73.6468,-37.5679],[-73.6458,-37.5638],[-73.6478,-37.5634],[-73.6481,-37.5609],[-73.6453,-37.5565],[-73.6437,-37.5556],[-73.6404,-37.5574],[-73.6378,-37.5568],[-73.6379,-37.5551],[-73.6345,-37.5536],[-73.6338,-37.5508],[-73.6302,-37.5507],[-73.6311,-37.5494],[-73.6296,-37.5486],[-73.6323,-37.5481],[-73.6334,-37.546],[-73.6307,-37.5469],[-73.6301,-37.5453],[-73.6282,-37.5471],[-73.629,-37.5451],[-73.6258,-37.5444],[-73.6259,-37.543],[-73.617,-37.5371],[-73.6139,-37.5407],[-73.602,-37.5356],[-73.5979,-37.5282],[-73.5955,-37.521],[-73.5968,-37.5127],[-73.5891,-37.5041],[-73.5895,-37.4996],[-73.594,-37.4884],[-73.5941,-37.4803],[-73.5971,-37.4735],[-73.5963,-37.4701],[-73.5912,-37.4675],[-73.5906,-37.4618],[-73.5969,-37.4435],[-73.597,-37.4393]]]]}},{"type":"Feature","properties":{"comunaId":"CHL.6.1.6_1","nombre":"LosAlamos","provincia":"Arauco","regionGadm":"Bío-Bío","centerLat":-37.6757,"centerLon":-73.3886},"geometry":{"type":"MultiPolygon","coordinates":[[[[-73.118,-37.6876],[-73.1244,-37.6895],[-73.1165,-37.6952],[-73.1141,-37.7035],[-73.1182,-37.7049],[-73.1289,-37.7166],[-73.1479,-37.7162],[-73.1572,-37.7186],[-73.1594,-37.7221],[-73.1695,-37.7239],[-73.188,-37.7219],[-73.1978,-37.7186],[-73.208,-37.7222],[-73.2149,-37.7224],[-73.217,-37.7252],[-73.2159,-37.7299],[-73.2234,-37.7404],[-73.2219,-37.745],[-73.2312,-37.7468],[-73.2409,-37.7444],[-73.2448,-37.7469],[-73.253,-37.7438],[-73.2554,-37.7447],[-73.2562,-37.7418],[-73.2655,-37.7418],[-73.2835,-37.7307],[-73.2859,-37.7272],[-73.2959,-37.7242],[-73.2972,-37.7221],[-73.3034,-37.7208],[-73.3052,-37.7187],[-73.3134,-37.718],[-73.316,-37.7159],[-73.3189,-37.7161],[-73.32,-37.7178],[-73.3221,-37.7157],[-73.3249,-37.717],[-73.3261,-37.7139],[-73.3286,-37.7124],[-73.3348,-37.7116],[-73.3417,-37.7004],[-73.3455,-37.6978],[-73.3515,-37.6972],[-73.3508,-37.6956],[-73.3525,-37.6943],[-73.3569,-37.6947],[-73.3608,-37.6928],[-73.3633,-37.6939],[-73.3662,-37.692],[-73.3665,-37.6948],[-73.3701,-37.6952],[-73.3704,-37.6975],[-73.374,-37.6969],[-73.3742,-37.7],[-73.376,-37.7013],[-73.376,-37.7064],[-73.371,-37.7069],[-73.373,-37.7118],[-73.3779,-37.7081],[-73.3884,-37.7101],[-73.3909,-37.7028],[-73.3892,-37.697],[-73.3902,-37.6962],[-73.3953,-37.7019],[-73.3997,-37.7102],[-73.4051,-37.7144],[-73.4046,-37.7162],[-73.4129,-37.7054],[-73.4218,-37.7085],[-73.4253,-37.7077],[-73.4279,-37.7114],[-73.4303,-37.7107],[-73.4341,-37.7144],[-73.4416,-37.7323],[-73.4426,-37.7388],[-73.448,-37.7416],[-73.4508,-37.7453],[-73.4518,-37.7502],[-73.4561,-37.7523],[-73.459,-37.7573],[-73.4594,-37.7628],[-73.4642,-37.7679],[-73.4661,-37.773],[-73.4654,-37.776],[-73.4707,-37.7789],[-73.47,-37.7814],[-73.4683,-37.7816],[-73.4683,-37.7839],[-73.4714,-37.7885],[-73.4756,-37.79],[-73.4762,-37.7927],[-73.4746,-37.7966],[-73.476,-37.7982],[-73.4744,-37.8005],[-73.4759,-37.8083],[-73.4838,-37.8147],[-73.4894,-37.8277],[-73.4939,-37.8325],[-73.4928,-37.8342],[-73.4948,-37.8353],[-73.4961,-37.8393],[-73.5055,-37.8459],[-73.5107,-37.8468],[-73.5148,-37.8447],[-73.5166,-37.8455],[-73.5178,-37.8464],[-73.5166,-37.8487],[-73.5183,-37.8537],[-73.5204,-37.8528],[-73.5268,-37.8542],[-73.5284,-37.8588],[-73.5329,-37.8587],[-73.532,-37.8621],[-73.5393,-37.8619],[-73.5405,-37.8659],[-73.5396,-37.8706],[-73.5453,-37.8698],[-73.5596,-37.8469],[-73.5817,-37.8163],[-73.5774,-37.816],[-73.5728,-37.8115],[-73.5672,-37.8097],[-73.5616,-37.8099],[-73.5576,-37.8074],[-73.5551,-37.8043],[-73.5551,-37.8019],[-73.5509,-37.7994],[-73.5513,-37.7933],[-73.5501,-37.7925],[-73.5513,-37.7905],[-73.5491,-37.7899],[-73.5497,-37.7861],[-73.5461,-37.7841],[-73.5462,-37.7811],[-73.542,-37.7775],[-73.5349,-37.7772],[-73.5305,-37.7669],[-73.5208,-37.7556],[-73.5201,-37.7522],[-73.5151,-37.7483],[-73.5119,-37.7388],[-73.5139,-37.7347],[-73.5097,-37.7286],[-73.5097,-37.7252],[-73.512,-37.7248],[-73.5121,-37.722],[-73.5065,-37.718],[-73.5071,-37.7117],[-73.4998,-37.6944],[-73.5014,-37.6897],[-73.5121,-37.686],[-73.5162,-37.6823],[-73.5203,-37.682],[-73.5171,-37.6709],[-73.5194,-37.6672],[-73.5044,-37.66],[-73.4934,-37.649],[-73.497,-37.6483],[-73.4996,-37.6537],[-73.5047,-37.6517],[-73.5048,-37.6463],[-73.5074,-37.6436],[-73.5086,-37.6372],[-73.5116,-37.6311],[-73.5145,-37.6299],[-73.5169,-37.6162],[-73.5197,-37.6131],[-73.5297,-37.6117],[-73.533,-37.6092],[-73.5316,-37.6067],[-73.5346,-37.6035],[-73.5344,-37.6016],[-73.5378,-37.6014],[-73.5396,-37.598],[-73.5367,-37.5954],[-73.5361,-37.5917],[-73.5405,-37.5841],[-73.5385,-37.5825],[-73.5298,-37.5864],[-73.5267,-37.5902],[-73.5255,-37.5959],[-73.5216,-37.598],[-73.5157,-37.6047],[-73.5078,-37.6083],[-73.5075,-37.6128],[-73.5055,-37.6154],[-73.5025,-37.6123],[-73.5031,-37.608],[-73.4951,-37.6036],[-73.5034,-37.5996],[-73.504,-37.5946],[-73.5023,-37.5914],[-73.4957,-37.5918],[-73.4926,-37.5961],[-73.4928,-37.6006],[-73.4916,-37.6014],[-73.4782,-37.6006],[-73.474,-37.5968],[-73.4754,-37.5901],[-73.4696,-37.5881],[-73.4631,-37.5788],[-73.4637,-37.5764],[-73.4544,-37.5713],[-73.464,-37.5637],[-73.4627,-37.5614],[-73.4634,-37.5582],[-73.4558,-37.56],[-73.4521,-37.5626],[-73.4489,-37.558],[-73.4522,-37.5555],[-73.45,-37.5507],[-73.4488,-37.5532],[-73.4452,-37.552],[-73.4425,-37.5542],[-73.4404,-37.554],[-73.4388,-37.559],[-73.4307,-37.5604],[-73.4301,-37.5589],[-73.4331,-37.5588],[-73.4369,-37.5543],[-73.4346,-37.551],[-73.4299,-37.5503],[-73.4296,-37.5447],[-73.4262,-37.5436],[-73.4176,-37.5462],[-73.4045,-37.5464],[-73.404,-37.5503],[-73.4005,-37.5516],[-73.3984,-37.55],[-73.4008,-37.5485],[-73.3998,-37.5462],[-73.3941,-37.5496],[-73.3883,-37.5474],[-73.3876,-37.5511],[-73.381,-37.5474],[-73.3825,-37.5506],[-73.3784,-37.5524],[-73.3778,-37.5543],[-73.3747,-37.5546],[-73.3736,-37.56],[-73.3663,-37.564],[-73.3633,-37.564],[-73.3628,-37.5675],[-73.3585,-37.57],[-73.3541,-37.5759],[-73.3505,-37.5761],[-73.346,-37.5797],[-73.3405,-37.5787],[-73.3367,-37.5823],[-73.3226,-37.5827],[-73.3207,-37.5863],[-73.3118,-37.5946],[-73.3072,-37.5956],[-73.3004,-37.5934],[-73.2921,-37.5946],[-73.2893,-37.5969],[-73.2812,-37.5974],[-73.2782,-37.5992],[-73.2745,-37.5974],[-73.272,-37.5994],[-73.2698,-37.597],[-73.2637,-37.5983],[-73.2616,-37.5967],[-73.257,-37.5968],[-73.2512,-37.6002],[-73.2475,-37.5996],[-73.2435,-37.6015],[-73.2409,-37.6],[-73.2373,-37.6012],[-73.2329,-37.5983],[-73.2137,-37.597],[-73.2109,-37.5944],[-73.2056,-37.5994],[-73.2022,-37.599],[-73.2004,-37.5971],[-73.1985,-37.6005],[-73.1907,-37.6013],[-73.1879,-37.6033],[-73.1848,-37.602],[-73.1837,-37.606],[-73.1794,-37.6057],[-73.1772,-37.6034],[-73.1761,-37.6062],[-73.1644,-37.6062],[-73.1583,-37.6132],[-73.1591,-37.6189],[-73.153,-37.6274],[-73.1407,-37.635],[-73.1314,-37.6347],[-73.1265,-37.641],[-73.1278,-37.6435],[-73.1255,-37.6474],[-73.1268,-37.6489],[-73.1249,-37.6495],[-73.1173,-37.6611],[-73.1199,-37.6652],[-73.124,-37.6667],[-73.121,-37.6722],[-73.1265,-37.6757],[-73.1266,-37.6815],[-73.125,-37.6832],[-73.1197,-37.6824],[-73.1199,-37.6852],[-73.118,-37.6876]]]]}},{"type":"Feature","properties":{"comunaId":"CHL.6.1.7_1","nombre":"Tirúa","provincia":"Arauco","regionGadm":"Bío-Bío","centerLat":-38.3344,"centerLon":-73.3964},"geometry":{"type":"MultiPolygon","coordinates":[[[[-73.2858,-38.458],[-73.2835,-38.4645],[-73.2746,-38.4685],[-73.2767,-38.4748],[-73.2735,-38.4816],[-73.2746,-38.4901],[-73.2803,-38.4889],[-73.2883,-38.4913],[-73.296,-38.4905],[-73.3047,-38.4925],[-73.3103,-38.491],[-73.3136,-38.4864],[-73.3224,-38.4806],[-73.3229,-38.467],[-73.3167,-38.4627],[-73.314,-38.4574],[-73.3194,-38.4447],[-73.3204,-38.4376],[-73.3353,-38.4281],[-73.3374,-38.4234],[-73.3435,-38.4195],[-73.3431,-38.4176],[-73.3481,-38.414],[-73.3486,-38.4116],[-73.3545,-38.4102],[-73.3565,-38.4068],[-73.3609,-38.4046],[-73.363,-38.4059],[-73.3652,-38.4035],[-73.3786,-38.4037],[-73.3824,-38.4011],[-73.3826,-38.3987],[-73.3859,-38.3996],[-73.3834,-38.4013],[-73.3887,-38.4029],[-73.3887,-38.4054],[-73.3869,-38.4061],[-73.3895,-38.41],[-73.3944,-38.4126],[-73.3963,-38.4122],[-73.3983,-38.4145],[-73.4041,-38.4157],[-73.4047,-38.4177],[-73.4093,-38.4203],[-73.4172,-38.421],[-73.4167,-38.4235],[-73.4201,-38.4254],[-73.4214,-38.4304],[-73.4308,-38.4313],[-73.4331,-38.4346],[-73.4319,-38.4358],[-73.433,-38.4439],[-73.438,-38.4495],[-73.4477,-38.4502],[-73.4537,-38.4531],[-73.4645,-38.4538],[-73.4695,-38.4561],[-73.4735,-38.4606],[-73.4715,-38.4656],[-73.4742,-38.4671],[-73.4738,-38.4731],[-73.4886,-38.4735],[-73.4943,-38.4721],[-73.4971,-38.4805],[-73.5035,-38.4843],[-73.5173,-38.4812],[-73.5179,-38.4758],[-73.5215,-38.4722],[-73.5194,-38.4677],[-73.5245,-38.4624],[-73.5236,-38.4597],[-73.5258,-38.4582],[-73.522,-38.4522],[-73.5247,-38.4476],[-73.5213,-38.4448],[-73.522,-38.4412],[-73.5237,-38.4408],[-73.5249,-38.4378],[-73.5227,-38.4361],[-73.5239,-38.4304],[-73.5275,-38.426],[-73.5226,-38.4204],[-73.5257,-38.4127],[-73.5234,-38.406],[-73.528,-38.3997],[-73.5269,-38.392],[-73.5295,-38.3873],[-73.5234,-38.3808],[-73.5152,-38.3769],[-73.5074,-38.3678],[-73.5068,-38.3537],[-73.5096,-38.3465],[-73.5063,-38.3407],[-73.5021,-38.3407],[-73.499,-38.3384],[-73.4966,-38.3273],[-73.4948,-38.3268],[-73.4963,-38.3261],[-73.4958,-38.324],[-73.5008,-38.3104],[-73.5073,-38.3026],[-73.5054,-38.3005],[-73.5059,-38.2972],[-73.5132,-38.2871],[-73.5125,-38.2848],[-73.5142,-38.2799],[-73.5128,-38.2779],[-73.5143,-38.2768],[-73.5152,-38.2709],[-73.5123,-38.2672],[-73.5141,-38.2609],[-73.5122,-38.2597],[-73.5104,-38.255],[-73.5058,-38.2537],[-73.5026,-38.2498],[-73.4928,-38.244],[-73.4935,-38.2429],[-73.491,-38.2421],[-73.4911,-38.2465],[-73.4895,-38.2485],[-73.4869,-38.2463],[-73.4789,-38.2439],[-73.4737,-38.2396],[-73.4706,-38.2313],[-73.4674,-38.2293],[-73.4686,-38.2285],[-73.4636,-38.2173],[-73.4599,-38.2022],[-73.4526,-38.1459],[-73.4521,-38.1163],[-73.4491,-38.1175],[-73.4485,-38.1147],[-73.447,-38.1147],[-73.4451,-38.1241],[-73.4467,-38.1287],[-73.4415,-38.131],[-73.4343,-38.1268],[-73.4358,-38.124],[-73.4341,-38.1221],[-73.4268,-38.1277],[-73.4207,-38.1249],[-73.4183,-38.1148],[-73.4144,-38.1132],[-73.412,-38.1153],[-73.4048,-38.1132],[-73.3959,-38.1155],[-73.3936,-38.1182],[-73.3894,-38.1173],[-73.3889,-38.1195],[-73.385,-38.1217],[-73.3805,-38.1274],[-73.3771,-38.1287],[-73.3717,-38.1274],[-73.3541,-38.1179],[-73.3275,-38.1169],[-73.3188,-38.1326],[-73.3171,-38.1401],[-73.3257,-38.1603],[-73.3267,-38.1655],[-73.3253,-38.1692],[-73.3204,-38.1723],[-73.3163,-38.1782],[-73.3073,-38.1839],[-73.2939,-38.2015],[-73.2785,-38.2029],[-73.2514,-38.2159],[-73.2481,-38.2267],[-73.2434,-38.23],[-73.2442,-38.2328],[-73.2425,-38.2374],[-73.2402,-38.2379],[-73.2375,-38.242],[-73.2329,-38.2433],[-73.2462,-38.2528],[-73.2539,-38.2538],[-73.2571,-38.2593],[-73.2554,-38.2665],[-73.2611,-38.2714],[-73.2611,-38.2736],[-73.2635,-38.2736],[-73.2725,-38.2787],[-73.2785,-38.2842],[-73.2826,-38.2918],[-73.2855,-38.2929],[-73.2771,-38.2974],[-73.2799,-38.2981],[-73.2827,-38.3052],[-73.3068,-38.3217],[-73.3236,-38.3363],[-73.3411,-38.3656],[-73.3374,-38.3693],[-73.33,-38.3687],[-73.3193,-38.3735],[-73.3092,-38.3739],[-73.3076,-38.3753],[-73.3089,-38.381],[-73.3012,-38.3831],[-73.3037,-38.3948],[-73.3101,-38.4052],[-73.309,-38.4118],[-73.3059,-38.4153],[-73.3001,-38.4169],[-73.3013,-38.4205],[-73.2997,-38.4229],[-73.2867,-38.4249],[-73.2815,-38.4297],[-73.2797,-38.4339],[-73.2744,-38.4338],[-73.2722,-38.4354],[-73.2727,-38.4398],[-73.2833,-38.4458],[-73.2884,-38.4509],[-73.2858,-38.458]]]]}},{"type":"Feature","properties":{"comunaId":"CHL.6.2.1_1","nombre":"AltoBiobío","provincia":"Bío-Bío","regionGadm":"Bío-Bío","centerLat":-37.8731,"centerLon":-71.3315},"geometry":{"type":"MultiPolygon","coordinates":[[[[-71.0674,-37.9777],[-71.0682,-37.9875],[-71.0652,-37.9923],[-71.0586,-37.994],[-71.0513,-37.9917],[-71.054,-37.9986],[-71.0605,-38.0015],[-71.0584,-38.0093],[-71.064,-38.0172],[-71.0587,-38.02],[-71.0572,-38.0235],[-71.0525,-38.025],[-71.0518,-38.0271],[-71.0507,-38.0351],[-71.0527,-38.0422],[-71.0561,-38.0437],[-71.0557,-38.0446],[-71.0508,-38.0474],[-71.0463,-38.0549],[-71.0391,-38.0553],[-71.0265,-38.0618],[-71.0152,-38.0729],[-71.0153,-38.0765],[-71.0136,-38.0791],[-70.9921,-38.0834],[-70.989,-38.0879],[-70.9833,-38.1052],[-70.9906,-38.1109],[-70.9999,-38.1112],[-71.0097,-38.1137],[-71.0239,-38.1129],[-71.0371,-38.1174],[-71.0365,-38.1192],[-71.0392,-38.1216],[-71.045,-38.1223],[-71.0618,-38.1088],[-71.0725,-38.1027],[-71.0853,-38.0896],[-71.0959,-38.095],[-71.1094,-38.0916],[-71.1137,-38.0939],[-71.1165,-38.1021],[-71.1202,-38.1056],[-71.135,-38.1022],[-71.1451,-38.1094],[-71.1529,-38.1107],[-71.1632,-38.1114],[-71.1709,-38.1091],[-71.1802,-38.1005],[-71.1858,-38.1012],[-71.1922,-38.1058],[-71.1972,-38.1019],[-71.2044,-38.1033],[-71.2088,-38.1005],[-71.2264,-38.103],[-71.2271,-38.1006],[-71.2381,-38.098],[-71.2588,-38.0971],[-71.2652,-38.0982],[-71.2688,-38.1057],[-71.2745,-38.1053],[-71.2829,-38.1104],[-71.289,-38.1084],[-71.2957,-38.1084],[-71.2977,-38.0962],[-71.3025,-38.0904],[-71.3347,-38.0899],[-71.3416,-38.0914],[-71.346,-38.0887],[-71.3465,-38.0862],[-71.3546,-38.0842],[-71.3677,-38.0896],[-71.3709,-38.0889],[-71.3741,-38.0854],[-71.3779,-38.0855],[-71.3917,-38.0973],[-71.4008,-38.1014],[-71.4085,-38.107],[-71.4131,-38.1073],[-71.4164,-38.1055],[-71.4147,-38.1017],[-71.4167,-38.0984],[-71.4168,-38.0937],[-71.4228,-38.0876],[-71.4236,-38.082],[-71.428,-38.0758],[-71.4284,-38.0711],[-71.4367,-38.0691],[-71.4413,-38.0658],[-71.4391,-38.0582],[-71.4455,-38.0561],[-71.4523,-38.0478],[-71.4703,-38.0482],[-71.4788,-38.0438],[-71.4819,-38.0331],[-71.4787,-38.0312],[-71.4783,-38.029],[-71.4806,-38.0138],[-71.4797,-38.0104],[-71.4839,-38.0038],[-71.4884,-38.0017],[-71.4965,-38.0087],[-71.5,-38.0084],[-71.5015,-38.0051],[-71.5109,-38.0022],[-71.5233,-37.9917],[-71.5373,-37.9882],[-71.5423,-37.9895],[-71.5459,-37.9863],[-71.5519,-37.984],[-71.554,-37.9743],[-71.5674,-37.9672],[-71.5658,-37.9613],[-71.5704,-37.9538],[-71.5716,-37.9434],[-71.5679,-37.9343],[-71.5683,-37.9317],[-71.5853,-37.9254],[-71.5969,-37.9289],[-71.605,-37.9276],[-71.6017,-37.9248],[-71.6025,-37.9212],[-71.6003,-37.9195],[-71.5999,-37.9167],[-71.6009,-37.9143],[-71.6079,-37.915],[-71.613,-37.91],[-71.6259,-37.9052],[-71.634,-37.8916],[-71.6401,-37.891],[-71.6457,-37.8876],[-71.657,-37.8707],[-71.6687,-37.8706],[-71.6731,-37.8691],[-71.676,-37.8635],[-71.6709,-37.8615],[-71.6717,-37.8583],[-71.6822,-37.8456],[-71.6904,-37.8426],[-71.6913,-37.8394],[-71.69,-37.8372],[-71.6807,-37.8332],[-71.6778,-37.8291],[-71.6804,-37.8217],[-71.6744,-37.8119],[-71.6766,-37.8089],[-71.6794,-37.8089],[-71.6798,-37.8085],[-71.6808,-37.8075],[-71.6784,-37.8077],[-71.6732,-37.8049],[-71.665,-37.7948],[-71.6589,-37.7778],[-71.6542,-37.7743],[-71.6584,-37.7667],[-71.6468,-37.7632],[-71.6364,-37.7705],[-71.6233,-37.7702],[-71.6109,-37.7639],[-71.6045,-37.7554],[-71.5996,-37.7538],[-71.6023,-37.7458],[-71.6011,-37.7428],[-71.6032,-37.7369],[-71.6117,-37.7343],[-71.6129,-37.7309],[-71.6033,-37.7252],[-71.6025,-37.7146],[-71.5935,-37.7052],[-71.5855,-37.6832],[-71.5826,-37.6805],[-71.572,-37.677],[-71.5667,-37.6802],[-71.5588,-37.6796],[-71.5464,-37.6873],[-71.5407,-37.6826],[-71.5248,-37.6769],[-71.5214,-37.671],[-71.5238,-37.6634],[-71.5164,-37.6589],[-71.5159,-37.6528],[-71.5058,-37.6479],[-71.5008,-37.6473],[-71.4997,-37.6414],[-71.4967,-37.6396],[-71.4906,-37.6393],[-71.4768,-37.6459],[-71.4725,-37.646],[-71.4598,-37.6422],[-71.4582,-37.6376],[-71.45,-37.6325],[-71.4337,-37.6325],[-71.4283,-37.629],[-71.4161,-37.6269],[-71.406,-37.6333],[-71.3847,-37.6336],[-71.3806,-37.6272],[-71.3822,-37.6234],[-71.3871,-37.6223],[-71.3889,-37.6184],[-71.3864,-37.6138],[-71.3883,-37.61],[-71.387,-37.6074],[-71.388,-37.5981],[-71.3909,-37.5944],[-71.389,-37.585],[-71.3911,-37.579],[-71.3891,-37.5748],[-71.3816,-37.5652],[-71.3598,-37.5682],[-71.3542,-37.5641],[-71.3559,-37.5608],[-71.3527,-37.5579],[-71.3519,-37.5549],[-71.3314,-37.5481],[-71.3229,-37.554],[-71.3209,-37.5599],[-71.3157,-37.5619],[-71.3142,-37.5665],[-71.299,-37.5744],[-71.2956,-37.578],[-71.2818,-37.5863],[-71.2813,-37.5931],[-71.2783,-37.5985],[-71.2793,-37.6056],[-71.2669,-37.6082],[-71.2614,-37.6138],[-71.2605,-37.6164],[-71.2623,-37.6204],[-71.2562,-37.6316],[-71.2564,-37.6349],[-71.2532,-37.6414],[-71.2471,-37.6439],[-71.243,-37.6584],[-71.2322,-37.6535],[-71.2292,-37.6541],[-71.2234,-37.6591],[-71.2006,-37.6544],[-71.1989,-37.6645],[-71.2003,-37.6699],[-71.2112,-37.6881],[-71.2093,-37.6922],[-71.2093,-37.6984],[-71.1945,-37.71],[-71.1883,-37.7126],[-71.1892,-37.7228],[-71.1848,-37.7269],[-71.185,-37.7342],[-71.1831,-37.7371],[-71.1781,-37.7413],[-71.1661,-37.7475],[-71.1623,-37.7551],[-71.1557,-37.757],[-71.158,-37.7655],[-71.1565,-37.7709],[-71.1707,-37.7805],[-71.1666,-37.7875],[-71.1585,-37.7902],[-71.1565,-37.7963],[-71.1516,-37.8026],[-71.1531,-37.8099],[-71.1394,-37.8169],[-71.1281,-37.8177],[-71.1255,-37.8219],[-71.1303,-37.8324],[-71.1399,-37.8369],[-71.1518,-37.8375],[-71.1592,-37.8399],[-71.1623,-37.8499],[-71.1658,-37.854],[-71.1721,-37.8572],[-71.1817,-37.8558],[-71.1834,-37.8584],[-71.1701,-37.862],[-71.1582,-37.8577],[-71.1408,-37.8592],[-71.1343,-37.8634],[-71.1315,-37.8686],[-71.1274,-37.8713],[-71.1256,-37.8788],[-71.1167,-37.8861],[-71.1072,-37.8911],[-71.1081,-37.8953],[-71.1058,-37.9005],[-71.0993,-37.9017],[-71.1064,-37.9073],[-71.1106,-37.9185],[-71.1139,-37.9203],[-71.1101,-37.9232],[-71.1108,-37.9276],[-71.1086,-37.9297],[-71.1081,-37.9334],[-71.1087,-37.9386],[-71.1124,-37.9434],[-71.1142,-37.9517],[-71.104,-37.9543],[-71.0918,-37.9646],[-71.0888,-37.9633],[-71.0777,-37.9636],[-71.0618,-37.9705],[-71.0674,-37.9777]]]]}},{"type":"Feature","properties":{"comunaId":"CHL.6.2.2_1","nombre":"Antuco","provincia":"Bío-Bío","regionGadm":"Bío-Bío","centerLat":-37.3078,"centerLon":-71.4228},"geometry":{"type":"MultiPolygon","coordinates":[[[[-71.0962,-37.1096],[-71.0925,-37.1149],[-71.0927,-37.1208],[-71.0957,-37.1256],[-71.102,-37.1278],[-71.1091,-37.1335],[-71.1239,-37.1352],[-71.1263,-37.1392],[-71.1345,-37.1423],[-71.1334,-37.1443],[-71.1354,-37.1468],[-71.1358,-37.1631],[-71.1282,-37.1766],[-71.1267,-37.1907],[-71.118,-37.1979],[-71.1144,-37.2041],[-71.1149,-37.2067],[-71.1215,-37.212],[-71.1412,-37.2201],[-71.1491,-37.2204],[-71.1644,-37.2257],[-71.1697,-37.2251],[-71.1641,-37.2294],[-71.1575,-37.2302],[-71.1555,-37.234],[-71.1623,-37.2469],[-71.1721,-37.2521],[-71.1741,-37.2604],[-71.1791,-37.2584],[-71.1847,-37.2596],[-71.1841,-37.2678],[-71.1865,-37.2695],[-71.1874,-37.2763],[-71.2138,-37.2723],[-71.2179,-37.2726],[-71.2207,-37.2749],[-71.2156,-37.2794],[-71.2146,-37.2839],[-71.2173,-37.2941],[-71.2164,-37.3038],[-71.2108,-37.3098],[-71.2106,-37.3169],[-71.2068,-37.3193],[-71.2072,-37.3259],[-71.2055,-37.3317],[-71.2079,-37.3384],[-71.1952,-37.3427],[-71.1935,-37.3502],[-71.1879,-37.3528],[-71.1864,-37.3558],[-71.1909,-37.3623],[-71.2019,-37.3655],[-71.1982,-37.3738],[-71.1993,-37.3812],[-71.1965,-37.3845],[-71.1907,-37.3854],[-71.1881,-37.393],[-71.1819,-37.3961],[-71.164,-37.3994],[-71.1585,-37.3968],[-71.1518,-37.4022],[-71.1506,-37.4145],[-71.1488,-37.421],[-71.1459,-37.4249],[-71.1474,-37.4295],[-71.1438,-37.4324],[-71.1412,-37.4421],[-71.1385,-37.4449],[-71.1291,-37.4477],[-71.1267,-37.4519],[-71.12,-37.4576],[-71.1185,-37.4691],[-71.1206,-37.4736],[-71.1199,-37.4862],[-71.1175,-37.4887],[-71.118,-37.4915],[-71.1241,-37.4967],[-71.1226,-37.5047],[-71.1281,-37.5105],[-71.1326,-37.5292],[-71.1436,-37.5358],[-71.1485,-37.5368],[-71.1499,-37.5393],[-71.147,-37.5423],[-71.1371,-37.5459],[-71.1363,-37.55],[-71.1332,-37.5524],[-71.1335,-37.5636],[-71.1313,-37.5686],[-71.1275,-37.5697],[-71.1259,-37.5814],[-71.1277,-37.5872],[-71.1337,-37.5917],[-71.1373,-37.5991],[-71.1469,-37.6091],[-71.1627,-37.614],[-71.1702,-37.6118],[-71.1766,-37.615],[-71.192,-37.6292],[-71.1939,-37.6364],[-71.1985,-37.6445],[-71.2073,-37.6483],[-71.2011,-37.6518],[-71.2005,-37.6543],[-71.2036,-37.6553],[-71.2234,-37.6591],[-71.2305,-37.6534],[-71.243,-37.6584],[-71.2471,-37.6439],[-71.2532,-37.6414],[-71.2564,-37.6349],[-71.2562,-37.6316],[-71.2623,-37.6204],[-71.2605,-37.6164],[-71.2614,-37.6138],[-71.2669,-37.6082],[-71.2793,-37.6056],[-71.2783,-37.5985],[-71.2813,-37.5931],[-71.2818,-37.5863],[-71.2956,-37.578],[-71.299,-37.5744],[-71.3142,-37.5665],[-71.3157,-37.5619],[-71.3209,-37.5599],[-71.3229,-37.554],[-71.331,-37.5482],[-71.344,-37.552],[-71.3468,-37.5543],[-71.3524,-37.5546],[-71.353,-37.5482],[-71.3594,-37.5427],[-71.3612,-37.5376],[-71.3728,-37.5325],[-71.3774,-37.5276],[-71.3792,-37.5231],[-71.3846,-37.5213],[-71.3868,-37.5161],[-71.3937,-37.5148],[-71.3941,-37.5053],[-71.3926,-37.5023],[-71.3966,-37.4977],[-71.3976,-37.493],[-71.402,-37.4907],[-71.4075,-37.4809],[-71.4083,-37.4722],[-71.4138,-37.4683],[-71.4161,-37.4622],[-71.4224,-37.4611],[-71.4274,-37.4636],[-71.4426,-37.4634],[-71.4554,-37.4704],[-71.4714,-37.4731],[-71.464,-37.4666],[-71.477,-37.4631],[-71.4867,-37.456],[-71.5027,-37.4543],[-71.5099,-37.4574],[-71.5171,-37.4552],[-71.5224,-37.459],[-71.5309,-37.4611],[-71.5492,-37.4615],[-71.5584,-37.4674],[-71.5669,-37.4699],[-71.571,-37.4683],[-71.5729,-37.4657],[-71.577,-37.4663],[-71.5795,-37.4639],[-71.5796,-37.4618],[-71.5843,-37.4592],[-71.5862,-37.4559],[-71.601,-37.4469],[-71.611,-37.4328],[-71.6141,-37.4318],[-71.6176,-37.4199],[-71.6248,-37.4176],[-71.6318,-37.4108],[-71.6395,-37.4084],[-71.6418,-37.4035],[-71.647,-37.404],[-71.6498,-37.4],[-71.652,-37.4001],[-71.6647,-37.3927],[-71.6668,-37.3946],[-71.6686,-37.3893],[-71.6785,-37.3885],[-71.6894,-37.3903],[-71.7041,-37.3821],[-71.7089,-37.3819],[-71.7128,-37.3792],[-71.7222,-37.3799],[-71.7272,-37.3787],[-71.7359,-37.3735],[-71.7524,-37.3718],[-71.7607,-37.3657],[-71.7637,-37.3613],[-71.7726,-37.3581],[-71.7772,-37.3587],[-71.7827,-37.3561],[-71.7888,-37.3562],[-71.7913,-37.3439],[-71.795,-37.3443],[-71.8016,-37.342],[-71.8128,-37.3427],[-71.8156,-37.3444],[-71.8245,-37.3433],[-71.8462,-37.3491],[-71.8485,-37.3516],[-71.8549,-37.3519],[-71.8722,-37.3575],[-71.8833,-37.3541],[-71.8856,-37.3518],[-71.8929,-37.3507],[-71.9009,-37.3536],[-71.9071,-37.3538],[-71.9217,-37.3505],[-71.9244,-37.3486],[-71.9144,-37.3511],[-71.9098,-37.3505],[-71.9087,-37.3478],[-71.8976,-37.3455],[-71.8953,-37.3419],[-71.8782,-37.3312],[-71.8727,-37.3327],[-71.8662,-37.3311],[-71.8583,-37.3343],[-71.8524,-37.3343],[-71.8432,-37.3293],[-71.818,-37.3286],[-71.8108,-37.3252],[-71.8007,-37.3253],[-71.789,-37.33],[-71.7825,-37.3286],[-71.774,-37.324],[-71.7655,-37.3229],[-71.7606,-37.3243],[-71.7527,-37.3209],[-71.7472,-37.3221],[-71.7411,-37.3206],[-71.7351,-37.3229],[-71.7268,-37.3201],[-71.7223,-37.3212],[-71.719,-37.3189],[-71.7143,-37.3206],[-71.7093,-37.3195],[-71.7044,-37.3154],[-71.6862,-37.3168],[-71.6811,-37.3131],[-71.6719,-37.3103],[-71.6669,-37.3122],[-71.6556,-37.3114],[-71.6529,-37.3093],[-71.6353,-37.31],[-71.631,-37.3137],[-71.6208,-37.3179],[-71.615,-37.3163],[-71.6113,-37.3194],[-71.6066,-37.3183],[-71.6016,-37.3199],[-71.5973,-37.3165],[-71.5888,-37.3163],[-71.5761,-37.3189],[-71.5722,-37.3215],[-71.57,-37.3203],[-71.5674,-37.3212],[-71.5633,-37.3162],[-71.5609,-37.3178],[-71.548,-37.3162],[-71.5482,-37.3134],[-71.5458,-37.3121],[-71.545,-37.3097],[-71.5375,-37.3152],[-71.5339,-37.3135],[-71.5289,-37.3142],[-71.5238,-37.3109],[-71.5158,-37.2988],[-71.5143,-37.2921],[-71.5113,-37.2882],[-71.5112,-37.2657],[-71.5089,-37.2598],[-71.5105,-37.2532],[-71.5181,-37.2486],[-71.5231,-37.2368],[-71.5219,-37.233],[-71.515,-37.2285],[-71.5113,-37.2215],[-71.5122,-37.2095],[-71.509,-37.2062],[-71.5104,-37.2029],[-71.5066,-37.1952],[-71.5086,-37.1854],[-71.5075,-37.1755],[-71.5098,-37.1716],[-71.5138,-37.1485],[-71.5092,-37.1428],[-71.5053,-37.1345],[-71.4987,-37.1338],[-71.4971,-37.1305],[-71.4977,-37.1256],[-71.4864,-37.1199],[-71.4845,-37.1154],[-71.4885,-37.1055],[-71.4949,-37.0995],[-71.5026,-37.0885],[-71.5076,-37.0859],[-71.515,-37.0848],[-71.5123,-37.0751],[-71.5137,-37.0674],[-71.5187,-37.0656],[-71.5304,-37.068],[-71.5358,-37.0646],[-71.5439,-37.0628],[-71.5456,-37.0598],[-71.5409,-37.0411],[-71.5485,-37.0325],[-71.5489,-37.0235],[-71.5517,-37.0196],[-71.5447,-37.0173],[-71.5401,-37.0114],[-71.5359,-37.0091],[-71.5086,-37.0047],[-71.5076,-37.0065],[-71.4964,-37.0093],[-71.493,-37.0123],[-71.4918,-37.0159],[-71.4874,-37.0153],[-71.4805,-37.0194],[-71.4798,-37.023],[-71.4743,-37.0293],[-71.474,-37.0353],[-71.4675,-37.0414],[-71.4614,-37.0436],[-71.4637,-37.0494],[-71.4614,-37.0534],[-71.4613,-37.0573],[-71.4595,-37.0566],[-71.4614,-37.0603],[-71.4588,-37.0609],[-71.4586,-37.0662],[-71.4563,-37.0661],[-71.4543,-37.0684],[-71.4522,-37.0673],[-71.4457,-37.0728],[-71.4335,-37.0718],[-71.4294,-37.0757],[-71.4228,-37.0756],[-71.4218,-37.0786],[-71.4172,-37.0782],[-71.4153,-37.0813],[-71.4114,-37.0828],[-71.4101,-37.0903],[-71.4068,-37.0883],[-71.4057,-37.0848],[-71.4001,-37.0836],[-71.3958,-37.0796],[-71.3946,-37.0765],[-71.3971,-37.0729],[-71.3944,-37.0719],[-71.394,-37.0691],[-71.3841,-37.0671],[-71.3773,-37.0691],[-71.3677,-37.0686],[-71.3662,-37.0709],[-71.3601,-37.0719],[-71.3548,-37.0761],[-71.329,-37.0773],[-71.3274,-37.0797],[-71.3228,-37.0809],[-71.3182,-37.0891],[-71.3159,-37.0897],[-71.3128,-37.0936],[-71.3103,-37.0939],[-71.3077,-37.0987],[-71.3037,-37.1019],[-71.3012,-37.1031],[-71.2997,-37.1014],[-71.2872,-37.1018],[-71.2823,-37.103],[-71.2722,-37.1082],[-71.2701,-37.1115],[-71.2623,-37.1111],[-71.2587,-37.1094],[-71.249,-37.1114],[-71.2439,-37.1106],[-71.2263,-37.1035],[-71.214,-37.1029],[-71.2049,-37.1],[-71.1885,-37.0978],[-71.1865,-37.0996],[-71.1815,-37.0987],[-71.1741,-37.1064],[-71.1664,-37.1094],[-71.1618,-37.1133],[-71.1573,-37.1138],[-71.1554,-37.1161],[-71.1144,-37.1158],[-71.1048,-37.113],[-71.1016,-37.1103],[-71.0962,-37.1096]]]]}},{"type":"Feature","properties":{"comunaId":"CHL.6.2.3_1","nombre":"Cabrero","provincia":"Bío-Bío","regionGadm":"Bío-Bío","centerLat":-37.0647,"centerLon":-72.4048},"geometry":{"type":"MultiPolygon","coordinates":[[[[-72.271,-37.1955],[-72.2757,-37.2039],[-72.2805,-37.2056],[-72.2909,-37.205],[-72.3024,-37.2],[-72.3113,-37.2031],[-72.3192,-37.2108],[-72.3349,-37.2131],[-72.3487,-37.2104],[-72.3581,-37.2106],[-72.3647,-37.2119],[-72.3712,-37.2161],[-72.3815,-37.2173],[-72.3844,-37.2206],[-72.392,-37.2188],[-72.3955,-37.2201],[-72.4002,-37.2189],[-72.4044,-37.2197],[-72.4173,-37.214],[-72.4224,-37.2145],[-72.4307,-37.1844],[-72.4513,-37.1879],[-72.4418,-37.1666],[-72.4423,-37.1495],[-72.4464,-37.1488],[-72.4472,-37.1471],[-72.466,-37.1499],[-72.4705,-37.1471],[-72.4726,-37.148],[-72.4812,-37.1455],[-72.486,-37.1429],[-72.4859,-37.1401],[-72.4896,-37.1384],[-72.4981,-37.1378],[-72.5034,-37.1345],[-72.5052,-37.1353],[-72.5047,-37.1371],[-72.5072,-37.1379],[-72.5116,-37.1354],[-72.4778,-37.1223],[-72.4707,-37.1162],[-72.475,-37.1154],[-72.4764,-37.1172],[-72.4802,-37.1179],[-72.4837,-37.1167],[-72.4862,-37.1195],[-72.4867,-37.1172],[-72.4937,-37.111],[-72.4975,-37.1106],[-72.497,-37.109],[-72.4993,-37.1095],[-72.4996,-37.1051],[-72.5024,-37.1071],[-72.5045,-37.1064],[-72.5034,-37.1039],[-72.508,-37.1021],[-72.5079,-37.0999],[-72.5118,-37.1017],[-72.5134,-37.1012],[-72.513,-37.0997],[-72.5265,-37.0998],[-72.5327,-37.0979],[-72.5297,-37.0958],[-72.5228,-37.0961],[-72.514,-37.087],[-72.5108,-37.0803],[-72.5135,-37.0755],[-72.5107,-37.0696],[-72.5163,-37.0666],[-72.5153,-37.0626],[-72.5188,-37.0588],[-72.5242,-37.0589],[-72.5235,-37.0538],[-72.5271,-37.0511],[-72.5276,-37.0474],[-72.5249,-37.0389],[-72.5276,-37.0351],[-72.5279,-37.0305],[-72.5237,-37.0237],[-72.5244,-37.0176],[-72.5217,-37.0128],[-72.5226,-37.0062],[-72.52,-36.9968],[-72.5227,-36.9901],[-72.5176,-36.9832],[-72.5137,-36.9812],[-72.5133,-36.9757],[-72.5095,-36.9724],[-72.5072,-36.9667],[-72.5158,-36.9528],[-72.516,-36.9456],[-72.5174,-36.9433],[-72.5155,-36.9372],[-72.5099,-36.9327],[-72.5101,-36.9299],[-72.5141,-36.9248],[-72.5118,-36.9233],[-72.5095,-36.9031],[-72.5023,-36.8957],[-72.4823,-36.8969],[-72.4698,-36.9132],[-72.4573,-36.9048],[-72.4514,-36.9083],[-72.4612,-36.9189],[-72.4615,-36.9272],[-72.4224,-36.9261],[-72.4202,-36.931],[-72.4076,-36.9288],[-72.4067,-36.9242],[-72.4017,-36.918],[-72.3895,-36.9163],[-72.3854,-36.9119],[-72.3828,-36.9145],[-72.3753,-36.9174],[-72.3702,-36.9255],[-72.3662,-36.9381],[-72.3528,-36.939],[-72.3522,-36.9429],[-72.3483,-36.9459],[-72.3484,-36.9558],[-72.3424,-36.9669],[-72.3433,-36.9706],[-72.3317,-36.9711],[-72.326,-36.9815],[-72.3188,-36.9851],[-72.3113,-36.9829],[-72.3028,-36.9888],[-72.2925,-36.9928],[-72.2864,-36.9981],[-72.2823,-36.9989],[-72.2716,-36.9972],[-72.2611,-37.0004],[-72.2531,-37.0007],[-72.2434,-37.007],[-72.2293,-37.0091],[-72.2226,-37.0127],[-72.2193,-37.0181],[-72.2147,-37.0182],[-72.1986,-37.0246],[-72.1921,-37.0304],[-72.1922,-37.0349],[-72.187,-37.04],[-72.188,-37.0432],[-72.1822,-37.0463],[-72.1872,-37.0531],[-72.2166,-37.0754],[-72.2285,-37.0798],[-72.2271,-37.0834],[-72.2309,-37.0837],[-72.2316,-37.0809],[-72.2438,-37.0855],[-72.2432,-37.0894],[-72.2536,-37.0897],[-72.2614,-37.0926],[-72.257,-37.106],[-72.2715,-37.1205],[-72.2616,-37.1233],[-72.2653,-37.1482],[-72.2685,-37.1469],[-72.2672,-37.1487],[-72.2689,-37.1546],[-72.28,-37.1553],[-72.2744,-37.1948],[-72.271,-37.1955]]]]}},{"type":"Feature","properties":{"comunaId":"CHL.6.2.4_1","nombre":"Laja","provincia":"Bío-Bío","regionGadm":"Bío-Bío","centerLat":-37.325,"centerLon":-72.5781},"geometry":{"type":"MultiPolygon","coordinates":[[[[-72.6714,-37.3728],[-72.6789,-37.3633],[-72.6863,-37.3594],[-72.6995,-37.3571],[-72.7064,-37.349],[-72.7091,-37.3237],[-72.7219,-37.2984],[-72.7214,-37.2931],[-72.7265,-37.2787],[-72.7324,-37.2735],[-72.7192,-37.2681],[-72.7097,-37.2568],[-72.7041,-37.2537],[-72.6965,-37.2522],[-72.6881,-37.2529],[-72.6464,-37.2396],[-72.6319,-37.2324],[-72.62,-37.2298],[-72.5883,-37.229],[-72.5574,-37.2327],[-72.5514,-37.2357],[-72.5323,-37.2373],[-72.529,-37.2458],[-72.5251,-37.2472],[-72.5213,-37.2462],[-72.519,-37.2417],[-72.5163,-37.2417],[-72.5137,-37.2467],[-72.5092,-37.249],[-72.5084,-37.2519],[-72.5014,-37.2545],[-72.5003,-37.2575],[-72.5014,-37.2596],[-72.4882,-37.2656],[-72.4719,-37.2932],[-72.438,-37.3255],[-72.4325,-37.3532],[-72.4396,-37.3562],[-72.4472,-37.3557],[-72.4561,-37.3598],[-72.4721,-37.3764],[-72.4752,-37.3773],[-72.4818,-37.3878],[-72.4817,-37.3917],[-72.4846,-37.3928],[-72.4898,-37.3883],[-72.4952,-37.3918],[-72.5025,-37.3906],[-72.5078,-37.3939],[-72.5202,-37.3906],[-72.5248,-37.3919],[-72.5296,-37.3962],[-72.5403,-37.3959],[-72.5528,-37.3935],[-72.5688,-37.3872],[-72.5733,-37.3882],[-72.5789,-37.3937],[-72.5869,-37.3877],[-72.5932,-37.3858],[-72.5982,-37.3848],[-72.6024,-37.3868],[-72.6081,-37.3835],[-72.625,-37.3819],[-72.6335,-37.3666],[-72.6362,-37.3647],[-72.6448,-37.3665],[-72.6529,-37.3659],[-72.6579,-37.3679],[-72.6618,-37.3668],[-72.6714,-37.3728]]]]}},{"type":"Feature","properties":{"comunaId":"CHL.6.2.5_1","nombre":"LosAngeles","provincia":"Bío-Bío","regionGadm":"Bío-Bío","centerLat":-37.427,"centerLon":-72.3268},"geometry":{"type":"MultiPolygon","coordinates":[[[[-72.4224,-37.2145],[-72.4173,-37.214],[-72.4044,-37.2197],[-72.4002,-37.2189],[-72.3955,-37.2201],[-72.392,-37.2188],[-72.3844,-37.2206],[-72.3815,-37.2173],[-72.3708,-37.2159],[-72.3625,-37.2111],[-72.3503,-37.2103],[-72.3349,-37.2131],[-72.3192,-37.2108],[-72.3113,-37.2031],[-72.3024,-37.2],[-72.2909,-37.205],[-72.2805,-37.2056],[-72.2757,-37.2039],[-72.2693,-37.1943],[-72.2566,-37.1936],[-72.2517,-37.1918],[-72.2443,-37.1822],[-72.2376,-37.1864],[-72.2075,-37.187],[-72.1947,-37.1939],[-72.1864,-37.196],[-72.1807,-37.1934],[-72.1689,-37.1975],[-72.1603,-37.1974],[-72.153,-37.1949],[-72.1457,-37.1882],[-72.1411,-37.1866],[-72.1364,-37.1795],[-72.1259,-37.1809],[-72.1198,-37.1786],[-72.111,-37.1791],[-72.1039,-37.187],[-72.0856,-37.1853],[-72.077,-37.1904],[-72.0664,-37.1915],[-72.0532,-37.1965],[-72.04,-37.2051],[-72.0671,-37.2301],[-72.0857,-37.2206],[-72.0949,-37.25],[-72.101,-37.2484],[-72.1248,-37.2907],[-72.1311,-37.2977],[-72.1366,-37.3161],[-72.1166,-37.3174],[-72.1037,-37.3212],[-72.0967,-37.3208],[-72.0938,-37.3471],[-72.0904,-37.3533],[-72.0841,-37.3824],[-72.0853,-37.3909],[-72.0833,-37.3954],[-72.0678,-37.4001],[-72.0766,-37.4184],[-72.0683,-37.4261],[-72.1022,-37.4305],[-72.1058,-37.4466],[-72.0552,-37.4454],[-72.0422,-37.4472],[-72.0496,-37.4515],[-72.052,-37.4546],[-72.0582,-37.4532],[-72.0598,-37.457],[-72.0656,-37.4577],[-72.0686,-37.4625],[-72.0659,-37.467],[-72.0663,-37.4795],[-72.0711,-37.4783],[-72.0752,-37.4848],[-72.0805,-37.4867],[-72.08,-37.4895],[-72.0826,-37.493],[-72.089,-37.4951],[-72.0887,-37.4974],[-72.0912,-37.4967],[-72.0918,-37.4998],[-72.098,-37.5025],[-72.0986,-37.5056],[-72.1051,-37.5083],[-72.1096,-37.5089],[-72.1134,-37.5074],[-72.1163,-37.5093],[-72.1195,-37.5086],[-72.126,-37.5165],[-72.1295,-37.5161],[-72.1306,-37.519],[-72.1343,-37.5197],[-72.1349,-37.5228],[-72.1418,-37.5285],[-72.1456,-37.5284],[-72.15,-37.5306],[-72.1523,-37.5354],[-72.1549,-37.536],[-72.1589,-37.5343],[-72.1613,-37.5385],[-72.1686,-37.5422],[-72.1767,-37.5424],[-72.1763,-37.5464],[-72.1498,-37.5507],[-72.1468,-37.5584],[-72.1375,-37.5649],[-72.1236,-37.5654],[-72.1275,-37.5711],[-72.142,-37.5759],[-72.1455,-37.5807],[-72.1575,-37.586],[-72.1477,-37.5857],[-72.1569,-37.59],[-72.1583,-37.5987],[-72.1566,-37.6121],[-72.1591,-37.6124],[-72.1663,-37.6272],[-72.1745,-37.6537],[-72.1736,-37.6604],[-72.1753,-37.6631],[-72.1867,-37.6623],[-72.1913,-37.658],[-72.2036,-37.6522],[-72.2051,-37.6388],[-72.2089,-37.6321],[-72.2127,-37.6277],[-72.2202,-37.6264],[-72.2268,-37.6219],[-72.2292,-37.6181],[-72.2285,-37.6136],[-72.2317,-37.6107],[-72.2476,-37.6119],[-72.2589,-37.6163],[-72.2648,-37.6166],[-72.2666,-37.6151],[-72.2667,-37.6042],[-72.2696,-37.6008],[-72.2882,-37.6025],[-72.2918,-37.6012],[-72.2921,-37.598],[-72.3005,-37.5953],[-72.3111,-37.5969],[-72.3306,-37.5895],[-72.3366,-37.5821],[-72.3434,-37.5769],[-72.346,-37.5712],[-72.3495,-37.5689],[-72.3602,-37.5702],[-72.3652,-37.5763],[-72.3732,-37.577],[-72.3804,-37.5703],[-72.3863,-37.5674],[-72.3937,-37.5699],[-72.3974,-37.5729],[-72.4137,-37.566],[-72.4188,-37.5658],[-72.4247,-37.5689],[-72.429,-37.5689],[-72.4365,-37.5578],[-72.4411,-37.5569],[-72.4486,-37.5618],[-72.4611,-37.5631],[-72.4678,-37.5616],[-72.4728,-37.5649],[-72.481,-37.5631],[-72.4854,-37.5684],[-72.4963,-37.5672],[-72.505,-37.5747],[-72.5175,-37.5747],[-72.5244,-37.5788],[-72.5347,-37.578],[-72.5423,-37.5831],[-72.5462,-37.5835],[-72.548,-37.5814],[-72.5634,-37.5754],[-72.5672,-37.5754],[-72.5707,-37.5798],[-72.5743,-37.58],[-72.5797,-37.5714],[-72.5799,-37.5644],[-72.5888,-37.5595],[-72.5961,-37.5297],[-72.6025,-37.5264],[-72.6045,-37.5235],[-72.6042,-37.5208],[-72.5966,-37.5155],[-72.595,-37.5121],[-72.5998,-37.5049],[-72.6144,-37.4977],[-72.6334,-37.4954],[-72.656,-37.4903],[-72.6741,-37.4831],[-72.6817,-37.4758],[-72.6835,-37.468],[-72.6816,-37.4483],[-72.6841,-37.4447],[-72.6711,-37.4203],[-72.6705,-37.4067],[-72.6681,-37.4011],[-72.6691,-37.3955],[-72.6663,-37.3871],[-72.6714,-37.3728],[-72.6621,-37.3669],[-72.6579,-37.3679],[-72.6525,-37.3658],[-72.6448,-37.3665],[-72.6354,-37.365],[-72.625,-37.3819],[-72.6081,-37.3835],[-72.6024,-37.3868],[-72.5982,-37.3848],[-72.5932,-37.3858],[-72.5869,-37.3877],[-72.5789,-37.3937],[-72.5733,-37.3882],[-72.5688,-37.3872],[-72.5502,-37.3943],[-72.5296,-37.3962],[-72.5248,-37.3919],[-72.5202,-37.3906],[-72.5078,-37.3939],[-72.5025,-37.3906],[-72.4952,-37.3918],[-72.4898,-37.3883],[-72.4857,-37.3914],[-72.4859,-37.3928],[-72.482,-37.392],[-72.4824,-37.3892],[-72.4772,-37.3797],[-72.4721,-37.3764],[-72.4561,-37.3598],[-72.4472,-37.3557],[-72.4396,-37.3562],[-72.4325,-37.3532],[-72.438,-37.3255],[-72.4719,-37.2932],[-72.4882,-37.2656],[-72.5014,-37.2596],[-72.5003,-37.2575],[-72.5014,-37.2545],[-72.5084,-37.2519],[-72.5093,-37.249],[-72.5057,-37.2479],[-72.5011,-37.2435],[-72.4946,-37.2422],[-72.4882,-37.238],[-72.4886,-37.232],[-72.4856,-37.2284],[-72.48,-37.2278],[-72.4748,-37.2249],[-72.4716,-37.2195],[-72.4634,-37.2158],[-72.448,-37.2164],[-72.4419,-37.2135],[-72.4224,-37.2145]]]]}},{"type":"Feature","properties":{"comunaId":"CHL.6.2.6_1","nombre":"Mulchén","provincia":"Bío-Bío","regionGadm":"Bío-Bío","centerLat":-37.8751,"centerLon":-72.047},"geometry":{"type":"MultiPolygon","coordinates":[[[[-71.7067,-38.1886],[-71.7078,-38.1859],[-71.6947,-38.1784],[-71.6932,-38.1741],[-71.694,-38.1692],[-71.7055,-38.1585],[-71.714,-38.1557],[-71.7214,-38.1462],[-71.7091,-38.1349],[-71.7088,-38.126],[-71.7059,-38.124],[-71.7073,-38.1205],[-71.705,-38.1153],[-71.7053,-38.1023],[-71.7025,-38.0993],[-71.7035,-38.0963],[-71.7016,-38.0953],[-71.7021,-38.0929],[-71.6997,-38.093],[-71.7012,-38.0895],[-71.699,-38.089],[-71.6998,-38.0859],[-71.698,-38.0843],[-71.7,-38.0814],[-71.7006,-38.0698],[-71.7121,-38.0641],[-71.7166,-38.059],[-71.7202,-38.0575],[-71.7231,-38.0526],[-71.7325,-38.0472],[-71.7347,-38.0429],[-71.7366,-38.0435],[-71.7379,-38.0413],[-71.7531,-38.0357],[-71.7622,-38.0346],[-71.7697,-38.0302],[-71.7766,-38.0303],[-71.777,-38.032],[-71.7855,-38.0339],[-71.7875,-38.0376],[-71.7959,-38.0373],[-71.8015,-38.0387],[-71.8031,-38.0417],[-71.806,-38.0414],[-71.808,-38.043],[-71.8152,-38.0419],[-71.8212,-38.0443],[-71.8313,-38.0519],[-71.8429,-38.0549],[-71.8481,-38.0547],[-71.8542,-38.0613],[-71.8633,-38.0653],[-71.8634,-38.0675],[-71.8697,-38.0713],[-71.8719,-38.0759],[-71.8767,-38.0782],[-71.8802,-38.0779],[-71.8848,-38.0742],[-71.8887,-38.0756],[-71.8958,-38.0732],[-71.901,-38.0674],[-71.8996,-38.0639],[-71.9041,-38.0617],[-71.9042,-38.0592],[-71.9075,-38.059],[-71.9088,-38.0568],[-71.9173,-38.0538],[-71.919,-38.0495],[-71.9248,-38.0484],[-71.9266,-38.0466],[-71.9287,-38.0473],[-71.9311,-38.0454],[-71.934,-38.0393],[-71.9295,-38.0337],[-71.9303,-38.0298],[-71.9353,-38.0286],[-71.9375,-38.0246],[-71.9437,-38.0202],[-71.9471,-38.02],[-71.9476,-38.0172],[-71.9558,-38.0064],[-71.9566,-38.0023],[-71.966,-38.0005],[-71.9657,-37.9942],[-71.9822,-37.9923],[-71.9839,-37.9968],[-71.9884,-37.9982],[-71.9963,-37.9968],[-71.9966,-37.9992],[-72.0081,-38.007],[-72.0157,-38.0079],[-72.0208,-38.0035],[-72.0233,-38.0062],[-72.0238,-38.0102],[-72.0315,-38.0085],[-72.0381,-38.0126],[-72.0427,-38.0112],[-72.0475,-38.0123],[-72.0492,-38.0142],[-72.0588,-38.0095],[-72.0671,-38.0082],[-72.0686,-38.0034],[-72.0813,-38.0023],[-72.089,-37.9975],[-72.102,-37.9987],[-72.1045,-37.9921],[-72.1085,-37.9919],[-72.1116,-37.9939],[-72.113,-37.9927],[-72.1135,-37.9888],[-72.1114,-37.9845],[-72.1129,-37.9816],[-72.1157,-37.98],[-72.1226,-37.981],[-72.1204,-37.9774],[-72.1216,-37.9747],[-72.1273,-37.972],[-72.1287,-37.9695],[-72.1262,-37.9655],[-72.1273,-37.9637],[-72.1352,-37.9621],[-72.1292,-37.9576],[-72.1291,-37.9531],[-72.1324,-37.9519],[-72.143,-37.9533],[-72.1436,-37.9467],[-72.1461,-37.944],[-72.1515,-37.9412],[-72.1581,-37.9432],[-72.1622,-37.9417],[-72.1659,-37.9379],[-72.1733,-37.9347],[-72.1778,-37.9274],[-72.1832,-37.9259],[-72.1856,-37.9263],[-72.1861,-37.9279],[-72.1893,-37.9265],[-72.1931,-37.9216],[-72.196,-37.9217],[-72.1985,-37.9141],[-72.2017,-37.9131],[-72.2025,-37.9093],[-72.2068,-37.9076],[-72.2076,-37.9047],[-72.2252,-37.8976],[-72.2266,-37.8932],[-72.2376,-37.889],[-72.2452,-37.8785],[-72.2518,-37.8769],[-72.2564,-37.8835],[-72.2659,-37.8824],[-72.2699,-37.8799],[-72.2731,-37.8803],[-72.2761,-37.8827],[-72.278,-37.8797],[-72.2853,-37.8789],[-72.2877,-37.8754],[-72.2988,-37.8768],[-72.3063,-37.8755],[-72.3177,-37.8816],[-72.3219,-37.8789],[-72.326,-37.8723],[-72.33,-37.8711],[-72.3423,-37.8602],[-72.3448,-37.8609],[-72.3467,-37.8586],[-72.3509,-37.8585],[-72.3513,-37.8554],[-72.3554,-37.8519],[-72.3868,-37.8502],[-72.3925,-37.8432],[-72.4006,-37.8423],[-72.4046,-37.8334],[-72.4032,-37.8288],[-72.4153,-37.8228],[-72.4128,-37.8204],[-72.416,-37.8164],[-72.4171,-37.8117],[-72.4241,-37.8072],[-72.4266,-37.8014],[-72.4259,-37.7965],[-72.4356,-37.7895],[-72.4393,-37.7887],[-72.4415,-37.7848],[-72.4466,-37.7834],[-72.4493,-37.7731],[-72.4593,-37.7687],[-72.4711,-37.7512],[-72.4795,-37.748],[-72.4785,-37.7405],[-72.4835,-37.7301],[-72.4848,-37.7216],[-72.4743,-37.7147],[-72.4726,-37.7126],[-72.4724,-37.7088],[-72.4749,-37.7052],[-72.4769,-37.7066],[-72.4791,-37.7051],[-72.4745,-37.6978],[-72.4791,-37.6938],[-72.4836,-37.6924],[-72.483,-37.6852],[-72.4797,-37.6801],[-72.4858,-37.6767],[-72.484,-37.6746],[-72.4882,-37.6656],[-72.4854,-37.6646],[-72.486,-37.6603],[-72.4916,-37.6554],[-72.4764,-37.6312],[-72.4905,-37.6264],[-72.4948,-37.6219],[-72.4936,-37.6181],[-72.4842,-37.6248],[-72.4807,-37.6165],[-72.4812,-37.6102],[-72.4784,-37.6065],[-72.4778,-37.6015],[-72.4803,-37.5974],[-72.4817,-37.5847],[-72.4839,-37.5804],[-72.4881,-37.578],[-72.4963,-37.5793],[-72.4968,-37.5838],[-72.4992,-37.5852],[-72.5019,-37.5843],[-72.5034,-37.5801],[-72.5091,-37.5817],[-72.5262,-37.58],[-72.531,-37.5781],[-72.5244,-37.5788],[-72.5175,-37.5747],[-72.505,-37.5747],[-72.4982,-37.5679],[-72.4945,-37.567],[-72.4854,-37.5684],[-72.481,-37.5631],[-72.4728,-37.5649],[-72.4678,-37.5616],[-72.4611,-37.5631],[-72.4486,-37.5618],[-72.4437,-37.5578],[-72.4383,-37.5569],[-72.429,-37.5689],[-72.4247,-37.5689],[-72.4188,-37.5658],[-72.4137,-37.566],[-72.3974,-37.5729],[-72.3937,-37.5699],[-72.3863,-37.5674],[-72.3804,-37.5703],[-72.3732,-37.577],[-72.3652,-37.5763],[-72.3602,-37.5702],[-72.3484,-37.5692],[-72.3434,-37.5769],[-72.3366,-37.5821],[-72.3306,-37.5895],[-72.3111,-37.5969],[-72.3005,-37.5953],[-72.2921,-37.598],[-72.2918,-37.6012],[-72.2882,-37.6025],[-72.2696,-37.6008],[-72.2667,-37.6042],[-72.2666,-37.6151],[-72.2648,-37.6166],[-72.2589,-37.6163],[-72.2476,-37.6119],[-72.2317,-37.6107],[-72.2285,-37.6136],[-72.2292,-37.6181],[-72.2268,-37.6219],[-72.2202,-37.6264],[-72.2127,-37.6277],[-72.2089,-37.6321],[-72.2051,-37.6388],[-72.2036,-37.6522],[-72.1913,-37.658],[-72.1867,-37.6623],[-72.1783,-37.6624],[-72.1673,-37.6654],[-72.1571,-37.664],[-72.153,-37.6671],[-72.1495,-37.6665],[-72.1447,-37.6727],[-72.1478,-37.6802],[-72.141,-37.68],[-72.1397,-37.6815],[-72.1404,-37.6832],[-72.1382,-37.684],[-72.1325,-37.6828],[-72.1292,-37.6784],[-72.123,-37.6825],[-72.1244,-37.6841],[-72.1214,-37.6919],[-72.1193,-37.6909],[-72.1175,-37.6922],[-72.1191,-37.6952],[-72.1093,-37.6991],[-72.1049,-37.6987],[-72.1044,-37.7021],[-72.0985,-37.7041],[-72.0986,-37.7072],[-72.0707,-37.7119],[-72.064,-37.717],[-72.0609,-37.7172],[-72.0597,-37.7194],[-72.0513,-37.7204],[-72.0472,-37.7256],[-72.0414,-37.7252],[-72.0334,-37.7316],[-72.0305,-37.7317],[-72.0241,-37.7268],[-72.017,-37.731],[-72.0092,-37.7302],[-71.9935,-37.7326],[-71.9921,-37.7338],[-71.993,-37.7404],[-71.9903,-37.7475],[-71.9871,-37.749],[-71.985,-37.7526],[-71.9782,-37.7536],[-71.9762,-37.7579],[-71.9669,-37.7635],[-71.9691,-37.7806],[-71.9695,-37.809],[-71.9652,-37.8106],[-71.9635,-37.8139],[-71.9549,-37.8195],[-71.947,-37.8214],[-71.9396,-37.8299],[-71.9314,-37.8323],[-71.9275,-37.8372],[-71.9252,-37.8375],[-71.9199,-37.8427],[-71.9172,-37.8423],[-71.9173,-37.8445],[-71.9132,-37.8441],[-71.9116,-37.8459],[-71.9047,-37.8473],[-71.9042,-37.8493],[-71.9008,-37.8511],[-71.8905,-37.8505],[-71.8888,-37.853],[-71.8857,-37.8523],[-71.8844,-37.8548],[-71.8804,-37.8551],[-71.8765,-37.8589],[-71.8657,-37.8613],[-71.8602,-37.8655],[-71.8556,-37.8653],[-71.8526,-37.8686],[-71.8397,-37.8722],[-71.8252,-37.8817],[-71.8161,-37.8833],[-71.802,-37.8897],[-71.7967,-37.8869],[-71.7925,-37.8886],[-71.7895,-37.893],[-71.7869,-37.8915],[-71.7802,-37.8947],[-71.7772,-37.897],[-71.7767,-37.9002],[-71.7745,-37.9007],[-71.7687,-37.914],[-71.7533,-37.9205],[-71.7598,-37.9286],[-71.7549,-37.9281],[-71.7371,-37.9327],[-71.7208,-37.9325],[-71.7106,-37.9363],[-71.7064,-37.9346],[-71.6987,-37.9348],[-71.692,-37.9312],[-71.6863,-37.9461],[-71.6795,-37.9478],[-71.672,-37.9552],[-71.6637,-37.9548],[-71.6567,-37.9598],[-71.6478,-37.9576],[-71.6415,-37.9598],[-71.6369,-37.9696],[-71.6377,-37.9727],[-71.6421,-37.9836],[-71.648,-37.9871],[-71.6503,-37.9947],[-71.6543,-37.9983],[-71.6567,-38.004],[-71.6534,-38.0074],[-71.6456,-38.011],[-71.6442,-38.0136],[-71.644,-38.0253],[-71.6487,-38.0314],[-71.6471,-38.0347],[-71.6498,-38.0427],[-71.6489,-38.0446],[-71.6397,-38.0436],[-71.6318,-38.0453],[-71.6248,-38.05],[-71.6225,-38.0539],[-71.6233,-38.0593],[-71.6289,-38.0633],[-71.6331,-38.0709],[-71.6315,-38.0769],[-71.6342,-38.0821],[-71.6361,-38.0934],[-71.6157,-38.101],[-71.6128,-38.1074],[-71.6162,-38.1133],[-71.6247,-38.1166],[-71.6208,-38.1196],[-71.6225,-38.1256],[-71.6379,-38.1337],[-71.6409,-38.1373],[-71.6525,-38.1338],[-71.6595,-38.1255],[-71.6611,-38.1301],[-71.6666,-38.1316],[-71.672,-38.139],[-71.6692,-38.145],[-71.6689,-38.15],[-71.6767,-38.1556],[-71.6788,-38.16],[-71.6759,-38.1633],[-71.6803,-38.1683],[-71.685,-38.1806],[-71.6915,-38.1848],[-71.6953,-38.1849],[-71.6988,-38.1887],[-71.7067,-38.1886]]]]}},{"type":"Feature","properties":{"comunaId":"CHL.6.2.7_1","nombre":"Nacimiento","provincia":"Bío-Bío","regionGadm":"Bío-Bío","centerLat":-37.4891,"centerLon":-72.8482},"geometry":{"type":"MultiPolygon","coordinates":[[[[-72.7095,-37.6244],[-72.7138,-37.6261],[-72.7228,-37.6234],[-72.7272,-37.6261],[-72.7295,-37.6225],[-72.7287,-37.6182],[-72.7308,-37.6181],[-72.7319,-37.6162],[-72.7359,-37.6167],[-72.7369,-37.6186],[-72.7414,-37.6182],[-72.7451,-37.6169],[-72.7486,-37.6125],[-72.7521,-37.6141],[-72.7568,-37.6122],[-72.7593,-37.6057],[-72.7643,-37.6014],[-72.766,-37.5958],[-72.7759,-37.5961],[-72.7737,-37.5943],[-72.7748,-37.5921],[-72.7724,-37.5889],[-72.7716,-37.5831],[-72.7761,-37.5817],[-72.7843,-37.5912],[-72.7914,-37.5903],[-72.7929,-37.5926],[-72.7959,-37.5923],[-72.8024,-37.596],[-72.8081,-37.5961],[-72.812,-37.5935],[-72.82,-37.5958],[-72.8362,-37.5953],[-72.8403,-37.5964],[-72.8431,-37.5936],[-72.8527,-37.5902],[-72.8607,-37.5934],[-72.8637,-37.5996],[-72.8652,-37.5985],[-72.8687,-37.5996],[-72.8671,-37.6037],[-72.8703,-37.604],[-72.8714,-37.6059],[-72.8739,-37.6044],[-72.8816,-37.606],[-72.9106,-37.6068],[-72.9152,-37.6112],[-72.9156,-37.6135],[-72.9193,-37.6135],[-72.9221,-37.6164],[-72.9248,-37.6163],[-72.9274,-37.6197],[-72.9297,-37.6194],[-72.9299,-37.6163],[-72.9324,-37.6147],[-72.9376,-37.6144],[-72.9392,-37.6163],[-72.9462,-37.6134],[-72.9537,-37.6157],[-72.9576,-37.6143],[-72.9638,-37.6164],[-72.9662,-37.6149],[-72.969,-37.6153],[-72.9814,-37.619],[-72.991,-37.6177],[-73.0054,-37.6196],[-73.0071,-37.6216],[-73.0044,-37.623],[-73.004,-37.6252],[-73.0121,-37.6304],[-73.0222,-37.6297],[-73.0238,-37.6288],[-73.0237,-37.6262],[-73.0288,-37.6253],[-73.0292,-37.6218],[-73.0342,-37.6213],[-73.0359,-37.6191],[-73.0405,-37.6203],[-73.0419,-37.6176],[-73.0531,-37.6217],[-73.057,-37.6262],[-73.0592,-37.6249],[-73.0662,-37.6247],[-73.0706,-37.6213],[-73.0708,-37.6173],[-73.0627,-37.6196],[-73.0622,-37.6177],[-73.059,-37.6165],[-73.0585,-37.6125],[-73.0539,-37.6086],[-73.0547,-37.6062],[-73.0652,-37.6002],[-73.0613,-37.5941],[-73.0548,-37.5931],[-73.0545,-37.5909],[-73.046,-37.587],[-73.0411,-37.5824],[-73.0306,-37.5784],[-73.0329,-37.5723],[-73.0282,-37.5704],[-73.0256,-37.5638],[-73.0212,-37.5604],[-73.0133,-37.5578],[-73.0167,-37.556],[-73.017,-37.5505],[-73.0095,-37.5482],[-73.0102,-37.5426],[-73.0074,-37.5399],[-73.0086,-37.5316],[-73.0041,-37.5263],[-73.0078,-37.5224],[-73.0143,-37.5228],[-73.0126,-37.5164],[-73.0139,-37.5149],[-73.0139,-37.5071],[-73.0235,-37.4989],[-73.0179,-37.4957],[-73.0138,-37.4885],[-73.0074,-37.4857],[-73.0083,-37.4824],[-73.003,-37.4786],[-73.0043,-37.4729],[-72.9942,-37.4764],[-72.9896,-37.4746],[-72.9862,-37.4687],[-72.9833,-37.4678],[-72.9843,-37.4656],[-72.9812,-37.4576],[-72.9833,-37.4506],[-72.9773,-37.451],[-72.9692,-37.448],[-72.9727,-37.4436],[-72.9767,-37.4418],[-72.9768,-37.4401],[-72.974,-37.4342],[-72.9682,-37.4318],[-72.9665,-37.4273],[-72.9677,-37.4183],[-72.963,-37.4149],[-72.9624,-37.4117],[-72.9639,-37.4099],[-72.9614,-37.4079],[-72.9659,-37.4047],[-72.9642,-37.4013],[-72.9609,-37.4031],[-72.9552,-37.402],[-72.9548,-37.3997],[-72.9504,-37.397],[-72.9483,-37.3922],[-72.9509,-37.388],[-72.9504,-37.3845],[-72.9448,-37.3771],[-72.9432,-37.3703],[-72.9394,-37.3686],[-72.9373,-37.3695],[-72.9329,-37.3668],[-72.9302,-37.3674],[-72.9287,-37.3658],[-72.9308,-37.3614],[-72.9284,-37.3615],[-72.9252,-37.3588],[-72.9254,-37.3551],[-72.9215,-37.3524],[-72.9169,-37.353],[-72.912,-37.3512],[-72.9103,-37.3544],[-72.9116,-37.356],[-72.9062,-37.3563],[-72.9042,-37.3514],[-72.8997,-37.3523],[-72.8992,-37.347],[-72.8971,-37.3441],[-72.8923,-37.3442],[-72.8906,-37.3462],[-72.8928,-37.3482],[-72.8913,-37.3502],[-72.8827,-37.3499],[-72.8827,-37.3516],[-72.8769,-37.3565],[-72.8749,-37.3553],[-72.8737,-37.3506],[-72.8692,-37.3501],[-72.8657,-37.3517],[-72.866,-37.3496],[-72.8627,-37.3483],[-72.8565,-37.3508],[-72.8504,-37.3503],[-72.8499,-37.3486],[-72.8473,-37.3482],[-72.8431,-37.3412],[-72.8423,-37.3359],[-72.8388,-37.3347],[-72.8289,-37.3336],[-72.8266,-37.3384],[-72.8174,-37.3433],[-72.8113,-37.3444],[-72.8038,-37.3359],[-72.8045,-37.3325],[-72.8081,-37.3307],[-72.8055,-37.32],[-72.8061,-37.3131],[-72.8034,-37.3074],[-72.7971,-37.3139],[-72.7904,-37.3108],[-72.7881,-37.314],[-72.7836,-37.3128],[-72.78,-37.3174],[-72.7759,-37.3158],[-72.7745,-37.3105],[-72.7691,-37.3107],[-72.7668,-37.3093],[-72.7642,-37.3139],[-72.7524,-37.3182],[-72.7526,-37.321],[-72.7499,-37.3229],[-72.7456,-37.3156],[-72.7414,-37.3155],[-72.744,-37.3112],[-72.7428,-37.309],[-72.7394,-37.3054],[-72.7314,-37.3034],[-72.7304,-37.2983],[-72.7268,-37.2947],[-72.7278,-37.2922],[-72.7325,-37.2899],[-72.7316,-37.2844],[-72.7339,-37.2822],[-72.729,-37.2758],[-72.7265,-37.2787],[-72.7214,-37.2931],[-72.7219,-37.2984],[-72.7206,-37.3016],[-72.7137,-37.3125],[-72.7084,-37.3258],[-72.7064,-37.349],[-72.6995,-37.3571],[-72.6863,-37.3594],[-72.6789,-37.3633],[-72.6723,-37.3706],[-72.6666,-37.3835],[-72.6666,-37.3895],[-72.6691,-37.3955],[-72.6681,-37.4011],[-72.6705,-37.4067],[-72.6711,-37.4203],[-72.6841,-37.4447],[-72.6816,-37.4483],[-72.6835,-37.468],[-72.6817,-37.4758],[-72.6741,-37.4831],[-72.6535,-37.4912],[-72.6116,-37.4985],[-72.6013,-37.5037],[-72.595,-37.5108],[-72.5966,-37.5155],[-72.6037,-37.5203],[-72.6059,-37.519],[-72.6132,-37.5197],[-72.6191,-37.5223],[-72.6148,-37.5266],[-72.6139,-37.5317],[-72.6194,-37.5341],[-72.6247,-37.5318],[-72.6273,-37.5324],[-72.6274,-37.534],[-72.6386,-37.5342],[-72.6388,-37.5328],[-72.6528,-37.5344],[-72.6498,-37.5375],[-72.6492,-37.5473],[-72.6462,-37.5543],[-72.6499,-37.5673],[-72.6393,-37.5678],[-72.6392,-37.5767],[-72.6427,-37.5838],[-72.6377,-37.5886],[-72.6378,-37.5931],[-72.6332,-37.6009],[-72.6508,-37.6158],[-72.6551,-37.6254],[-72.6657,-37.6295],[-72.6649,-37.628],[-72.6665,-37.6256],[-72.6689,-37.6265],[-72.6713,-37.6235],[-72.6722,-37.6246],[-72.6742,-37.6233],[-72.6811,-37.6236],[-72.683,-37.6193],[-72.6865,-37.6177],[-72.6912,-37.6209],[-72.7045,-37.6224],[-72.7095,-37.6244]]]]}},{"type":"Feature","properties":{"comunaId":"CHL.6.2.8_1","nombre":"Negrete","provincia":"Bío-Bío","regionGadm":"Bío-Bío","centerLat":-37.6094,"centerLon":-72.5718},"geometry":{"type":"MultiPolygon","coordinates":[[[[-72.4916,-37.6554],[-72.4932,-37.646],[-72.4987,-37.6465],[-72.5056,-37.6434],[-72.5144,-37.6504],[-72.5259,-37.6477],[-72.5267,-37.6493],[-72.5235,-37.6518],[-72.5247,-37.6546],[-72.5329,-37.6543],[-72.5367,-37.6594],[-72.5375,-37.6656],[-72.5407,-37.6651],[-72.5424,-37.6612],[-72.557,-37.6582],[-72.5587,-37.6589],[-72.5585,-37.661],[-72.563,-37.6599],[-72.566,-37.6666],[-72.5683,-37.6661],[-72.5679,-37.663],[-72.5755,-37.6649],[-72.5791,-37.6618],[-72.5829,-37.664],[-72.5838,-37.6676],[-72.5959,-37.6719],[-72.5992,-37.6707],[-72.6007,-37.6677],[-72.5949,-37.6674],[-72.5943,-37.6658],[-72.6049,-37.6602],[-72.6104,-37.6631],[-72.613,-37.6618],[-72.6157,-37.664],[-72.6187,-37.6638],[-72.631,-37.6688],[-72.6397,-37.6629],[-72.644,-37.6648],[-72.6509,-37.6647],[-72.6455,-37.6574],[-72.648,-37.6532],[-72.6466,-37.6475],[-72.6403,-37.6415],[-72.6532,-37.6302],[-72.6508,-37.6247],[-72.6534,-37.6196],[-72.6397,-37.6051],[-72.6332,-37.6009],[-72.6378,-37.5931],[-72.6377,-37.5886],[-72.6427,-37.5838],[-72.6392,-37.5767],[-72.6393,-37.5678],[-72.6499,-37.5673],[-72.6462,-37.5543],[-72.6492,-37.5473],[-72.6498,-37.5375],[-72.6528,-37.5344],[-72.6388,-37.5328],[-72.6386,-37.5342],[-72.6274,-37.534],[-72.6273,-37.5324],[-72.6247,-37.5318],[-72.6194,-37.5341],[-72.6139,-37.5317],[-72.6148,-37.5266],[-72.6191,-37.5223],[-72.6132,-37.5197],[-72.6059,-37.519],[-72.6037,-37.5203],[-72.6037,-37.5251],[-72.5961,-37.5297],[-72.5888,-37.5595],[-72.5799,-37.5644],[-72.5797,-37.5714],[-72.5743,-37.58],[-72.5713,-37.5801],[-72.5678,-37.5756],[-72.5648,-37.5753],[-72.548,-37.5814],[-72.5462,-37.5835],[-72.5411,-37.5828],[-72.5357,-37.5784],[-72.5318,-37.5779],[-72.5262,-37.58],[-72.5091,-37.5817],[-72.5034,-37.5801],[-72.5019,-37.5843],[-72.4992,-37.5852],[-72.4968,-37.5838],[-72.4966,-37.5799],[-72.4948,-37.5784],[-72.4901,-37.5777],[-72.485,-37.5795],[-72.4808,-37.5875],[-72.4803,-37.5974],[-72.4782,-37.5997],[-72.4778,-37.6045],[-72.4812,-37.6102],[-72.4807,-37.6162],[-72.4842,-37.6248],[-72.4936,-37.6181],[-72.4948,-37.6219],[-72.4905,-37.6264],[-72.4764,-37.6312],[-72.4916,-37.6554]]]]}},{"type":"Feature","properties":{"comunaId":"CHL.6.2.9_1","nombre":"Quilaco","provincia":"Bío-Bío","regionGadm":"Bío-Bío","centerLat":-37.9602,"centerLon":-71.7261},"geometry":{"type":"MultiPolygon","coordinates":[[[[-71.7156,-38.2101],[-71.7074,-38.2031],[-71.7068,-38.1999],[-71.7101,-38.1948],[-71.707,-38.1887],[-71.6988,-38.1887],[-71.6953,-38.1849],[-71.6915,-38.1848],[-71.685,-38.1806],[-71.6803,-38.1683],[-71.6759,-38.1633],[-71.6788,-38.16],[-71.6767,-38.1556],[-71.6689,-38.15],[-71.6692,-38.145],[-71.672,-38.139],[-71.6666,-38.1316],[-71.6611,-38.1301],[-71.6595,-38.1255],[-71.6525,-38.1338],[-71.6409,-38.1373],[-71.6379,-38.1337],[-71.6225,-38.1256],[-71.6208,-38.1196],[-71.6247,-38.1166],[-71.6162,-38.1133],[-71.6128,-38.1074],[-71.6157,-38.101],[-71.6361,-38.0934],[-71.6342,-38.0821],[-71.6315,-38.0769],[-71.6331,-38.0709],[-71.6289,-38.0633],[-71.6233,-38.0593],[-71.6225,-38.0539],[-71.6248,-38.05],[-71.6318,-38.0453],[-71.6397,-38.0436],[-71.6489,-38.0446],[-71.6498,-38.0427],[-71.6471,-38.0347],[-71.6487,-38.0314],[-71.644,-38.0253],[-71.6442,-38.0136],[-71.6456,-38.011],[-71.6534,-38.0074],[-71.6567,-38.004],[-71.6543,-37.9983],[-71.6503,-37.9947],[-71.648,-37.9871],[-71.6421,-37.9836],[-71.6377,-37.9727],[-71.6369,-37.9696],[-71.6415,-37.9598],[-71.6478,-37.9576],[-71.6567,-37.9598],[-71.6637,-37.9548],[-71.672,-37.9552],[-71.6795,-37.9478],[-71.6863,-37.9461],[-71.692,-37.9312],[-71.6987,-37.9348],[-71.7064,-37.9346],[-71.7106,-37.9363],[-71.7208,-37.9325],[-71.7371,-37.9327],[-71.7549,-37.9281],[-71.7598,-37.9286],[-71.7533,-37.9205],[-71.7687,-37.914],[-71.7745,-37.9007],[-71.7767,-37.9002],[-71.7772,-37.897],[-71.7802,-37.8947],[-71.7869,-37.8915],[-71.7895,-37.893],[-71.7925,-37.8886],[-71.7967,-37.8869],[-71.802,-37.8897],[-71.8161,-37.8833],[-71.8252,-37.8817],[-71.8397,-37.8722],[-71.8526,-37.8686],[-71.8556,-37.8653],[-71.8602,-37.8655],[-71.8657,-37.8613],[-71.8765,-37.8589],[-71.8804,-37.8551],[-71.8844,-37.8548],[-71.8857,-37.8523],[-71.8888,-37.853],[-71.8905,-37.8505],[-71.9008,-37.8511],[-71.9042,-37.8493],[-71.9047,-37.8473],[-71.9116,-37.8459],[-71.9132,-37.8441],[-71.9173,-37.8445],[-71.9172,-37.8423],[-71.9199,-37.8427],[-71.9252,-37.8375],[-71.9275,-37.8372],[-71.9314,-37.8323],[-71.9396,-37.8299],[-71.947,-37.8214],[-71.9549,-37.8195],[-71.9635,-37.8139],[-71.9652,-37.8106],[-71.9695,-37.809],[-71.9691,-37.7806],[-71.9669,-37.7635],[-71.9762,-37.7579],[-71.9782,-37.7536],[-71.985,-37.7526],[-71.9871,-37.749],[-71.9903,-37.7475],[-71.993,-37.7404],[-71.9924,-37.7334],[-72.0092,-37.7302],[-72.0178,-37.7309],[-72.0241,-37.7268],[-72.0327,-37.7318],[-72.0414,-37.7252],[-72.0472,-37.7256],[-72.0513,-37.7204],[-72.0597,-37.7194],[-72.0609,-37.7172],[-72.064,-37.717],[-72.0707,-37.7119],[-72.0986,-37.7072],[-72.0985,-37.7041],[-72.1044,-37.7021],[-72.1049,-37.6987],[-72.1093,-37.6991],[-72.1191,-37.6952],[-72.1175,-37.6922],[-72.1193,-37.6909],[-72.1214,-37.6919],[-72.1241,-37.6811],[-72.1297,-37.6784],[-72.1325,-37.6828],[-72.1382,-37.684],[-72.1404,-37.6832],[-72.1397,-37.6815],[-72.141,-37.68],[-72.1478,-37.6802],[-72.1448,-37.6724],[-72.1495,-37.6665],[-72.153,-37.6671],[-72.1571,-37.664],[-72.1264,-37.6518],[-72.1055,-37.6516],[-72.0972,-37.6537],[-72.0913,-37.6522],[-72.0894,-37.6488],[-72.0855,-37.648],[-72.0736,-37.6545],[-72.0674,-37.6629],[-72.0544,-37.6678],[-72.0471,-37.674],[-72.0366,-37.6797],[-72.0243,-37.6787],[-72.0112,-37.6729],[-72.0044,-37.6719],[-71.9972,-37.674],[-71.9937,-37.6781],[-71.98,-37.6823],[-71.9723,-37.6897],[-71.9671,-37.6897],[-71.9563,-37.6853],[-71.9491,-37.6851],[-71.9256,-37.6951],[-71.894,-37.7158],[-71.8766,-37.7127],[-71.8695,-37.7095],[-71.8657,-37.7055],[-71.861,-37.7041],[-71.8384,-37.7061],[-71.8281,-37.7098],[-71.8246,-37.7088],[-71.814,-37.7146],[-71.8123,-37.7246],[-71.8091,-37.7293],[-71.7945,-37.739],[-71.7888,-37.7407],[-71.7881,-37.7475],[-71.7751,-37.7512],[-71.7745,-37.7532],[-71.778,-37.7593],[-71.7762,-37.763],[-71.7601,-37.7655],[-71.7503,-37.7644],[-71.7468,-37.766],[-71.7437,-37.7706],[-71.738,-37.7724],[-71.7144,-37.7717],[-71.7082,-37.7747],[-71.7036,-37.7792],[-71.6982,-37.8016],[-71.6961,-37.8046],[-71.6842,-37.8048],[-71.6794,-37.8089],[-71.6761,-37.8092],[-71.6744,-37.8119],[-71.6804,-37.8217],[-71.6777,-37.8282],[-71.6789,-37.8314],[-71.6828,-37.8347],[-71.69,-37.8372],[-71.6913,-37.8394],[-71.6904,-37.8426],[-71.6822,-37.8456],[-71.6717,-37.8583],[-71.6709,-37.8615],[-71.676,-37.8635],[-71.6747,-37.8676],[-71.6701,-37.8705],[-71.657,-37.8707],[-71.6457,-37.8876],[-71.6401,-37.891],[-71.634,-37.8916],[-71.6259,-37.9052],[-71.613,-37.91],[-71.6079,-37.915],[-71.6009,-37.9143],[-71.6003,-37.9195],[-71.6025,-37.9212],[-71.6019,-37.9252],[-71.6051,-37.9267],[-71.6039,-37.9282],[-71.5969,-37.9289],[-71.5853,-37.9254],[-71.5683,-37.9317],[-71.5679,-37.9343],[-71.5716,-37.9434],[-71.5704,-37.9538],[-71.5658,-37.9613],[-71.5674,-37.9672],[-71.554,-37.9743],[-71.5519,-37.984],[-71.5459,-37.9863],[-71.5423,-37.9895],[-71.5373,-37.9882],[-71.5233,-37.9917],[-71.5109,-38.0022],[-71.5015,-38.0051],[-71.5,-38.0084],[-71.4965,-38.0087],[-71.4884,-38.0017],[-71.4839,-38.0038],[-71.4797,-38.0104],[-71.4806,-38.0138],[-71.4783,-38.029],[-71.4787,-38.0312],[-71.4819,-38.0331],[-71.4788,-38.0438],[-71.4703,-38.0482],[-71.4514,-38.0483],[-71.4455,-38.0561],[-71.4388,-38.0587],[-71.4411,-38.0661],[-71.4367,-38.0691],[-71.4289,-38.0704],[-71.428,-38.0758],[-71.4236,-38.082],[-71.4228,-38.0876],[-71.4168,-38.0937],[-71.4167,-38.0984],[-71.4147,-38.1017],[-71.4164,-38.1055],[-71.4129,-38.1075],[-71.4134,-38.11],[-71.4107,-38.1124],[-71.4135,-38.122],[-71.4102,-38.1236],[-71.4131,-38.1261],[-71.411,-38.1273],[-71.4109,-38.1339],[-71.4127,-38.1377],[-71.4163,-38.1392],[-71.4191,-38.1431],[-71.4256,-38.1587],[-71.4289,-38.1596],[-71.4285,-38.1638],[-71.4319,-38.1662],[-71.4325,-38.1707],[-71.436,-38.177],[-71.449,-38.1765],[-71.4575,-38.1808],[-71.4604,-38.1845],[-71.4673,-38.1837],[-71.4753,-38.1875],[-71.4785,-38.1913],[-71.4885,-38.1918],[-71.4954,-38.1968],[-71.4986,-38.2024],[-71.5049,-38.2051],[-71.5108,-38.2098],[-71.5318,-38.204],[-71.5361,-38.2129],[-71.5341,-38.2146],[-71.5339,-38.2226],[-71.5313,-38.2233],[-71.5305,-38.2264],[-71.5339,-38.2317],[-71.5392,-38.2338],[-71.5433,-38.2386],[-71.5502,-38.2413],[-71.5537,-38.2461],[-71.5592,-38.2436],[-71.5647,-38.2434],[-71.5667,-38.2412],[-71.5728,-38.239],[-71.5805,-38.2309],[-71.6086,-38.2409],[-71.6115,-38.2439],[-71.6084,-38.2484],[-71.6091,-38.2504],[-71.6189,-38.2599],[-71.6261,-38.2605],[-71.6253,-38.2671],[-71.633,-38.2744],[-71.6349,-38.289],[-71.6339,-38.2953],[-71.6435,-38.314],[-71.6494,-38.3144],[-71.6523,-38.3091],[-71.6569,-38.3083],[-71.6638,-38.2995],[-71.6741,-38.2991],[-71.6807,-38.2922],[-71.684,-38.2915],[-71.6904,-38.2865],[-71.7094,-38.266],[-71.7085,-38.2635],[-71.7107,-38.26],[-71.7067,-38.2552],[-71.7008,-38.2583],[-71.6926,-38.2552],[-71.6881,-38.2503],[-71.6879,-38.2457],[-71.6889,-38.2407],[-71.6971,-38.2326],[-71.6977,-38.2301],[-71.7036,-38.2276],[-71.7074,-38.223],[-71.7124,-38.2202],[-71.7156,-38.2101]]]]}},{"type":"Feature","properties":{"comunaId":"CHL.6.2.10_1","nombre":"Quilleco","provincia":"Bío-Bío","regionGadm":"Bío-Bío","centerLat":-37.4658,"centerLon":-71.8503},"geometry":{"type":"MultiPolygon","coordinates":[[[[-71.9244,-37.3486],[-71.9217,-37.3505],[-71.9071,-37.3538],[-71.9009,-37.3536],[-71.8929,-37.3507],[-71.8856,-37.3518],[-71.8833,-37.3541],[-71.8722,-37.3575],[-71.8549,-37.3519],[-71.8485,-37.3516],[-71.8462,-37.3491],[-71.8245,-37.3433],[-71.8156,-37.3444],[-71.8128,-37.3427],[-71.8016,-37.342],[-71.795,-37.3443],[-71.7913,-37.3439],[-71.7888,-37.3562],[-71.7827,-37.3561],[-71.7772,-37.3587],[-71.7726,-37.3581],[-71.7637,-37.3613],[-71.7607,-37.3657],[-71.7524,-37.3718],[-71.7359,-37.3735],[-71.7272,-37.3787],[-71.7222,-37.3799],[-71.7128,-37.3792],[-71.7089,-37.3819],[-71.7041,-37.3821],[-71.6894,-37.3903],[-71.6785,-37.3885],[-71.6686,-37.3893],[-71.6668,-37.3946],[-71.6647,-37.3927],[-71.652,-37.4001],[-71.6498,-37.4],[-71.647,-37.404],[-71.6418,-37.4035],[-71.6395,-37.4084],[-71.6318,-37.4108],[-71.6248,-37.4176],[-71.6176,-37.4199],[-71.6141,-37.4318],[-71.611,-37.4328],[-71.601,-37.4469],[-71.5862,-37.4559],[-71.5843,-37.4592],[-71.5796,-37.4618],[-71.5795,-37.4639],[-71.577,-37.4663],[-71.5729,-37.4657],[-71.5693,-37.4692],[-71.5669,-37.4699],[-71.56,-37.4681],[-71.5492,-37.4615],[-71.5309,-37.4611],[-71.5224,-37.459],[-71.5171,-37.4552],[-71.5099,-37.4574],[-71.5027,-37.4543],[-71.4867,-37.456],[-71.477,-37.4631],[-71.464,-37.4666],[-71.4714,-37.4731],[-71.4672,-37.4816],[-71.4752,-37.4909],[-71.4753,-37.5043],[-71.4747,-37.5121],[-71.4717,-37.5159],[-71.472,-37.5206],[-71.4706,-37.5237],[-71.4634,-37.5293],[-71.4648,-37.5372],[-71.463,-37.5389],[-71.465,-37.5412],[-71.4656,-37.5451],[-71.4638,-37.553],[-71.4649,-37.5543],[-71.4626,-37.5563],[-71.4627,-37.5587],[-71.4719,-37.5668],[-71.474,-37.566],[-71.4753,-37.5685],[-71.4789,-37.5675],[-71.4874,-37.5709],[-71.5006,-37.5711],[-71.5054,-37.5682],[-71.5226,-37.5635],[-71.529,-37.5587],[-71.5362,-37.5573],[-71.5463,-37.549],[-71.5463,-37.5445],[-71.5478,-37.5418],[-71.5501,-37.5412],[-71.5561,-37.5418],[-71.561,-37.5455],[-71.5661,-37.546],[-71.5747,-37.5419],[-71.5846,-37.5418],[-71.5946,-37.538],[-71.6003,-37.5412],[-71.6113,-37.5419],[-71.6206,-37.537],[-71.6296,-37.5389],[-71.6362,-37.5362],[-71.6374,-37.538],[-71.6429,-37.5385],[-71.6439,-37.5403],[-71.6484,-37.5415],[-71.6496,-37.5442],[-71.6529,-37.5439],[-71.6556,-37.5457],[-71.6576,-37.5437],[-71.6649,-37.5458],[-71.6721,-37.5443],[-71.6768,-37.5456],[-71.6831,-37.5423],[-71.696,-37.5398],[-71.704,-37.5406],[-71.7041,-37.5361],[-71.7097,-37.5342],[-71.7107,-37.5293],[-71.7183,-37.5266],[-71.7216,-37.5227],[-71.724,-37.5228],[-71.7357,-37.5102],[-71.7474,-37.5096],[-71.7495,-37.508],[-71.7555,-37.5099],[-71.7727,-37.5097],[-71.7795,-37.505],[-71.7875,-37.5055],[-71.7918,-37.5035],[-71.8028,-37.505],[-71.8099,-37.508],[-71.8181,-37.5075],[-71.8197,-37.5097],[-71.8225,-37.5088],[-71.8328,-37.5105],[-71.8428,-37.5077],[-71.8472,-37.5103],[-71.8487,-37.5096],[-71.8566,-37.5126],[-71.8567,-37.5152],[-71.8652,-37.5188],[-71.8693,-37.5247],[-71.8743,-37.5284],[-71.8767,-37.5336],[-71.8765,-37.5394],[-71.891,-37.5442],[-71.892,-37.5481],[-71.895,-37.5476],[-71.8981,-37.5498],[-71.9017,-37.5483],[-71.9057,-37.5508],[-71.9175,-37.5482],[-71.9227,-37.5459],[-71.9262,-37.5422],[-71.9507,-37.5325],[-71.9544,-37.5338],[-71.9585,-37.531],[-71.9618,-37.5336],[-71.9646,-37.5319],[-71.9687,-37.5331],[-71.9722,-37.5316],[-71.9788,-37.5346],[-71.9805,-37.5387],[-71.9894,-37.5383],[-71.9907,-37.5427],[-71.9941,-37.545],[-72.0052,-37.5467],[-72.0091,-37.5451],[-72.0174,-37.5484],[-72.0274,-37.5479],[-72.0312,-37.5517],[-72.0305,-37.5535],[-72.0476,-37.5617],[-72.0526,-37.5607],[-72.0587,-37.5628],[-72.0698,-37.5631],[-72.0842,-37.5728],[-72.0884,-37.5737],[-72.0967,-37.5722],[-72.1002,-37.5762],[-72.1051,-37.5769],[-72.1111,-37.5809],[-72.1155,-37.5815],[-72.1249,-37.5795],[-72.1326,-37.5837],[-72.14,-37.5846],[-72.1432,-37.5834],[-72.1467,-37.5851],[-72.1575,-37.586],[-72.1455,-37.5807],[-72.142,-37.5759],[-72.1275,-37.5711],[-72.1236,-37.5648],[-72.1375,-37.5649],[-72.1468,-37.5584],[-72.1498,-37.5507],[-72.1763,-37.5464],[-72.1767,-37.5424],[-72.1686,-37.5422],[-72.1613,-37.5385],[-72.1589,-37.5343],[-72.1549,-37.536],[-72.1523,-37.5354],[-72.15,-37.5306],[-72.1456,-37.5284],[-72.1418,-37.5285],[-72.1349,-37.5228],[-72.1343,-37.5197],[-72.1306,-37.519],[-72.1295,-37.5161],[-72.126,-37.5165],[-72.1195,-37.5086],[-72.1163,-37.5093],[-72.1134,-37.5074],[-72.1096,-37.5089],[-72.1051,-37.5083],[-72.0986,-37.5056],[-72.098,-37.5025],[-72.0918,-37.4998],[-72.0912,-37.4967],[-72.0887,-37.4974],[-72.089,-37.4951],[-72.0826,-37.493],[-72.08,-37.4895],[-72.0805,-37.4867],[-72.0752,-37.4848],[-72.0711,-37.4783],[-72.0663,-37.4795],[-72.0659,-37.467],[-72.0686,-37.4625],[-72.0656,-37.4577],[-72.0598,-37.457],[-72.0582,-37.4532],[-72.052,-37.4546],[-72.0496,-37.4515],[-72.0422,-37.4472],[-72.0552,-37.4454],[-72.1058,-37.4466],[-72.1022,-37.4305],[-72.0683,-37.4261],[-72.0766,-37.4184],[-72.0678,-37.4001],[-72.0833,-37.3954],[-72.0853,-37.3909],[-72.0841,-37.3824],[-72.0904,-37.3533],[-72.0938,-37.3471],[-72.0967,-37.3208],[-72.1037,-37.3212],[-72.1166,-37.3174],[-72.1366,-37.3161],[-72.1311,-37.2977],[-72.1248,-37.2907],[-72.101,-37.2484],[-72.0949,-37.25],[-72.0857,-37.2206],[-72.0671,-37.2301],[-72.04,-37.2051],[-72.0322,-37.2107],[-72.033,-37.2193],[-72.0314,-37.2282],[-72.0256,-37.2333],[-72.019,-37.2353],[-72.0159,-37.242],[-72.0163,-37.2449],[-72.0087,-37.2506],[-72.0062,-37.258],[-71.9963,-37.2589],[-71.9932,-37.2715],[-71.9854,-37.2776],[-71.9826,-37.2843],[-71.9678,-37.2927],[-71.9684,-37.303],[-71.9659,-37.3061],[-71.9668,-37.3131],[-71.9643,-37.315],[-71.9576,-37.3267],[-71.9513,-37.3304],[-71.9475,-37.3303],[-71.9402,-37.3333],[-71.9352,-37.3402],[-71.9354,-37.3422],[-71.9317,-37.3447],[-71.9259,-37.3454],[-71.9244,-37.3486]]]]}},{"type":"Feature","properties":{"comunaId":"CHL.6.2.11_1","nombre":"SanRosendo","provincia":"Bío-Bío","regionGadm":"Bío-Bío","centerLat":-37.2001,"centerLon":-72.736},"geometry":{"type":"MultiPolygon","coordinates":[[[[-72.642,-37.2376],[-72.6881,-37.2529],[-72.6965,-37.2522],[-72.7041,-37.2537],[-72.7097,-37.2568],[-72.7192,-37.2681],[-72.7324,-37.2735],[-72.7379,-37.2553],[-72.7425,-37.2508],[-72.7435,-37.2403],[-72.7477,-37.2293],[-72.7643,-37.2176],[-72.7705,-37.2111],[-72.788,-37.2021],[-72.7976,-37.2075],[-72.8115,-37.21],[-72.8137,-37.2087],[-72.8167,-37.2028],[-72.8238,-37.2],[-72.8217,-37.1935],[-72.8225,-37.1913],[-72.821,-37.1902],[-72.8236,-37.1875],[-72.8175,-37.1842],[-72.8189,-37.1791],[-72.8133,-37.1777],[-72.8118,-37.1728],[-72.8066,-37.1746],[-72.8065,-37.1726],[-72.7997,-37.1664],[-72.7876,-37.1676],[-72.7843,-37.1662],[-72.7774,-37.168],[-72.7769,-37.1718],[-72.7698,-37.1789],[-72.7743,-37.1803],[-72.773,-37.1856],[-72.7697,-37.1872],[-72.769,-37.19],[-72.7671,-37.1908],[-72.7628,-37.1876],[-72.7587,-37.1872],[-72.7594,-37.1924],[-72.7556,-37.1906],[-72.7517,-37.1952],[-72.7451,-37.1884],[-72.7417,-37.1887],[-72.7405,-37.1841],[-72.736,-37.184],[-72.7351,-37.1827],[-72.7343,-37.1824],[-72.6778,-37.188],[-72.6773,-37.1838],[-72.6807,-37.1771],[-72.6785,-37.1747],[-72.6725,-37.1727],[-72.6696,-37.1744],[-72.6668,-37.182],[-72.6636,-37.1823],[-72.6612,-37.1846],[-72.6632,-37.1947],[-72.6622,-37.1961],[-72.6512,-37.1973],[-72.6488,-37.1988],[-72.6485,-37.202],[-72.6457,-37.2025],[-72.6457,-37.2086],[-72.6383,-37.2116],[-72.6342,-37.2181],[-72.6399,-37.2228],[-72.6417,-37.2265],[-72.642,-37.2376]]]]}},{"type":"Feature","properties":{"comunaId":"CHL.6.2.12_1","nombre":"SantaBárbara","provincia":"Bío-Bío","regionGadm":"Bío-Bío","centerLat":-37.6013,"centerLon":-71.712},"geometry":{"type":"MultiPolygon","coordinates":[[[[-71.3519,-37.5549],[-71.3527,-37.5579],[-71.3559,-37.5608],[-71.3542,-37.5641],[-71.3598,-37.5682],[-71.3816,-37.5652],[-71.3909,-37.5784],[-71.389,-37.585],[-71.3909,-37.5944],[-71.388,-37.5981],[-71.387,-37.6074],[-71.3883,-37.61],[-71.3864,-37.6138],[-71.3889,-37.6184],[-71.3871,-37.6223],[-71.3822,-37.6234],[-71.3806,-37.6272],[-71.3847,-37.6336],[-71.406,-37.6333],[-71.4161,-37.6269],[-71.4283,-37.629],[-71.4337,-37.6325],[-71.45,-37.6325],[-71.4582,-37.6376],[-71.4598,-37.6422],[-71.4725,-37.646],[-71.4768,-37.6459],[-71.4906,-37.6393],[-71.4967,-37.6396],[-71.4997,-37.6414],[-71.5008,-37.6473],[-71.5058,-37.6479],[-71.5159,-37.6528],[-71.5164,-37.6589],[-71.5238,-37.6634],[-71.5214,-37.671],[-71.5248,-37.6769],[-71.5407,-37.6826],[-71.5464,-37.6873],[-71.5588,-37.6796],[-71.5667,-37.6802],[-71.572,-37.677],[-71.5822,-37.6803],[-71.5855,-37.6832],[-71.5935,-37.7052],[-71.6025,-37.7146],[-71.6033,-37.7252],[-71.6129,-37.7309],[-71.6117,-37.7343],[-71.6032,-37.7369],[-71.6011,-37.7428],[-71.6023,-37.7458],[-71.5996,-37.7538],[-71.6045,-37.7554],[-71.6109,-37.7639],[-71.6233,-37.7702],[-71.6364,-37.7705],[-71.6468,-37.7632],[-71.6584,-37.7667],[-71.6542,-37.7743],[-71.6589,-37.7778],[-71.665,-37.7948],[-71.6728,-37.8046],[-71.6784,-37.8077],[-71.6844,-37.8048],[-71.6961,-37.8046],[-71.6982,-37.8016],[-71.7036,-37.7792],[-71.712,-37.7725],[-71.7222,-37.7716],[-71.7361,-37.7728],[-71.7437,-37.7706],[-71.7492,-37.7646],[-71.7601,-37.7655],[-71.7762,-37.763],[-71.778,-37.7593],[-71.7745,-37.7532],[-71.7751,-37.7512],[-71.7881,-37.7475],[-71.7888,-37.7407],[-71.7945,-37.739],[-71.8091,-37.7293],[-71.8123,-37.7246],[-71.814,-37.7146],[-71.8246,-37.7088],[-71.8281,-37.7098],[-71.8384,-37.7061],[-71.861,-37.7041],[-71.8657,-37.7055],[-71.8695,-37.7095],[-71.8766,-37.7127],[-71.894,-37.7158],[-71.9256,-37.6951],[-71.9491,-37.6851],[-71.9563,-37.6853],[-71.9671,-37.6897],[-71.9723,-37.6897],[-71.98,-37.6823],[-71.9937,-37.6781],[-71.9972,-37.674],[-72.0044,-37.6719],[-72.0112,-37.6729],[-72.0243,-37.6787],[-72.0366,-37.6797],[-72.0471,-37.674],[-72.0544,-37.6678],[-72.0674,-37.6629],[-72.0736,-37.6545],[-72.0855,-37.648],[-72.0894,-37.6488],[-72.0913,-37.6522],[-72.0972,-37.6537],[-72.1055,-37.6516],[-72.1264,-37.6518],[-72.1458,-37.6603],[-72.1619,-37.665],[-72.1673,-37.6654],[-72.1753,-37.6631],[-72.1736,-37.6604],[-72.1745,-37.6537],[-72.1663,-37.6272],[-72.1591,-37.6124],[-72.1566,-37.6121],[-72.1583,-37.5987],[-72.1569,-37.59],[-72.1479,-37.5853],[-72.1436,-37.5834],[-72.14,-37.5846],[-72.1316,-37.5835],[-72.1249,-37.5795],[-72.1128,-37.5813],[-72.1051,-37.5769],[-72.1002,-37.5762],[-72.0967,-37.5722],[-72.0884,-37.5737],[-72.0842,-37.5728],[-72.0698,-37.5631],[-72.0587,-37.5628],[-72.0526,-37.5607],[-72.0478,-37.5618],[-72.0305,-37.5535],[-72.0312,-37.5517],[-72.0274,-37.5479],[-72.0174,-37.5484],[-72.0091,-37.5451],[-72.0052,-37.5467],[-71.9941,-37.545],[-71.9907,-37.5427],[-71.9894,-37.5383],[-71.9805,-37.5387],[-71.9788,-37.5346],[-71.9722,-37.5316],[-71.9687,-37.5331],[-71.9646,-37.5319],[-71.9618,-37.5336],[-71.9585,-37.531],[-71.9544,-37.5338],[-71.9507,-37.5325],[-71.9262,-37.5422],[-71.9227,-37.5459],[-71.9175,-37.5482],[-71.9057,-37.5508],[-71.9017,-37.5483],[-71.8981,-37.5498],[-71.895,-37.5476],[-71.892,-37.5481],[-71.891,-37.5442],[-71.8765,-37.5394],[-71.8758,-37.5305],[-71.8687,-37.524],[-71.8675,-37.5208],[-71.8601,-37.5155],[-71.857,-37.5154],[-71.8566,-37.5126],[-71.8487,-37.5096],[-71.8472,-37.5103],[-71.8428,-37.5077],[-71.8328,-37.5105],[-71.8225,-37.5088],[-71.8197,-37.5097],[-71.8181,-37.5075],[-71.8099,-37.508],[-71.8028,-37.505],[-71.7914,-37.5034],[-71.7875,-37.5055],[-71.7795,-37.505],[-71.7727,-37.5097],[-71.7555,-37.5099],[-71.7495,-37.508],[-71.7474,-37.5096],[-71.7376,-37.5096],[-71.7335,-37.5119],[-71.7307,-37.5169],[-71.7259,-37.5193],[-71.724,-37.5228],[-71.7216,-37.5227],[-71.7183,-37.5266],[-71.7107,-37.5293],[-71.7097,-37.5342],[-71.7041,-37.5361],[-71.704,-37.5406],[-71.696,-37.5398],[-71.6831,-37.5423],[-71.6768,-37.5456],[-71.6721,-37.5443],[-71.6649,-37.5458],[-71.6576,-37.5437],[-71.6556,-37.5457],[-71.6529,-37.5439],[-71.6496,-37.5442],[-71.6484,-37.5415],[-71.6439,-37.5403],[-71.6429,-37.5385],[-71.6374,-37.538],[-71.6362,-37.5362],[-71.6296,-37.5389],[-71.6206,-37.537],[-71.6113,-37.5419],[-71.6003,-37.5412],[-71.5946,-37.538],[-71.5846,-37.5418],[-71.5747,-37.5419],[-71.5661,-37.546],[-71.561,-37.5455],[-71.5561,-37.5418],[-71.5501,-37.5412],[-71.5478,-37.5418],[-71.5463,-37.5445],[-71.5463,-37.549],[-71.5362,-37.5573],[-71.529,-37.5587],[-71.5226,-37.5635],[-71.5054,-37.5682],[-71.5006,-37.5711],[-71.4874,-37.5709],[-71.4789,-37.5675],[-71.4753,-37.5685],[-71.474,-37.566],[-71.4719,-37.5668],[-71.4627,-37.5587],[-71.4626,-37.5563],[-71.4649,-37.5543],[-71.4638,-37.553],[-71.4656,-37.5451],[-71.465,-37.5412],[-71.463,-37.5389],[-71.4648,-37.5372],[-71.4634,-37.5293],[-71.4706,-37.5237],[-71.472,-37.5206],[-71.4717,-37.5159],[-71.475,-37.5109],[-71.4752,-37.4909],[-71.4672,-37.4816],[-71.4714,-37.4731],[-71.4554,-37.4704],[-71.4426,-37.4634],[-71.4279,-37.4636],[-71.4208,-37.4611],[-71.4152,-37.4628],[-71.4138,-37.4683],[-71.409,-37.471],[-71.4075,-37.4809],[-71.4017,-37.491],[-71.3976,-37.493],[-71.3966,-37.4977],[-71.3926,-37.5023],[-71.3941,-37.5053],[-71.3937,-37.5148],[-71.3868,-37.5161],[-71.3846,-37.5213],[-71.3792,-37.5231],[-71.3774,-37.5276],[-71.3728,-37.5325],[-71.3612,-37.5376],[-71.3594,-37.5427],[-71.3539,-37.5466],[-71.3519,-37.5549]]]]}},{"type":"Feature","properties":{"comunaId":"CHL.6.2.13_1","nombre":"Tucapel","provincia":"Bío-Bío","regionGadm":"Bío-Bío","centerLat":-37.2122,"centerLon":-71.7523},"geometry":{"type":"MultiPolygon","coordinates":[[[[-71.5403,-37.0637],[-71.5304,-37.068],[-71.5187,-37.0656],[-71.5137,-37.0674],[-71.5123,-37.0751],[-71.515,-37.0848],[-71.5076,-37.0859],[-71.5026,-37.0885],[-71.4949,-37.0995],[-71.4885,-37.1055],[-71.4845,-37.1154],[-71.4864,-37.1199],[-71.4977,-37.1256],[-71.4971,-37.1305],[-71.4987,-37.1338],[-71.5053,-37.1345],[-71.5092,-37.1428],[-71.5138,-37.1485],[-71.5098,-37.1716],[-71.5075,-37.1755],[-71.5086,-37.1854],[-71.5066,-37.1952],[-71.5104,-37.2029],[-71.509,-37.2062],[-71.5122,-37.2095],[-71.5113,-37.2215],[-71.515,-37.2285],[-71.5219,-37.233],[-71.5231,-37.2368],[-71.5183,-37.2483],[-71.5114,-37.252],[-71.5091,-37.2576],[-71.5112,-37.2657],[-71.5109,-37.2861],[-71.5166,-37.3001],[-71.5238,-37.3109],[-71.5289,-37.3142],[-71.5339,-37.3135],[-71.5375,-37.3152],[-71.545,-37.3097],[-71.5458,-37.3121],[-71.5482,-37.3134],[-71.548,-37.3162],[-71.5609,-37.3178],[-71.5633,-37.3162],[-71.5674,-37.3212],[-71.57,-37.3203],[-71.5722,-37.3215],[-71.5761,-37.3189],[-71.5888,-37.3163],[-71.5973,-37.3165],[-71.6016,-37.3199],[-71.6066,-37.3183],[-71.6113,-37.3194],[-71.615,-37.3163],[-71.6208,-37.3179],[-71.631,-37.3137],[-71.6353,-37.31],[-71.6529,-37.3093],[-71.6556,-37.3114],[-71.6669,-37.3122],[-71.6719,-37.3103],[-71.6811,-37.3131],[-71.6862,-37.3168],[-71.7044,-37.3154],[-71.7093,-37.3195],[-71.7143,-37.3206],[-71.719,-37.3189],[-71.7223,-37.3212],[-71.7268,-37.3201],[-71.7351,-37.3229],[-71.7411,-37.3206],[-71.7472,-37.3221],[-71.7527,-37.3209],[-71.7606,-37.3243],[-71.7655,-37.3229],[-71.774,-37.324],[-71.7825,-37.3286],[-71.789,-37.33],[-71.8007,-37.3253],[-71.8108,-37.3252],[-71.818,-37.3286],[-71.8432,-37.3293],[-71.8524,-37.3343],[-71.8583,-37.3343],[-71.8662,-37.3311],[-71.8727,-37.3327],[-71.8782,-37.3312],[-71.8953,-37.3419],[-71.8976,-37.3455],[-71.9087,-37.3478],[-71.9098,-37.3505],[-71.9144,-37.3511],[-71.9244,-37.3486],[-71.9261,-37.3453],[-71.9325,-37.3443],[-71.9354,-37.3422],[-71.9352,-37.3402],[-71.9402,-37.3333],[-71.9475,-37.3303],[-71.9513,-37.3304],[-71.9576,-37.3267],[-71.9643,-37.315],[-71.9668,-37.3131],[-71.9659,-37.3061],[-71.9684,-37.303],[-71.9678,-37.2927],[-71.9826,-37.2843],[-71.9854,-37.2776],[-71.9932,-37.2715],[-71.9963,-37.2589],[-72.0062,-37.258],[-72.0087,-37.2506],[-72.0163,-37.2449],[-72.0159,-37.242],[-72.019,-37.2353],[-72.0256,-37.2333],[-72.0314,-37.2282],[-72.033,-37.2193],[-72.0319,-37.211],[-72.0497,-37.1984],[-72.062,-37.1935],[-72.0631,-37.1848],[-72.0544,-37.1776],[-72.0556,-37.1766],[-72.0534,-37.1749],[-72.0574,-37.1718],[-72.0598,-37.1737],[-72.0663,-37.1679],[-72.0367,-37.1678],[-72.0358,-37.1656],[-72.0118,-37.1769],[-72.0076,-37.1831],[-71.9979,-37.1836],[-71.9985,-37.1882],[-71.9906,-37.1932],[-71.9877,-37.1935],[-71.9855,-37.1909],[-71.9775,-37.188],[-71.9762,-37.1914],[-71.9735,-37.189],[-71.9712,-37.1917],[-71.964,-37.1897],[-71.9456,-37.1925],[-71.9445,-37.1911],[-71.9388,-37.1905],[-71.9309,-37.1854],[-71.9193,-37.1866],[-71.9169,-37.1825],[-71.9145,-37.1835],[-71.9112,-37.1815],[-71.905,-37.1848],[-71.8899,-37.1826],[-71.8858,-37.1764],[-71.8816,-37.1746],[-71.8821,-37.1727],[-71.8801,-37.1707],[-71.8752,-37.1684],[-71.8712,-37.1701],[-71.8689,-37.1694],[-71.8667,-37.1668],[-71.8663,-37.1632],[-71.8632,-37.1631],[-71.8622,-37.1646],[-71.8595,-37.1614],[-71.8501,-37.162],[-71.8475,-37.1543],[-71.8445,-37.1514],[-71.8432,-37.1387],[-71.841,-37.1376],[-71.8443,-37.129],[-71.8361,-37.1285],[-71.8376,-37.1252],[-71.8357,-37.1243],[-71.8271,-37.1249],[-71.8238,-37.1203],[-71.8141,-37.117],[-71.8071,-37.1119],[-71.7995,-37.1111],[-71.7971,-37.1087],[-71.7847,-37.112],[-71.7805,-37.1107],[-71.7763,-37.1126],[-71.7685,-37.1111],[-71.7579,-37.1154],[-71.7521,-37.1152],[-71.748,-37.1209],[-71.7359,-37.1226],[-71.7283,-37.1275],[-71.7228,-37.1243],[-71.7096,-37.1267],[-71.7007,-37.1336],[-71.6987,-37.1389],[-71.6943,-37.1393],[-71.6871,-37.1444],[-71.6779,-37.1449],[-71.6621,-37.1346],[-71.6535,-37.1311],[-71.643,-37.1342],[-71.6325,-37.1319],[-71.6269,-37.1332],[-71.6221,-37.1323],[-71.6199,-37.1336],[-71.6025,-37.1294],[-71.5996,-37.1303],[-71.5933,-37.1268],[-71.5813,-37.1244],[-71.5754,-37.1263],[-71.5694,-37.1335],[-71.5625,-37.1339],[-71.5561,-37.1306],[-71.5589,-37.1172],[-71.557,-37.1123],[-71.5566,-37.1017],[-71.5541,-37.0996],[-71.5542,-37.0969],[-71.551,-37.096],[-71.5504,-37.0936],[-71.5464,-37.0912],[-71.5441,-37.0858],[-71.5412,-37.0838],[-71.5422,-37.0818],[-71.5403,-37.0637]]]]}},{"type":"Feature","properties":{"comunaId":"CHL.6.2.14_1","nombre":"Yumbel","provincia":"Bío-Bío","regionGadm":"Bío-Bío","centerLat":-37.0924,"centerLon":-72.633},"geometry":{"type":"MultiPolygon","coordinates":[[[[-72.517,-36.9395],[-72.5158,-36.9528],[-72.5071,-36.9663],[-72.5095,-36.9724],[-72.5133,-36.9757],[-72.5137,-36.9812],[-72.5176,-36.9832],[-72.5227,-36.9901],[-72.52,-36.9973],[-72.5226,-37.0062],[-72.5218,-37.0137],[-72.5249,-37.0211],[-72.5237,-37.0237],[-72.5279,-37.0305],[-72.5276,-37.0351],[-72.5248,-37.0406],[-72.5277,-37.0481],[-72.5271,-37.0511],[-72.5248,-37.0521],[-72.5229,-37.0558],[-72.5242,-37.0589],[-72.5188,-37.0588],[-72.5153,-37.0626],[-72.5163,-37.0666],[-72.5107,-37.0696],[-72.5135,-37.0755],[-72.5108,-37.0803],[-72.514,-37.087],[-72.5228,-37.0961],[-72.5297,-37.0958],[-72.5327,-37.0979],[-72.5265,-37.0998],[-72.513,-37.0997],[-72.5134,-37.1012],[-72.5118,-37.1017],[-72.5079,-37.0999],[-72.508,-37.1021],[-72.5034,-37.1039],[-72.5045,-37.1064],[-72.5024,-37.1071],[-72.4996,-37.1051],[-72.4993,-37.1095],[-72.497,-37.109],[-72.4975,-37.1106],[-72.4937,-37.111],[-72.4867,-37.1172],[-72.4862,-37.1195],[-72.4837,-37.1167],[-72.4802,-37.1179],[-72.4764,-37.1172],[-72.475,-37.1154],[-72.4707,-37.1162],[-72.4778,-37.1223],[-72.5116,-37.1354],[-72.5072,-37.1379],[-72.5047,-37.1371],[-72.5052,-37.1353],[-72.5034,-37.1345],[-72.4981,-37.1378],[-72.4896,-37.1384],[-72.4859,-37.1401],[-72.486,-37.1429],[-72.4812,-37.1455],[-72.4726,-37.148],[-72.4705,-37.1471],[-72.466,-37.1499],[-72.4472,-37.1471],[-72.4464,-37.1488],[-72.4423,-37.1495],[-72.4418,-37.1666],[-72.4513,-37.1879],[-72.4307,-37.1844],[-72.4224,-37.2145],[-72.4419,-37.2135],[-72.448,-37.2164],[-72.4634,-37.2158],[-72.4716,-37.2195],[-72.4748,-37.2249],[-72.48,-37.2278],[-72.4856,-37.2284],[-72.4886,-37.232],[-72.4882,-37.238],[-72.4946,-37.2422],[-72.5011,-37.2435],[-72.5083,-37.2489],[-72.5117,-37.2486],[-72.5172,-37.2413],[-72.5195,-37.242],[-72.5213,-37.2462],[-72.5278,-37.2465],[-72.5323,-37.2373],[-72.5514,-37.2357],[-72.5574,-37.2327],[-72.5838,-37.2293],[-72.6227,-37.2302],[-72.633,-37.2328],[-72.642,-37.2376],[-72.6417,-37.2265],[-72.6399,-37.2228],[-72.6342,-37.2181],[-72.6383,-37.2116],[-72.6457,-37.2086],[-72.6457,-37.2025],[-72.6485,-37.202],[-72.6488,-37.1988],[-72.6512,-37.1973],[-72.6622,-37.1961],[-72.6632,-37.1947],[-72.6612,-37.1846],[-72.6636,-37.1823],[-72.6668,-37.182],[-72.6696,-37.1744],[-72.6725,-37.1727],[-72.6785,-37.1747],[-72.6807,-37.1771],[-72.6773,-37.1838],[-72.6778,-37.188],[-72.7343,-37.1824],[-72.736,-37.184],[-72.7405,-37.1841],[-72.7417,-37.1887],[-72.7451,-37.1884],[-72.7517,-37.1952],[-72.7556,-37.1906],[-72.7594,-37.1924],[-72.7587,-37.1872],[-72.7628,-37.1876],[-72.7671,-37.1908],[-72.769,-37.19],[-72.7697,-37.1872],[-72.773,-37.1856],[-72.7743,-37.1803],[-72.7698,-37.1789],[-72.7769,-37.1718],[-72.7774,-37.168],[-72.7843,-37.1662],[-72.792,-37.1674],[-72.7928,-37.1618],[-72.7902,-37.1582],[-72.7811,-37.1558],[-72.782,-37.1526],[-72.778,-37.1522],[-72.7787,-37.1494],[-72.7763,-37.1498],[-72.7717,-37.1475],[-72.7747,-37.1454],[-72.7749,-37.1418],[-72.766,-37.1416],[-72.7641,-37.1381],[-72.7666,-37.1333],[-72.776,-37.1316],[-72.7764,-37.1298],[-72.7749,-37.1309],[-72.7708,-37.1292],[-72.7766,-37.1266],[-72.7754,-37.1261],[-72.7756,-37.1236],[-72.7791,-37.1194],[-72.7782,-37.1166],[-72.7799,-37.1153],[-72.7781,-37.1099],[-72.7751,-37.1075],[-72.7764,-37.1001],[-72.7781,-37.0987],[-72.7766,-37.0969],[-72.7777,-37.0931],[-72.7751,-37.0899],[-72.7756,-37.0858],[-72.7734,-37.0826],[-72.7768,-37.0789],[-72.7766,-37.077],[-72.7688,-37.0748],[-72.7647,-37.0782],[-72.762,-37.0784],[-72.7595,-37.0777],[-72.7586,-37.0751],[-72.752,-37.0726],[-72.7505,-37.0665],[-72.7418,-37.062],[-72.7363,-37.0542],[-72.7366,-37.051],[-72.7331,-37.0486],[-72.7347,-37.0458],[-72.7256,-37.0415],[-72.7237,-37.0374],[-72.7232,-37.0293],[-72.7254,-37.021],[-72.7275,-37.0187],[-72.7347,-37.0166],[-72.7383,-37.0178],[-72.7424,-37.0137],[-72.745,-37.0148],[-72.749,-37.0088],[-72.7612,-37.0074],[-72.7596,-37],[-72.7702,-36.9991],[-72.7719,-36.9999],[-72.7693,-37.0017],[-72.7749,-37.002],[-72.7751,-36.9996],[-72.7727,-36.9977],[-72.7745,-36.9966],[-72.7614,-36.9903],[-72.7571,-36.9841],[-72.7436,-36.9733],[-72.7421,-36.9642],[-72.7382,-36.9617],[-72.7391,-36.9598],[-72.7354,-36.958],[-72.7265,-36.9598],[-72.7156,-36.9572],[-72.705,-36.952],[-72.7035,-36.9438],[-72.7015,-36.9413],[-72.7044,-36.9395],[-72.7022,-36.9389],[-72.6926,-36.943],[-72.6875,-36.9385],[-72.683,-36.937],[-72.6768,-36.9397],[-72.6761,-36.9462],[-72.6728,-36.9494],[-72.666,-36.9486],[-72.6614,-36.9517],[-72.6474,-36.9523],[-72.6507,-36.9433],[-72.6444,-36.9306],[-72.645,-36.9268],[-72.6468,-36.9244],[-72.6525,-36.9217],[-72.6483,-36.9184],[-72.6144,-36.9201],[-72.5997,-36.9235],[-72.588,-36.9285],[-72.5702,-36.9291],[-72.5617,-36.9274],[-72.5535,-36.9315],[-72.5471,-36.9309],[-72.5415,-36.9268],[-72.531,-36.9273],[-72.5189,-36.9314],[-72.5165,-36.9353],[-72.517,-36.9395]]]]}},{"type":"Feature","properties":{"comunaId":"CHL.6.3.1_1","nombre":"Chiguayante","provincia":"Concepción","regionGadm":"Bío-Bío","centerLat":-36.9042,"centerLon":-72.9898},"geometry":{"type":"MultiPolygon","coordinates":[[[[-73.0636,-36.8531],[-73.0439,-36.851],[-73.0329,-36.8547],[-73.0305,-36.8531],[-73.0258,-36.854],[-73.0235,-36.8562],[-73.024,-36.8597],[-73.0189,-36.8611],[-73.0174,-36.8656],[-73.0047,-36.8617],[-73.0025,-36.8652],[-72.9995,-36.8617],[-72.9965,-36.8621],[-72.9976,-36.8656],[-72.9943,-36.8743],[-72.989,-36.876],[-72.9746,-36.869],[-72.9712,-36.8691],[-72.9688,-36.8736],[-72.9634,-36.8724],[-72.9617,-36.8711],[-72.9607,-36.8658],[-72.9545,-36.8637],[-72.9501,-36.8663],[-72.9464,-36.8665],[-72.9485,-36.8731],[-72.9466,-36.8791],[-72.9474,-36.8841],[-72.9455,-36.8871],[-72.9482,-36.892],[-72.9444,-36.8964],[-72.9449,-36.9006],[-72.9431,-36.9039],[-72.9461,-36.9058],[-72.9445,-36.9105],[-72.9474,-36.9146],[-72.9563,-36.9157],[-72.9571,-36.9196],[-72.9604,-36.9221],[-72.9612,-36.9277],[-72.9667,-36.9331],[-72.9691,-36.9323],[-72.9751,-36.937],[-72.9774,-36.9357],[-72.9799,-36.9242],[-72.9788,-36.9207],[-72.9879,-36.916],[-72.995,-36.9154],[-72.9947,-36.9211],[-72.9967,-36.9235],[-72.9964,-36.9265],[-73.002,-36.9318],[-73.0019,-36.935],[-72.9964,-36.9371],[-72.9982,-36.9386],[-73.0023,-36.9377],[-73.0014,-36.9399],[-73.0026,-36.9415],[-72.9995,-36.9413],[-72.9988,-36.9426],[-73.0005,-36.9476],[-72.9996,-36.9502],[-73.0096,-36.9557],[-73.0063,-36.9602],[-73.0063,-36.9627],[-73.0097,-36.961],[-73.0141,-36.9611],[-73.0195,-36.9662],[-73.0236,-36.9637],[-73.0306,-36.9557],[-73.0408,-36.9361],[-73.0513,-36.8788],[-73.0636,-36.8531]]]]}},{"type":"Feature","properties":{"comunaId":"CHL.6.3.2_1","nombre":"Concepción","provincia":"Concepción","regionGadm":"Bío-Bío","centerLat":-36.8544,"centerLon":-72.9446},"geometry":{"type":"MultiPolygon","coordinates":[[[[-72.9431,-36.9039],[-72.9449,-36.9006],[-72.9446,-36.8957],[-72.9482,-36.892],[-72.9455,-36.8871],[-72.9474,-36.8841],[-72.9466,-36.8791],[-72.9485,-36.8731],[-72.9464,-36.8665],[-72.9501,-36.8663],[-72.9545,-36.8637],[-72.9607,-36.8658],[-72.9617,-36.8711],[-72.9634,-36.8724],[-72.9688,-36.8736],[-72.9712,-36.8691],[-72.9746,-36.869],[-72.989,-36.876],[-72.9943,-36.8743],[-72.9976,-36.8656],[-72.9965,-36.8621],[-72.9995,-36.8617],[-73.0025,-36.8652],[-73.0047,-36.8617],[-73.0174,-36.8656],[-73.0189,-36.8611],[-73.024,-36.8597],[-73.0235,-36.8562],[-73.0258,-36.854],[-73.0305,-36.8531],[-73.0329,-36.8547],[-73.0439,-36.851],[-73.0636,-36.8531],[-73.0706,-36.8372],[-73.0794,-36.8282],[-73.0906,-36.8216],[-73.0818,-36.814],[-73.0808,-36.8078],[-73.0722,-36.8016],[-73.0613,-36.7893],[-73.0569,-36.7778],[-73.0424,-36.7741],[-73.0366,-36.7791],[-73.0272,-36.7758],[-73.0292,-36.7861],[-73.023,-36.7869],[-73.0172,-36.7818],[-73.0154,-36.7836],[-73.0057,-36.7811],[-72.9972,-36.7747],[-72.9995,-36.782],[-72.982,-36.7729],[-72.9675,-36.7723],[-72.9638,-36.7672],[-72.9547,-36.7715],[-72.9434,-36.7638],[-72.9109,-36.7918],[-72.9072,-36.798],[-72.9022,-36.7979],[-72.9003,-36.7936],[-72.8944,-36.791],[-72.8885,-36.7937],[-72.8801,-36.7921],[-72.8626,-36.7947],[-72.8469,-36.7927],[-72.8496,-36.8031],[-72.852,-36.8041],[-72.8556,-36.8102],[-72.8548,-36.8119],[-72.8472,-36.812],[-72.8447,-36.8381],[-72.8697,-36.8623],[-72.8655,-36.8704],[-72.8618,-36.8739],[-72.8612,-36.881],[-72.8587,-36.887],[-72.8556,-36.8898],[-72.8557,-36.8944],[-72.8485,-36.8976],[-72.8487,-36.8996],[-72.8522,-36.9028],[-72.8473,-36.9087],[-72.8471,-36.9148],[-72.8512,-36.9179],[-72.858,-36.9166],[-72.8622,-36.9194],[-72.8717,-36.9218],[-72.8784,-36.9213],[-72.8813,-36.9229],[-72.8829,-36.9262],[-72.8862,-36.9272],[-72.891,-36.9246],[-72.8912,-36.922],[-72.8941,-36.9187],[-72.9016,-36.9164],[-72.9021,-36.9143],[-72.8985,-36.9104],[-72.9008,-36.9067],[-72.9113,-36.9051],[-72.9151,-36.8987],[-72.9198,-36.8949],[-72.9242,-36.8943],[-72.9276,-36.891],[-72.9391,-36.8946],[-72.9423,-36.8975],[-72.9412,-36.9034],[-72.9431,-36.9039]]]]}},{"type":"Feature","properties":{"comunaId":"CHL.6.3.3_1","nombre":"Coronel","provincia":"Concepción","regionGadm":"Bío-Bío","centerLat":-37.0202,"centerLon":-73.5219},"geometry":{"type":"MultiPolygon","coordinates":[[[[-73.5265,-36.9723],[-73.5232,-36.9719],[-73.5276,-36.9799],[-73.5275,-36.9826],[-73.519,-36.9933],[-73.5235,-37.0024],[-73.5213,-37.0069],[-73.5082,-37.0153],[-73.4757,-37.0295],[-73.4762,-37.0402],[-73.4724,-37.0464],[-73.4657,-37.0499],[-73.454,-37.0517],[-73.4661,-37.0516],[-73.4782,-37.0456],[-73.49,-37.0427],[-73.5089,-37.043],[-73.5108,-37.0446],[-73.5099,-37.0475],[-73.5116,-37.0527],[-73.5167,-37.0606],[-73.5161,-37.0682],[-73.5193,-37.0731],[-73.5189,-37.0774],[-73.5222,-37.0777],[-73.5214,-37.0745],[-73.5307,-37.0659],[-73.5304,-37.0613],[-73.5348,-37.0501],[-73.5404,-37.0458],[-73.5447,-37.0359],[-73.5475,-37.0343],[-73.5483,-37.0291],[-73.5519,-37.0262],[-73.5561,-37.0257],[-73.5535,-37.0231],[-73.5489,-37.0243],[-73.5437,-37.0195],[-73.5413,-37.0099],[-73.5417,-37.0032],[-73.5394,-37.0007],[-73.5374,-36.9936],[-73.5398,-36.984],[-73.5325,-36.9762],[-73.5343,-36.9742],[-73.5341,-36.9756],[-73.5358,-36.9758],[-73.5368,-36.9735],[-73.5333,-36.9716],[-73.5332,-36.9734],[-73.5276,-36.9728],[-73.5275,-36.9713],[-73.5265,-36.9723]]],[[[-73.0323,-36.9531],[-73.0214,-36.9651],[-73.0164,-36.9679],[-73.0067,-36.9681],[-73.001,-36.9747],[-72.9924,-36.9782],[-72.9877,-36.9783],[-72.9688,-36.9702],[-72.9583,-36.9707],[-72.9548,-36.9759],[-72.9543,-36.9854],[-72.9578,-36.9897],[-72.9734,-37],[-72.9747,-37.008],[-72.9789,-37.0166],[-72.9723,-37.0301],[-72.9773,-37.0488],[-72.9771,-37.0692],[-72.995,-37.0676],[-73.0022,-37.0717],[-73.016,-37.0706],[-73.0216,-37.0718],[-73.0256,-37.0796],[-73.0241,-37.0826],[-73.0202,-37.0852],[-73.0216,-37.0906],[-73.0296,-37.0979],[-73.0385,-37.1029],[-73.0428,-37.1033],[-73.0423,-37.1004],[-73.0439,-37.0975],[-73.0555,-37.0923],[-73.0582,-37.0858],[-73.058,-37.0823],[-73.061,-37.0779],[-73.0752,-37.0751],[-73.0728,-37.0687],[-73.069,-37.0659],[-73.0689,-37.0612],[-73.0755,-37.0545],[-73.0757,-37.0512],[-73.0796,-37.0488],[-73.0786,-37.0523],[-73.0894,-37.0541],[-73.0966,-37.0617],[-73.1072,-37.0674],[-73.1145,-37.0698],[-73.1221,-37.0702],[-73.1242,-37.0723],[-73.1398,-37.0739],[-73.1431,-37.0726],[-73.1434,-37.0702],[-73.1458,-37.0683],[-73.1415,-37.0607],[-73.1414,-37.0542],[-73.1436,-37.0511],[-73.1474,-37.0339],[-73.1479,-37.0326],[-73.1547,-37.0344],[-73.148,-37.0325],[-73.1506,-37.0281],[-73.1552,-37.0308],[-73.151,-37.0274],[-73.1565,-37.0245],[-73.1629,-37.0267],[-73.1705,-37.0251],[-73.1775,-37.0294],[-73.181,-37.0248],[-73.1814,-37.0135],[-73.1837,-37.0089],[-73.1866,-37.0075],[-73.1882,-37.0011],[-73.1873,-36.9923],[-73.179,-36.9811],[-73.1657,-36.9527],[-73.1573,-36.9272],[-73.1534,-36.9048],[-73.1343,-36.9075],[-73.1211,-36.9111],[-73.1116,-36.9184],[-73.1015,-36.9187],[-73.0865,-36.9242],[-73.0844,-36.9265],[-73.0866,-36.9341],[-73.089,-36.9358],[-73.0879,-36.9423],[-73.0763,-36.9555],[-73.0768,-36.9609],[-73.0752,-36.9636],[-73.0688,-36.9664],[-73.0661,-36.9751],[-73.061,-36.963],[-73.0471,-36.9571],[-73.0484,-36.9549],[-73.0455,-36.9543],[-73.044,-36.9583],[-73.0323,-36.9531]]]]}},{"type":"Feature","properties":{"comunaId":"CHL.6.3.4_1","nombre":"Florida","provincia":"Concepción","regionGadm":"Bío-Bío","centerLat":-36.8199,"centerLon":-72.7103},"geometry":{"type":"MultiPolygon","coordinates":[[[[-72.6525,-36.9217],[-72.6459,-36.9252],[-72.6444,-36.9306],[-72.6507,-36.943],[-72.6478,-36.9499],[-72.6482,-36.9525],[-72.6614,-36.9517],[-72.666,-36.9486],[-72.6728,-36.9494],[-72.6761,-36.9462],[-72.6768,-36.9397],[-72.683,-36.937],[-72.6875,-36.9385],[-72.6926,-36.943],[-72.7022,-36.9389],[-72.7044,-36.9395],[-72.7015,-36.9413],[-72.7035,-36.9438],[-72.705,-36.952],[-72.7161,-36.9574],[-72.7265,-36.9598],[-72.7347,-36.9579],[-72.7623,-36.9597],[-72.7683,-36.955],[-72.7798,-36.9535],[-72.7802,-36.949],[-72.7832,-36.946],[-72.7843,-36.9422],[-72.7885,-36.9429],[-72.7914,-36.9399],[-72.7948,-36.9449],[-72.7998,-36.9435],[-72.8052,-36.9498],[-72.8034,-36.9575],[-72.8054,-36.9598],[-72.8095,-36.9605],[-72.8107,-36.9636],[-72.8139,-36.9589],[-72.8168,-36.9575],[-72.8207,-36.9614],[-72.827,-36.9539],[-72.8267,-36.9481],[-72.8292,-36.9447],[-72.8235,-36.9381],[-72.8299,-36.9365],[-72.8341,-36.9329],[-72.8398,-36.9154],[-72.8471,-36.9148],[-72.8473,-36.9087],[-72.8522,-36.9028],[-72.8487,-36.8996],[-72.8485,-36.8976],[-72.8557,-36.8944],[-72.8556,-36.8898],[-72.8587,-36.887],[-72.8612,-36.881],[-72.8618,-36.8739],[-72.8655,-36.8704],[-72.8697,-36.8628],[-72.8447,-36.8381],[-72.8472,-36.812],[-72.8548,-36.8119],[-72.8556,-36.8102],[-72.852,-36.8041],[-72.8496,-36.8031],[-72.8469,-36.7927],[-72.8637,-36.7945],[-72.863,-36.7935],[-72.8678,-36.7913],[-72.8675,-36.7881],[-72.8689,-36.787],[-72.8676,-36.7838],[-72.8709,-36.7755],[-72.8691,-36.7737],[-72.8696,-36.7708],[-72.8649,-36.7671],[-72.8657,-36.7648],[-72.8642,-36.7588],[-72.8606,-36.7583],[-72.8577,-36.7547],[-72.8567,-36.7495],[-72.858,-36.7467],[-72.8526,-36.7471],[-72.8497,-36.7503],[-72.8445,-36.7513],[-72.8325,-36.749],[-72.8277,-36.7417],[-72.8203,-36.74],[-72.8198,-36.7382],[-72.8087,-36.7381],[-72.8066,-36.7404],[-72.802,-36.7416],[-72.7957,-36.7371],[-72.79,-36.7367],[-72.7803,-36.7418],[-72.7742,-36.7376],[-72.7638,-36.7367],[-72.7607,-36.7329],[-72.7528,-36.7285],[-72.7452,-36.731],[-72.7372,-36.7288],[-72.7336,-36.7247],[-72.7333,-36.7209],[-72.7245,-36.7162],[-72.7162,-36.7087],[-72.705,-36.7048],[-72.7126,-36.6967],[-72.7107,-36.6827],[-72.7168,-36.6761],[-72.7155,-36.6713],[-72.7176,-36.667],[-72.7158,-36.6652],[-72.7189,-36.6611],[-72.7188,-36.655],[-72.7154,-36.656],[-72.6974,-36.6526],[-72.688,-36.6545],[-72.6774,-36.6631],[-72.6726,-36.6646],[-72.6662,-36.6694],[-72.6577,-36.6663],[-72.6543,-36.6665],[-72.6525,-36.6694],[-72.6523,-36.6741],[-72.646,-36.6792],[-72.6459,-36.6817],[-72.6418,-36.6818],[-72.6374,-36.6862],[-72.6315,-36.6858],[-72.6234,-36.6905],[-72.6191,-36.6896],[-72.6172,-36.6911],[-72.6186,-36.6951],[-72.6214,-36.6965],[-72.6166,-36.7013],[-72.6181,-36.703],[-72.612,-36.7045],[-72.6069,-36.7165],[-72.6002,-36.724],[-72.5995,-36.7313],[-72.5955,-36.7338],[-72.5935,-36.7318],[-72.5903,-36.734],[-72.5899,-36.7401],[-72.5964,-36.7408],[-72.5965,-36.7473],[-72.5855,-36.7484],[-72.5893,-36.7534],[-72.5964,-36.756],[-72.6027,-36.7677],[-72.602,-36.7713],[-72.5976,-36.7754],[-72.5965,-36.7834],[-72.5942,-36.786],[-72.5947,-36.7888],[-72.5916,-36.7923],[-72.5931,-36.7962],[-72.5908,-36.7983],[-72.5905,-36.8011],[-72.5935,-36.8078],[-72.5931,-36.8161],[-72.5873,-36.82],[-72.5798,-36.8217],[-72.5774,-36.8251],[-72.5782,-36.83],[-72.5771,-36.8316],[-72.57,-36.8339],[-72.5678,-36.8365],[-72.5618,-36.8361],[-72.5564,-36.8395],[-72.5534,-36.8395],[-72.5519,-36.8423],[-72.5455,-36.8444],[-72.5384,-36.8496],[-72.5414,-36.8507],[-72.5565,-36.8476],[-72.5626,-36.8559],[-72.5731,-36.8657],[-72.5701,-36.8725],[-72.562,-36.8773],[-72.5604,-36.8829],[-72.5611,-36.8902],[-72.5657,-36.8902],[-72.5708,-36.8937],[-72.5815,-36.8945],[-72.5952,-36.8911],[-72.6025,-36.8925],[-72.6183,-36.8864],[-72.6298,-36.8863],[-72.6358,-36.8829],[-72.6426,-36.8822],[-72.6452,-36.8835],[-72.6541,-36.8922],[-72.6525,-36.8938],[-72.6534,-36.8963],[-72.6498,-36.9003],[-72.6512,-36.9056],[-72.6578,-36.9101],[-72.6525,-36.9217]]]]}},{"type":"Feature","properties":{"comunaId":"CHL.6.3.5_1","nombre":"Hualpén","provincia":"Concepción","regionGadm":"Bío-Bío","centerLat":-36.7805,"centerLon":-73.1808},"geometry":{"type":"MultiPolygon","coordinates":[[[[-73.0664,-36.7955],[-73.0808,-36.8078],[-73.0818,-36.814],[-73.0906,-36.8216],[-73.1297,-36.8137],[-73.1601,-36.8107],[-73.17,-36.8104],[-73.1714,-36.8127],[-73.1748,-36.8137],[-73.1758,-36.8125],[-73.1733,-36.812],[-73.1736,-36.8085],[-73.1803,-36.8039],[-73.1778,-36.8015],[-73.1796,-36.7993],[-73.1788,-36.7968],[-73.1814,-36.7959],[-73.1808,-36.7939],[-73.1834,-36.7938],[-73.1853,-36.7897],[-73.1881,-36.7906],[-73.1857,-36.7877],[-73.1887,-36.7872],[-73.1886,-36.7852],[-73.1926,-36.7869],[-73.1949,-36.7861],[-73.1919,-36.7846],[-73.193,-36.7812],[-73.2031,-36.7816],[-73.2118,-36.7867],[-73.2161,-36.7849],[-73.2185,-36.7871],[-73.2211,-36.7857],[-73.2187,-36.7863],[-73.2208,-36.7851],[-73.2183,-36.7861],[-73.2178,-36.7847],[-73.2157,-36.7847],[-73.2191,-36.7835],[-73.2176,-36.7821],[-73.2194,-36.781],[-73.2138,-36.7798],[-73.2154,-36.7792],[-73.2133,-36.776],[-73.2169,-36.7741],[-73.212,-36.774],[-73.2124,-36.7716],[-73.208,-36.7709],[-73.2085,-36.7679],[-73.2057,-36.7672],[-73.2045,-36.7643],[-73.1955,-36.7614],[-73.1995,-36.7585],[-73.1976,-36.7558],[-73.1954,-36.7573],[-73.1937,-36.7549],[-73.1895,-36.754],[-73.195,-36.7506],[-73.1916,-36.7503],[-73.1923,-36.747],[-73.1893,-36.7463],[-73.1878,-36.7491],[-73.1845,-36.7507],[-73.185,-36.753],[-73.1809,-36.7526],[-73.1803,-36.7541],[-73.177,-36.7545],[-73.1772,-36.7568],[-73.174,-36.7607],[-73.1754,-36.765],[-73.1737,-36.7662],[-73.1631,-36.7666],[-73.152,-36.7624],[-73.115,-36.7759],[-73.0743,-36.7851],[-73.069,-36.7938],[-73.0664,-36.7955]]]]}},{"type":"Feature","properties":{"comunaId":"CHL.6.3.6_1","nombre":"Hualqui","provincia":"Concepción","regionGadm":"Bío-Bío","centerLat":-37.0179,"centerLon":-72.8531},"geometry":{"type":"MultiPolygon","coordinates":[[[[-72.792,-37.1674],[-72.7948,-37.166],[-72.8004,-37.1667],[-72.8065,-37.1726],[-72.8066,-37.1746],[-72.8118,-37.1728],[-72.8133,-37.1777],[-72.8189,-37.1791],[-72.8175,-37.1842],[-72.8236,-37.1875],[-72.821,-37.1902],[-72.8225,-37.1913],[-72.8217,-37.1935],[-72.8238,-37.2],[-72.8299,-37.1988],[-72.8524,-37.2027],[-72.8576,-37.2007],[-72.8655,-37.1936],[-72.868,-37.1861],[-72.8734,-37.18],[-72.9255,-37.1703],[-72.9603,-37.1458],[-72.9696,-37.1246],[-72.9797,-37.1069],[-72.9813,-37.0856],[-72.9771,-37.0698],[-72.977,-37.0464],[-72.9724,-37.0324],[-72.9728,-37.0283],[-72.9789,-37.0166],[-72.9747,-37.008],[-72.9734,-37],[-72.9545,-36.9866],[-72.9556,-36.9732],[-72.9604,-36.9699],[-72.9657,-36.9697],[-72.9752,-36.972],[-72.9877,-36.9783],[-72.9924,-36.9782],[-73.001,-36.9747],[-73.0067,-36.9681],[-73.0164,-36.9679],[-73.0195,-36.9662],[-73.0141,-36.9611],[-73.0097,-36.961],[-73.0063,-36.9627],[-73.0063,-36.9602],[-73.0096,-36.9557],[-72.9996,-36.9502],[-73.0005,-36.9476],[-72.9988,-36.9426],[-72.9995,-36.9413],[-73.0026,-36.9415],[-73.0014,-36.9399],[-73.0023,-36.9377],[-72.9982,-36.9386],[-72.9964,-36.9371],[-73.0019,-36.935],[-73.002,-36.9318],[-72.9964,-36.9265],[-72.9967,-36.9235],[-72.9947,-36.9211],[-72.995,-36.9154],[-72.9879,-36.916],[-72.9788,-36.9207],[-72.9799,-36.9242],[-72.9774,-36.9357],[-72.9747,-36.9369],[-72.9736,-36.9347],[-72.9698,-36.9327],[-72.9667,-36.9331],[-72.9612,-36.9277],[-72.9604,-36.9221],[-72.9571,-36.9196],[-72.9563,-36.9157],[-72.9467,-36.9142],[-72.9444,-36.9098],[-72.946,-36.9051],[-72.9412,-36.9034],[-72.9423,-36.8975],[-72.9391,-36.8946],[-72.9276,-36.891],[-72.9242,-36.8943],[-72.9198,-36.8949],[-72.9151,-36.8987],[-72.9113,-36.9051],[-72.9008,-36.9067],[-72.8985,-36.9104],[-72.9021,-36.9143],[-72.9016,-36.9164],[-72.8941,-36.9187],[-72.8912,-36.922],[-72.891,-36.9246],[-72.8862,-36.9272],[-72.8829,-36.9262],[-72.8813,-36.9229],[-72.8784,-36.9213],[-72.8717,-36.9218],[-72.8622,-36.9194],[-72.858,-36.9166],[-72.8512,-36.9179],[-72.8475,-36.9148],[-72.8398,-36.9154],[-72.8341,-36.9329],[-72.8299,-36.9365],[-72.8235,-36.9381],[-72.8292,-36.9447],[-72.8267,-36.9481],[-72.827,-36.9539],[-72.8207,-36.9614],[-72.8168,-36.9575],[-72.8139,-36.9589],[-72.8107,-36.9636],[-72.8095,-36.9605],[-72.8054,-36.9598],[-72.8034,-36.9575],[-72.8052,-36.9498],[-72.7998,-36.9435],[-72.7948,-36.9449],[-72.7914,-36.9399],[-72.7885,-36.9429],[-72.7843,-36.9422],[-72.7832,-36.946],[-72.7802,-36.949],[-72.7798,-36.9535],[-72.7683,-36.955],[-72.7626,-36.9596],[-72.7374,-36.9589],[-72.7391,-36.9598],[-72.7384,-36.962],[-72.7421,-36.9642],[-72.7447,-36.9746],[-72.748,-36.9756],[-72.7522,-36.9813],[-72.7571,-36.9841],[-72.7614,-36.9903],[-72.7745,-36.9966],[-72.7727,-36.9977],[-72.7748,-36.999],[-72.7751,-37.0012],[-72.7693,-37.0017],[-72.7719,-36.9999],[-72.7702,-36.9991],[-72.7596,-37],[-72.7612,-37.0074],[-72.749,-37.0088],[-72.745,-37.0148],[-72.7424,-37.0137],[-72.7383,-37.0178],[-72.7347,-37.0166],[-72.7275,-37.0187],[-72.7254,-37.021],[-72.7232,-37.0293],[-72.7237,-37.0374],[-72.7256,-37.0415],[-72.7347,-37.0458],[-72.7331,-37.0486],[-72.7366,-37.051],[-72.7363,-37.0542],[-72.7418,-37.062],[-72.7505,-37.0665],[-72.752,-37.0726],[-72.7586,-37.0751],[-72.7595,-37.0777],[-72.762,-37.0784],[-72.7647,-37.0782],[-72.7688,-37.0748],[-72.7766,-37.077],[-72.7768,-37.0789],[-72.7734,-37.0826],[-72.7756,-37.0858],[-72.7751,-37.0899],[-72.7777,-37.0931],[-72.7766,-37.0969],[-72.7781,-37.0987],[-72.7764,-37.1001],[-72.7751,-37.1075],[-72.7781,-37.1099],[-72.7799,-37.1153],[-72.7782,-37.1166],[-72.7791,-37.1194],[-72.7756,-37.1236],[-72.7754,-37.1261],[-72.7766,-37.1266],[-72.7708,-37.1292],[-72.7749,-37.1309],[-72.7764,-37.1298],[-72.776,-37.1316],[-72.7666,-37.1333],[-72.7641,-37.1381],[-72.766,-37.1416],[-72.7749,-37.1418],[-72.7747,-37.1454],[-72.7717,-37.1475],[-72.7763,-37.1498],[-72.7787,-37.1494],[-72.778,-37.1522],[-72.782,-37.1526],[-72.7811,-37.1558],[-72.7902,-37.1582],[-72.7928,-37.1618],[-72.792,-37.1674]]]]}},{"type":"Feature","properties":{"comunaId":"CHL.6.3.7_1","nombre":"Lota","provincia":"Concepción","regionGadm":"Bío-Bío","centerLat":-37.1188,"centerLon":-73.1172},"geometry":{"type":"MultiPolygon","coordinates":[[[[-73.0802,-37.202],[-73.0825,-37.1974],[-73.0908,-37.1921],[-73.0931,-37.1865],[-73.0923,-37.1825],[-73.0938,-37.1798],[-73.0944,-37.1697],[-73.0973,-37.1681],[-73.099,-37.163],[-73.1068,-37.1623],[-73.1159,-37.1537],[-73.1271,-37.1528],[-73.1393,-37.1545],[-73.1478,-37.1518],[-73.1539,-37.1546],[-73.16,-37.1543],[-73.1725,-37.16],[-73.1807,-37.1584],[-73.1855,-37.1523],[-73.1814,-37.1531],[-73.1717,-37.1437],[-73.1738,-37.1357],[-73.1758,-37.135],[-73.1734,-37.1332],[-73.1748,-37.1326],[-73.1728,-37.131],[-73.1727,-37.1275],[-73.1703,-37.1267],[-73.1719,-37.126],[-73.1659,-37.1229],[-73.1625,-37.1189],[-73.1576,-37.12],[-73.1541,-37.1187],[-73.1522,-37.1151],[-73.1522,-37.111],[-73.1539,-37.1082],[-73.1575,-37.1091],[-73.1631,-37.1072],[-73.1632,-37.1056],[-73.159,-37.1022],[-73.16,-37.0975],[-73.1671,-37.0936],[-73.1722,-37.0951],[-73.1719,-37.0922],[-73.1743,-37.0887],[-73.17,-37.0831],[-73.1692,-37.0801],[-73.1713,-37.0806],[-73.1691,-37.0784],[-73.1677,-37.0804],[-73.1641,-37.0794],[-73.1639,-37.0773],[-73.1662,-37.0773],[-73.1643,-37.0752],[-73.1625,-37.0754],[-73.1632,-37.0738],[-73.1649,-37.0745],[-73.1631,-37.0719],[-73.1605,-37.0735],[-73.1547,-37.0724],[-73.1548,-37.0735],[-73.1511,-37.0734],[-73.1458,-37.0683],[-73.1434,-37.0702],[-73.1431,-37.0726],[-73.1393,-37.074],[-73.1242,-37.0723],[-73.1182,-37.0693],[-73.114,-37.0697],[-73.0966,-37.0617],[-73.0888,-37.0538],[-73.0786,-37.0523],[-73.0796,-37.0488],[-73.0757,-37.0512],[-73.0755,-37.0545],[-73.0689,-37.0612],[-73.069,-37.0659],[-73.0728,-37.0687],[-73.0752,-37.0751],[-73.061,-37.0779],[-73.058,-37.0823],[-73.0582,-37.0858],[-73.0555,-37.0923],[-73.0428,-37.0987],[-73.0422,-37.1019],[-73.0439,-37.1063],[-73.0473,-37.1098],[-73.0447,-37.1116],[-73.0416,-37.1194],[-73.0474,-37.1236],[-73.0508,-37.1288],[-73.0469,-37.132],[-73.0466,-37.1345],[-73.054,-37.1382],[-73.0543,-37.1398],[-73.0579,-37.1406],[-73.0535,-37.1437],[-73.0508,-37.1437],[-73.0505,-37.1482],[-73.0514,-37.1518],[-73.0581,-37.1606],[-73.0674,-37.183],[-73.0642,-37.1887],[-73.0643,-37.1917],[-73.0667,-37.1974],[-73.0714,-37.1964],[-73.0763,-37.1974],[-73.078,-37.1988],[-73.0773,-37.2002],[-73.0802,-37.202]]],[[[-73.1645,-37.1071],[-73.1641,-37.1073],[-73.1642,-37.1077],[-73.1651,-37.1073],[-73.1645,-37.1071]]]]}},{"type":"Feature","properties":{"comunaId":"CHL.6.3.8_1","nombre":"Penco","provincia":"Concepción","regionGadm":"Bío-Bío","centerLat":-36.7417,"centerLon":-72.9386},"geometry":{"type":"MultiPolygon","coordinates":[[[[-72.8637,-36.7945],[-72.8801,-36.7921],[-72.8885,-36.7937],[-72.8944,-36.791],[-72.9003,-36.7936],[-72.9022,-36.7979],[-72.9072,-36.798],[-72.9109,-36.7918],[-72.9434,-36.7638],[-72.9547,-36.7715],[-72.9633,-36.7671],[-72.9675,-36.7723],[-72.982,-36.7729],[-72.9995,-36.782],[-72.9972,-36.7747],[-73.0066,-36.7816],[-73.0154,-36.7836],[-73.0172,-36.7818],[-73.023,-36.7869],[-73.0292,-36.7861],[-73.0266,-36.7764],[-73.0382,-36.7784],[-73.0432,-36.7732],[-73.0442,-36.7657],[-73.0474,-36.7628],[-73.0443,-36.7625],[-73.0366,-36.757],[-73.0335,-36.7527],[-73.0337,-36.7474],[-73.0316,-36.7453],[-73.0187,-36.7421],[-73.0077,-36.7374],[-72.9972,-36.736],[-72.992,-36.7327],[-72.9909,-36.7278],[-72.992,-36.724],[-72.9858,-36.7213],[-72.9847,-36.7191],[-72.9869,-36.7159],[-72.9873,-36.7129],[-72.9892,-36.7096],[-72.9901,-36.7065],[-72.9865,-36.7133],[-72.9816,-36.7123],[-72.9838,-36.7075],[-72.9815,-36.7122],[-72.9775,-36.7103],[-72.9773,-36.7025],[-72.9733,-36.6975],[-72.974,-36.6901],[-72.9697,-36.6957],[-72.9582,-36.6979],[-72.953,-36.6973],[-72.9462,-36.6996],[-72.9389,-36.6948],[-72.9359,-36.6975],[-72.9372,-36.7001],[-72.935,-36.7001],[-72.9303,-36.6952],[-72.9265,-36.6945],[-72.9252,-36.6998],[-72.9321,-36.7003],[-72.9254,-36.7082],[-72.9229,-36.7089],[-72.9257,-36.7105],[-72.9253,-36.7127],[-72.9228,-36.7137],[-72.9196,-36.7125],[-72.9178,-36.7163],[-72.9154,-36.7158],[-72.9106,-36.7203],[-72.9086,-36.7178],[-72.9051,-36.7177],[-72.9051,-36.715],[-72.9009,-36.7099],[-72.8955,-36.7062],[-72.893,-36.7065],[-72.8862,-36.7149],[-72.8858,-36.7191],[-72.8816,-36.7191],[-72.8765,-36.7256],[-72.8755,-36.7295],[-72.8767,-36.739],[-72.8719,-36.742],[-72.8693,-36.7471],[-72.8661,-36.7489],[-72.863,-36.7481],[-72.8603,-36.7493],[-72.858,-36.7467],[-72.8567,-36.7495],[-72.8577,-36.7547],[-72.8606,-36.7583],[-72.8642,-36.7588],[-72.8657,-36.7648],[-72.8649,-36.7671],[-72.8696,-36.7708],[-72.8691,-36.7737],[-72.8709,-36.7755],[-72.8676,-36.7838],[-72.8689,-36.787],[-72.8675,-36.7881],[-72.8678,-36.7913],[-72.863,-36.7935],[-72.8637,-36.7945]]]]}},{"type":"Feature","properties":{"comunaId":"CHL.6.3.9_1","nombre":"SanPedrodelaPaz","provincia":"Concepción","regionGadm":"Bío-Bío","centerLat":-36.8992,"centerLon":-73.0939},"geometry":{"type":"MultiPolygon","coordinates":[[[[-73.0636,-36.8531],[-73.0513,-36.8788],[-73.0468,-36.8989],[-73.0431,-36.929],[-73.0323,-36.9531],[-73.044,-36.9583],[-73.0455,-36.9543],[-73.0484,-36.9549],[-73.0471,-36.9571],[-73.061,-36.963],[-73.0661,-36.9751],[-73.0688,-36.9664],[-73.0752,-36.9636],[-73.0768,-36.9609],[-73.0763,-36.9555],[-73.0879,-36.9423],[-73.089,-36.9358],[-73.0866,-36.9341],[-73.0844,-36.9265],[-73.0865,-36.9242],[-73.1015,-36.9187],[-73.1116,-36.9184],[-73.1211,-36.9111],[-73.1343,-36.9075],[-73.1534,-36.9048],[-73.1512,-36.8701],[-73.154,-36.8302],[-73.1603,-36.8201],[-73.1675,-36.8169],[-73.1715,-36.8123],[-73.17,-36.8104],[-73.1618,-36.8106],[-73.1297,-36.8137],[-73.0908,-36.8215],[-73.0794,-36.8282],[-73.0706,-36.8372],[-73.0636,-36.8531]]]]}},{"type":"Feature","properties":{"comunaId":"CHL.6.3.10_1","nombre":"SantaJuana","provincia":"Concepción","regionGadm":"Bío-Bío","centerLat":-37.3037,"centerLon":-72.9667},"geometry":{"type":"MultiPolygon","coordinates":[[[[-73.1333,-37.3569],[-73.134,-37.3536],[-73.1327,-37.3513],[-73.1291,-37.3494],[-73.1201,-37.3483],[-73.1198,-37.3438],[-73.1119,-37.3328],[-73.1112,-37.3285],[-73.1145,-37.3267],[-73.1146,-37.3248],[-73.1105,-37.3167],[-73.1108,-37.3124],[-73.1078,-37.3107],[-73.1123,-37.3054],[-73.1036,-37.2996],[-73.0959,-37.2889],[-73.0927,-37.2821],[-73.0917,-37.267],[-73.0878,-37.2595],[-73.0849,-37.2581],[-73.0703,-37.2581],[-73.0657,-37.2559],[-73.0702,-37.256],[-73.0768,-37.2517],[-73.0838,-37.2386],[-73.0876,-37.2391],[-73.0966,-37.236],[-73.1,-37.2397],[-73.1044,-37.2393],[-73.1079,-37.2424],[-73.1135,-37.23],[-73.112,-37.2282],[-73.1186,-37.2242],[-73.1172,-37.2194],[-73.118,-37.2171],[-73.1039,-37.2138],[-73.1005,-37.2106],[-73.096,-37.2094],[-73.0887,-37.2119],[-73.0825,-37.206],[-73.0814,-37.2026],[-73.0773,-37.2002],[-73.0777,-37.1982],[-73.0714,-37.1964],[-73.0667,-37.1974],[-73.0641,-37.1896],[-73.0674,-37.183],[-73.0581,-37.1606],[-73.0514,-37.1518],[-73.0505,-37.1482],[-73.0508,-37.1437],[-73.0535,-37.1437],[-73.0579,-37.1406],[-73.0543,-37.1398],[-73.054,-37.1382],[-73.0466,-37.1345],[-73.0469,-37.132],[-73.0508,-37.1288],[-73.0474,-37.1236],[-73.0416,-37.1194],[-73.0447,-37.1116],[-73.0473,-37.1098],[-73.0428,-37.1033],[-73.0388,-37.103],[-73.03,-37.0982],[-73.0218,-37.0908],[-73.0202,-37.0852],[-73.0241,-37.0826],[-73.0255,-37.0793],[-73.0228,-37.0729],[-73.0181,-37.0708],[-73.0022,-37.0717],[-72.995,-37.0676],[-72.9771,-37.0692],[-72.9813,-37.0856],[-72.9784,-37.1103],[-72.9696,-37.1246],[-72.9603,-37.1458],[-72.9282,-37.1689],[-72.9165,-37.1729],[-72.8734,-37.18],[-72.868,-37.1861],[-72.8655,-37.1936],[-72.8576,-37.2007],[-72.8524,-37.2027],[-72.8261,-37.1992],[-72.8167,-37.2028],[-72.8137,-37.2087],[-72.8096,-37.2102],[-72.7976,-37.2075],[-72.788,-37.2021],[-72.7705,-37.2111],[-72.7643,-37.2176],[-72.746,-37.2316],[-72.7425,-37.2508],[-72.7379,-37.2553],[-72.7337,-37.2712],[-72.729,-37.2758],[-72.7339,-37.2822],[-72.7316,-37.2844],[-72.7325,-37.2899],[-72.7278,-37.2922],[-72.7268,-37.2947],[-72.7304,-37.2983],[-72.7314,-37.3034],[-72.7394,-37.3054],[-72.7428,-37.309],[-72.744,-37.3112],[-72.7414,-37.3155],[-72.7456,-37.3156],[-72.7499,-37.3229],[-72.7526,-37.321],[-72.7524,-37.3182],[-72.7642,-37.3139],[-72.7668,-37.3093],[-72.7691,-37.3107],[-72.7745,-37.3105],[-72.7759,-37.3158],[-72.78,-37.3174],[-72.7836,-37.3128],[-72.7881,-37.314],[-72.7904,-37.3108],[-72.7971,-37.3139],[-72.8034,-37.3074],[-72.8061,-37.3131],[-72.8055,-37.32],[-72.8081,-37.3307],[-72.8045,-37.3325],[-72.8038,-37.3359],[-72.8113,-37.3444],[-72.8174,-37.3433],[-72.8257,-37.3389],[-72.8289,-37.3336],[-72.8313,-37.3334],[-72.8422,-37.3358],[-72.8431,-37.3412],[-72.8473,-37.3482],[-72.8499,-37.3486],[-72.8504,-37.3503],[-72.8565,-37.3508],[-72.8627,-37.3483],[-72.866,-37.3496],[-72.8657,-37.3517],[-72.8692,-37.3501],[-72.8737,-37.3506],[-72.8749,-37.3553],[-72.8769,-37.3565],[-72.8827,-37.3516],[-72.8827,-37.3499],[-72.8913,-37.3502],[-72.8928,-37.3482],[-72.8906,-37.3462],[-72.8944,-37.3439],[-72.8979,-37.3444],[-72.8997,-37.3523],[-72.9042,-37.3514],[-72.907,-37.3567],[-72.9116,-37.356],[-72.9103,-37.3544],[-72.912,-37.3512],[-72.9238,-37.3535],[-72.9256,-37.3557],[-72.9252,-37.3588],[-72.9311,-37.3619],[-72.9289,-37.3649],[-72.9298,-37.367],[-72.9336,-37.367],[-72.9357,-37.3689],[-72.9394,-37.3686],[-72.9436,-37.3707],[-72.9448,-37.3771],[-72.9504,-37.3845],[-72.9509,-37.388],[-72.9483,-37.3922],[-72.9507,-37.3974],[-72.9573,-37.4029],[-72.9645,-37.4017],[-72.9659,-37.4052],[-72.9614,-37.4079],[-72.9639,-37.4099],[-72.9624,-37.4117],[-72.963,-37.4149],[-72.9677,-37.4183],[-72.9665,-37.4273],[-72.9682,-37.4318],[-72.974,-37.4342],[-72.9768,-37.4401],[-72.9767,-37.4418],[-72.9727,-37.4436],[-72.9692,-37.448],[-72.9773,-37.451],[-72.9874,-37.4495],[-72.986,-37.4462],[-72.9916,-37.4465],[-72.9974,-37.4425],[-73.0049,-37.4432],[-73.0065,-37.4408],[-73.0135,-37.4396],[-73.0182,-37.4404],[-73.0189,-37.4431],[-73.0221,-37.4436],[-73.0219,-37.447],[-73.0297,-37.4441],[-73.0374,-37.4476],[-73.0448,-37.4433],[-73.0447,-37.4411],[-73.0463,-37.4399],[-73.0542,-37.4406],[-73.0609,-37.4369],[-73.0681,-37.4396],[-73.0715,-37.4371],[-73.0839,-37.4357],[-73.0864,-37.4336],[-73.0851,-37.4319],[-73.0869,-37.4277],[-73.0988,-37.4275],[-73.1014,-37.429],[-73.1025,-37.4266],[-73.1128,-37.4262],[-73.1215,-37.4282],[-73.1232,-37.4215],[-73.1258,-37.4209],[-73.126,-37.4138],[-73.1199,-37.4058],[-73.1141,-37.4026],[-73.1227,-37.3935],[-73.1155,-37.3892],[-73.1188,-37.3866],[-73.1149,-37.3843],[-73.1186,-37.3805],[-73.1162,-37.377],[-73.1176,-37.3713],[-73.1158,-37.367],[-73.1269,-37.3557],[-73.1333,-37.3569]]]]}},{"type":"Feature","properties":{"comunaId":"CHL.6.3.11_1","nombre":"Talcahuano","provincia":"Concepción","regionGadm":"Bío-Bío","centerLat":-36.6972,"centerLon":-73.1153},"geometry":{"type":"MultiPolygon","coordinates":[[[[-73.0424,-36.7741],[-73.0569,-36.7778],[-73.06,-36.7869],[-73.0664,-36.7955],[-73.069,-36.7938],[-73.0743,-36.7851],[-73.115,-36.7759],[-73.1518,-36.7627],[-73.1398,-36.7559],[-73.1319,-36.7482],[-73.1284,-36.7412],[-73.1326,-36.7398],[-73.128,-36.7404],[-73.127,-36.7311],[-73.1297,-36.7257],[-73.1315,-36.725],[-73.1401,-36.7327],[-73.1395,-36.7313],[-73.1437,-36.7307],[-73.1464,-36.7336],[-73.1427,-36.7267],[-73.1449,-36.7226],[-73.1502,-36.7201],[-73.1521,-36.7201],[-73.152,-36.7215],[-73.1557,-36.7198],[-73.1535,-36.7183],[-73.1572,-36.7161],[-73.1569,-36.7108],[-73.1611,-36.7131],[-73.1626,-36.7123],[-73.1596,-36.7086],[-73.1573,-36.7094],[-73.1587,-36.706],[-73.1549,-36.7067],[-73.1546,-36.7045],[-73.1525,-36.7045],[-73.1523,-36.7015],[-73.1488,-36.7013],[-73.1487,-36.6973],[-73.1465,-36.6983],[-73.1447,-36.695],[-73.1393,-36.6963],[-73.1369,-36.6936],[-73.1382,-36.6916],[-73.1445,-36.6903],[-73.1427,-36.6885],[-73.1373,-36.6884],[-73.137,-36.6865],[-73.1393,-36.6853],[-73.1376,-36.6839],[-73.1395,-36.6837],[-73.1402,-36.6813],[-73.1364,-36.6817],[-73.1346,-36.6785],[-73.139,-36.6766],[-73.1389,-36.6747],[-73.137,-36.6759],[-73.1359,-36.6726],[-73.1328,-36.6729],[-73.1325,-36.6706],[-73.1344,-36.6691],[-73.1329,-36.6693],[-73.1304,-36.6645],[-73.1336,-36.6633],[-73.1346,-36.6608],[-73.1324,-36.6624],[-73.1279,-36.6606],[-73.1253,-36.6541],[-73.1284,-36.6466],[-73.1337,-36.6441],[-73.1335,-36.6425],[-73.1312,-36.6388],[-73.1231,-36.6351],[-73.1195,-36.6299],[-73.1202,-36.6276],[-73.1179,-36.6251],[-73.1194,-36.6239],[-73.1194,-36.6177],[-73.1173,-36.6159],[-73.1184,-36.6149],[-73.1147,-36.6151],[-73.1114,-36.6175],[-73.1071,-36.6151],[-73.1007,-36.6176],[-73.0938,-36.623],[-73.0904,-36.63],[-73.0919,-36.6383],[-73.0935,-36.64],[-73.0928,-36.6437],[-73.096,-36.646],[-73.0962,-36.6513],[-73.0979,-36.6523],[-73.0968,-36.6561],[-73.0982,-36.6573],[-73.0975,-36.6741],[-73.1003,-36.6779],[-73.1015,-36.6848],[-73.1039,-36.6866],[-73.1037,-36.6882],[-73.098,-36.6903],[-73.0951,-36.6939],[-73.0967,-36.6954],[-73.0994,-36.6948],[-73.1001,-36.6963],[-73.1002,-36.6944],[-73.1018,-36.6968],[-73.101,-36.6928],[-73.1033,-36.6921],[-73.1065,-36.695],[-73.1044,-36.6953],[-73.1063,-36.6953],[-73.1082,-36.6999],[-73.1041,-36.7018],[-73.1096,-36.7003],[-73.1135,-36.7065],[-73.1107,-36.7089],[-73.1137,-36.7095],[-73.1124,-36.7124],[-73.1101,-36.7136],[-73.1081,-36.7104],[-73.1073,-36.7211],[-73.1034,-36.7234],[-73.1015,-36.7208],[-73.1029,-36.7244],[-73.0906,-36.7287],[-73.0432,-36.7367],[-73.0097,-36.7386],[-73.0333,-36.7467],[-73.0335,-36.7527],[-73.0366,-36.757],[-73.0443,-36.7625],[-73.0474,-36.7627],[-73.0472,-36.7643],[-73.0442,-36.7657],[-73.0445,-36.7699],[-73.0424,-36.7741]]],[[[-73.1362,-36.6722],[-73.1365,-36.6727],[-73.1379,-36.6722],[-73.1374,-36.6715],[-73.1362,-36.6722]]],[[[-73.0483,-36.6042],[-73.0473,-36.604],[-73.0494,-36.6111],[-73.0517,-36.6147],[-73.0504,-36.6221],[-73.0513,-36.6287],[-73.0533,-36.6312],[-73.0555,-36.6306],[-73.0588,-36.6336],[-73.0584,-36.638],[-73.0553,-36.643],[-73.0627,-36.643],[-73.0662,-36.6463],[-73.0713,-36.6479],[-73.0731,-36.6459],[-73.0693,-36.645],[-73.0645,-36.6352],[-73.0661,-36.6323],[-73.0692,-36.6314],[-73.0682,-36.6227],[-73.0617,-36.6158],[-73.0606,-36.6136],[-73.0619,-36.6129],[-73.0593,-36.6121],[-73.0603,-36.6108],[-73.058,-36.61],[-73.0583,-36.6082],[-73.0569,-36.6111],[-73.0547,-36.6113],[-73.0525,-36.6097],[-73.053,-36.6075],[-73.0514,-36.6094],[-73.0517,-36.6083],[-73.0501,-36.6085],[-73.0507,-36.6067],[-73.0488,-36.6063],[-73.05,-36.605],[-73.0483,-36.6042]]]]}},{"type":"Feature","properties":{"comunaId":"CHL.6.3.12_1","nombre":"Tomé","provincia":"Concepción","regionGadm":"Bío-Bío","centerLat":-36.5939,"centerLon":-72.8867},"geometry":{"type":"MultiPolygon","coordinates":[[[[-72.7196,-36.6554],[-72.7189,-36.6611],[-72.7158,-36.6652],[-72.7176,-36.667],[-72.7155,-36.6713],[-72.7168,-36.6761],[-72.7107,-36.6827],[-72.7126,-36.6967],[-72.705,-36.7048],[-72.7162,-36.7087],[-72.7245,-36.7162],[-72.7333,-36.7209],[-72.7336,-36.7247],[-72.7372,-36.7288],[-72.7452,-36.731],[-72.7528,-36.7285],[-72.7607,-36.7329],[-72.7638,-36.7367],[-72.7742,-36.7376],[-72.7799,-36.7418],[-72.7894,-36.7368],[-72.7957,-36.7371],[-72.8017,-36.7415],[-72.804,-36.7417],[-72.8083,-36.7382],[-72.8137,-36.7374],[-72.8198,-36.7382],[-72.8203,-36.74],[-72.8277,-36.7417],[-72.8329,-36.7491],[-72.8449,-36.7513],[-72.8497,-36.7503],[-72.8526,-36.7471],[-72.8566,-36.746],[-72.8603,-36.7493],[-72.8636,-36.748],[-72.8659,-36.7489],[-72.8693,-36.7471],[-72.8719,-36.742],[-72.8767,-36.739],[-72.8755,-36.7295],[-72.8765,-36.7256],[-72.8816,-36.7191],[-72.8858,-36.7191],[-72.8862,-36.7149],[-72.893,-36.7065],[-72.8955,-36.7062],[-72.9009,-36.7099],[-72.9051,-36.715],[-72.9051,-36.7177],[-72.9086,-36.7178],[-72.9115,-36.7204],[-72.9117,-36.7184],[-72.9154,-36.7158],[-72.9178,-36.7163],[-72.9196,-36.7125],[-72.9228,-36.7137],[-72.9253,-36.7127],[-72.9257,-36.7105],[-72.9229,-36.7089],[-72.9254,-36.7082],[-72.9321,-36.7003],[-72.9252,-36.6998],[-72.9265,-36.6945],[-72.9303,-36.6952],[-72.9343,-36.6998],[-72.9364,-36.7002],[-72.9374,-36.6993],[-72.9362,-36.6967],[-72.9389,-36.6948],[-72.9462,-36.6996],[-72.953,-36.6973],[-72.9651,-36.6972],[-72.971,-36.6947],[-72.9755,-36.6872],[-72.9772,-36.6805],[-72.9847,-36.6712],[-72.9783,-36.6676],[-72.9777,-36.6634],[-72.9642,-36.6483],[-72.9561,-36.6323],[-72.956,-36.6269],[-72.9593,-36.6193],[-72.9637,-36.6192],[-72.9639,-36.6156],[-72.9663,-36.6122],[-72.9707,-36.611],[-72.9724,-36.6123],[-72.9741,-36.6108],[-72.9765,-36.6121],[-72.9804,-36.609],[-72.9789,-36.6078],[-72.9768,-36.5979],[-72.9781,-36.5921],[-72.9817,-36.5872],[-72.9887,-36.5841],[-72.9917,-36.5809],[-73.0001,-36.5814],[-73.002,-36.5787],[-72.992,-36.575],[-72.9922,-36.5733],[-72.9898,-36.5726],[-72.9861,-36.5665],[-72.9827,-36.5646],[-72.9833,-36.5623],[-72.9808,-36.5625],[-72.9787,-36.5597],[-72.9771,-36.5517],[-72.9782,-36.5472],[-72.9765,-36.5442],[-72.978,-36.5395],[-72.9764,-36.5373],[-72.9791,-36.534],[-72.9761,-36.5307],[-72.976,-36.5293],[-72.978,-36.5293],[-72.9747,-36.527],[-72.9757,-36.526],[-72.972,-36.5272],[-72.9707,-36.5249],[-72.9665,-36.524],[-72.9661,-36.5217],[-72.9608,-36.5231],[-72.9582,-36.5267],[-72.9551,-36.5261],[-72.9546,-36.5235],[-72.9533,-36.5234],[-72.9537,-36.5279],[-72.9568,-36.5274],[-72.9585,-36.5305],[-72.9571,-36.5339],[-72.9587,-36.5385],[-72.9554,-36.5448],[-72.9553,-36.551],[-72.957,-36.5549],[-72.955,-36.5568],[-72.952,-36.5536],[-72.9499,-36.5475],[-72.9389,-36.5471],[-72.9317,-36.5434],[-72.9344,-36.5409],[-72.9335,-36.5383],[-72.9378,-36.5321],[-72.9373,-36.5306],[-72.9327,-36.5277],[-72.9343,-36.5251],[-72.9306,-36.5256],[-72.9325,-36.5235],[-72.9327,-36.5205],[-72.9285,-36.5226],[-72.9276,-36.5194],[-72.9256,-36.5182],[-72.9268,-36.5159],[-72.9242,-36.5149],[-72.9237,-36.512],[-72.92,-36.5101],[-72.9194,-36.5082],[-72.9123,-36.5059],[-72.9065,-36.4987],[-72.9068,-36.4961],[-72.9117,-36.495],[-72.9091,-36.4941],[-72.9089,-36.4914],[-72.9073,-36.4904],[-72.909,-36.4897],[-72.9068,-36.4844],[-72.914,-36.4828],[-72.9175,-36.4802],[-72.9159,-36.4784],[-72.9143,-36.4793],[-72.9103,-36.478],[-72.9121,-36.4768],[-72.9116,-36.4743],[-72.9061,-36.469],[-72.9071,-36.4662],[-72.9059,-36.4634],[-72.9023,-36.4607],[-72.9028,-36.4535],[-72.9013,-36.4536],[-72.9019,-36.4515],[-72.9,-36.4518],[-72.8976,-36.4462],[-72.8953,-36.4467],[-72.8934,-36.444],[-72.8883,-36.4433],[-72.8856,-36.4452],[-72.8805,-36.4455],[-72.8766,-36.4494],[-72.8778,-36.4549],[-72.8725,-36.4572],[-72.8691,-36.4551],[-72.8653,-36.4571],[-72.8613,-36.457],[-72.8558,-36.4596],[-72.8541,-36.4623],[-72.8518,-36.4591],[-72.8413,-36.4619],[-72.8353,-36.4606],[-72.8328,-36.4622],[-72.8262,-36.4613],[-72.8195,-36.4541],[-72.8098,-36.4597],[-72.8135,-36.482],[-72.8002,-36.4968],[-72.8079,-36.5061],[-72.8012,-36.5108],[-72.8082,-36.511],[-72.8116,-36.5151],[-72.8141,-36.5156],[-72.819,-36.5124],[-72.8201,-36.5136],[-72.8212,-36.5173],[-72.8279,-36.5256],[-72.8234,-36.5367],[-72.8262,-36.5422],[-72.7978,-36.5636],[-72.7976,-36.5703],[-72.7984,-36.5719],[-72.8009,-36.5719],[-72.7983,-36.606],[-72.7646,-36.6053],[-72.7645,-36.6084],[-72.767,-36.6098],[-72.7727,-36.6221],[-72.7771,-36.624],[-72.7733,-36.625],[-72.7622,-36.6248],[-72.7518,-36.6217],[-72.7431,-36.6215],[-72.7337,-36.6173],[-72.7323,-36.623],[-72.735,-36.6401],[-72.7329,-36.6436],[-72.7196,-36.6554]]]]}},{"type":"Feature","properties":{"comunaId":"CHL.13.1.1_1","nombre":"Bulnes","provincia":"Diguillín","regionGadm":"Ñuble","centerLat":-36.7719,"centerLon":-72.2908},"geometry":{"type":"MultiPolygon","coordinates":[[[[-72.4417,-36.6882],[-72.4342,-36.6942],[-72.434,-36.6968],[-72.4363,-36.6982],[-72.437,-36.7011],[-72.4316,-36.7019],[-72.4255,-36.6981],[-72.4198,-36.7003],[-72.4122,-36.6988],[-72.4048,-36.7009],[-72.4033,-36.7037],[-72.3987,-36.7067],[-72.3951,-36.7062],[-72.3895,-36.7025],[-72.3878,-36.7066],[-72.3814,-36.7066],[-72.3792,-36.7047],[-72.3773,-36.6989],[-72.3738,-36.6996],[-72.367,-36.6979],[-72.3653,-36.7],[-72.3605,-36.701],[-72.3511,-36.6959],[-72.347,-36.6987],[-72.3438,-36.6968],[-72.342,-36.6996],[-72.3308,-36.7002],[-72.3255,-36.6981],[-72.3237,-36.6945],[-72.3131,-36.6962],[-72.3096,-36.6993],[-72.3099,-36.7069],[-72.3058,-36.7102],[-72.2961,-36.7127],[-72.295,-36.7116],[-72.2966,-36.7084],[-72.2956,-36.7059],[-72.2868,-36.705],[-72.2814,-36.7089],[-72.2809,-36.7128],[-72.2733,-36.7151],[-72.272,-36.722],[-72.2674,-36.7202],[-72.2659,-36.7245],[-72.2549,-36.7277],[-72.2517,-36.731],[-72.2361,-36.7319],[-72.2333,-36.7302],[-72.2328,-36.7348],[-72.2264,-36.7331],[-72.2242,-36.7358],[-72.2216,-36.7357],[-72.218,-36.7384],[-72.2162,-36.7369],[-72.2006,-36.7403],[-72.2007,-36.7376],[-72.1963,-36.7385],[-72.1937,-36.735],[-72.1865,-36.7367],[-72.1822,-36.7349],[-72.1803,-36.7387],[-72.1757,-36.7396],[-72.1735,-36.7375],[-72.1659,-36.7389],[-72.1604,-36.738],[-72.1555,-36.7348],[-72.1484,-36.7379],[-72.1458,-36.7365],[-72.1415,-36.7374],[-72.1343,-36.7342],[-72.1291,-36.7469],[-72.1273,-36.7574],[-72.1242,-36.761],[-72.124,-36.7658],[-72.1081,-36.7953],[-72.1113,-36.7965],[-72.1123,-36.7936],[-72.1184,-36.7923],[-72.122,-36.794],[-72.1335,-36.7907],[-72.1352,-36.7916],[-72.1369,-36.7892],[-72.1462,-36.787],[-72.15,-36.7947],[-72.1472,-36.7958],[-72.153,-36.8065],[-72.1508,-36.809],[-72.1619,-36.8084],[-72.1632,-36.8059],[-72.1651,-36.806],[-72.1733,-36.8242],[-72.1745,-36.8237],[-72.1751,-36.8254],[-72.1739,-36.826],[-72.1784,-36.8356],[-72.1723,-36.8366],[-72.1735,-36.8407],[-72.1805,-36.8398],[-72.1905,-36.8617],[-72.189,-36.8627],[-72.1901,-36.8653],[-72.1919,-36.8646],[-72.2023,-36.8896],[-72.2111,-36.8921],[-72.2123,-36.8981],[-72.2164,-36.9014],[-72.223,-36.8984],[-72.2355,-36.898],[-72.2438,-36.8931],[-72.2498,-36.8942],[-72.2554,-36.8917],[-72.2742,-36.8918],[-72.2949,-36.8823],[-72.302,-36.8811],[-72.3069,-36.877],[-72.308,-36.8717],[-72.31,-36.87],[-72.3143,-36.87],[-72.3194,-36.8725],[-72.3251,-36.8672],[-72.331,-36.8677],[-72.3385,-36.8648],[-72.3472,-36.8674],[-72.3545,-36.8673],[-72.3632,-36.8635],[-72.3648,-36.8647],[-72.364,-36.8671],[-72.3691,-36.8685],[-72.3804,-36.8667],[-72.3824,-36.8622],[-72.3813,-36.8575],[-72.3926,-36.8498],[-72.3939,-36.84],[-72.4065,-36.8295],[-72.406,-36.8191],[-72.409,-36.8175],[-72.4133,-36.8182],[-72.4192,-36.8055],[-72.4298,-36.8013],[-72.4277,-36.7957],[-72.4267,-36.7812],[-72.4274,-36.7757],[-72.4304,-36.7704],[-72.4148,-36.7606],[-72.414,-36.7588],[-72.4162,-36.7529],[-72.4226,-36.7451],[-72.4353,-36.7392],[-72.4366,-36.7369],[-72.4355,-36.7328],[-72.4379,-36.7293],[-72.4341,-36.7222],[-72.439,-36.7162],[-72.4477,-36.7104],[-72.4488,-36.7055],[-72.4519,-36.7024],[-72.4512,-36.6988],[-72.4433,-36.6919],[-72.4417,-36.6882]]]]}},{"type":"Feature","properties":{"comunaId":"CHL.13.1.2_1","nombre":"Chillán","provincia":"Diguillín","regionGadm":"Ñuble","centerLat":-36.6177,"centerLon":-72.1473},"geometry":{"type":"MultiPolygon","coordinates":[[[[-72.3517,-36.6961],[-72.3605,-36.701],[-72.3653,-36.7],[-72.367,-36.6979],[-72.3738,-36.6996],[-72.3773,-36.6989],[-72.3792,-36.7047],[-72.3839,-36.7071],[-72.3878,-36.7066],[-72.3895,-36.7025],[-72.396,-36.7066],[-72.3993,-36.7067],[-72.4048,-36.7009],[-72.4127,-36.6987],[-72.4198,-36.7003],[-72.4255,-36.6981],[-72.4316,-36.7019],[-72.437,-36.7011],[-72.4363,-36.6982],[-72.434,-36.6968],[-72.4351,-36.6925],[-72.437,-36.6925],[-72.4504,-36.6809],[-72.4499,-36.675],[-72.4533,-36.6656],[-72.4488,-36.6591],[-72.4563,-36.6509],[-72.4643,-36.6478],[-72.4654,-36.6444],[-72.4596,-36.6401],[-72.4518,-36.6418],[-72.4348,-36.6404],[-72.4145,-36.6299],[-72.4081,-36.6287],[-72.3975,-36.6174],[-72.3951,-36.6173],[-72.3914,-36.6225],[-72.3882,-36.6226],[-72.3793,-36.6182],[-72.3696,-36.61],[-72.3587,-36.6068],[-72.3498,-36.601],[-72.3457,-36.6009],[-72.3429,-36.604],[-72.3383,-36.6033],[-72.3367,-36.6011],[-72.3316,-36.6016],[-72.3246,-36.599],[-72.3165,-36.5986],[-72.3143,-36.5928],[-72.3112,-36.5904],[-72.3086,-36.59],[-72.2982,-36.5941],[-72.2914,-36.5995],[-72.2886,-36.5979],[-72.28,-36.5997],[-72.273,-36.5947],[-72.2688,-36.5962],[-72.266,-36.5955],[-72.265,-36.5894],[-72.2554,-36.5784],[-72.2497,-36.5793],[-72.2472,-36.584],[-72.2439,-36.5856],[-72.235,-36.5832],[-72.224,-36.5836],[-72.2167,-36.578],[-72.212,-36.571],[-72.2024,-36.572],[-72.2018,-36.5662],[-72.1979,-36.5576],[-72.1888,-36.5535],[-72.1826,-36.5546],[-72.1764,-36.5518],[-72.1713,-36.5559],[-72.1669,-36.5563],[-72.1605,-36.5549],[-72.1563,-36.5511],[-72.133,-36.5483],[-72.1235,-36.5519],[-72.1182,-36.5497],[-72.1071,-36.5511],[-72.1019,-36.5466],[-72.0941,-36.5509],[-72.0819,-36.5523],[-72.0836,-36.5463],[-72.0823,-36.5437],[-72.0712,-36.5363],[-72.0657,-36.5368],[-72.0608,-36.534],[-72.0553,-36.5331],[-72.0534,-36.5286],[-72.046,-36.5225],[-72.0411,-36.5211],[-72.0309,-36.5266],[-72.0237,-36.5246],[-72.0167,-36.5252],[-72.0144,-36.5237],[-72.0147,-36.5212],[-72.0028,-36.5158],[-71.9982,-36.509],[-71.9916,-36.5066],[-71.9871,-36.51],[-71.9849,-36.5102],[-71.983,-36.5081],[-71.9777,-36.5124],[-71.9726,-36.5133],[-71.9594,-36.5229],[-71.9572,-36.5232],[-71.9515,-36.5201],[-71.9441,-36.5243],[-71.936,-36.5262],[-71.9313,-36.5224],[-71.9176,-36.5228],[-71.9067,-36.5183],[-71.8897,-36.5213],[-71.8812,-36.5185],[-71.8585,-36.5169],[-71.8579,-36.5273],[-71.8616,-36.5418],[-71.8728,-36.5432],[-71.8772,-36.5648],[-71.8829,-36.5639],[-71.8914,-36.5683],[-71.9033,-36.5623],[-71.911,-36.561],[-71.9176,-36.5644],[-71.9293,-36.5631],[-71.945,-36.5641],[-71.9503,-36.5675],[-71.9615,-36.5658],[-71.9702,-36.5587],[-71.9751,-36.5603],[-71.9745,-36.5626],[-71.9765,-36.5636],[-71.9985,-36.5644],[-72.0014,-36.5638],[-72.0083,-36.5567],[-72.013,-36.5549],[-72.0167,-36.556],[-72.015,-36.5575],[-72.0157,-36.5614],[-72.0203,-36.5628],[-72.0245,-36.5693],[-72.0289,-36.5677],[-72.0315,-36.5727],[-72.0356,-36.5718],[-72.0372,-36.5743],[-72.0211,-36.5786],[-72.0289,-36.5899],[-72.0232,-36.5913],[-72.0296,-36.6045],[-72.0007,-36.6124],[-72.0025,-36.616],[-71.9989,-36.618],[-71.9958,-36.6114],[-71.9926,-36.6114],[-71.9941,-36.6153],[-71.9894,-36.6179],[-71.993,-36.6207],[-71.9793,-36.6247],[-71.9825,-36.6279],[-71.9821,-36.6295],[-71.9785,-36.6314],[-71.9766,-36.6286],[-71.9783,-36.6277],[-71.9764,-36.6256],[-71.9573,-36.6328],[-71.9556,-36.6358],[-71.9509,-36.6373],[-71.9537,-36.6433],[-71.9507,-36.6449],[-71.9516,-36.6472],[-71.9494,-36.6482],[-71.9533,-36.6565],[-71.9462,-36.6593],[-71.9381,-36.6661],[-71.9428,-36.6753],[-71.9447,-36.6742],[-71.9507,-36.6852],[-71.9826,-36.672],[-71.9966,-36.6929],[-71.9983,-36.693],[-72.0036,-36.704],[-72.0011,-36.7072],[-71.9921,-36.709],[-71.9901,-36.713],[-71.9859,-36.714],[-71.9793,-36.7208],[-71.9938,-36.7356],[-72.0011,-36.7496],[-72.0234,-36.7442],[-72.0342,-36.7443],[-72.0395,-36.7468],[-72.0474,-36.7451],[-72.0538,-36.7503],[-72.0584,-36.7489],[-72.0584,-36.7374],[-72.0643,-36.7217],[-72.0683,-36.7167],[-72.0681,-36.7122],[-72.0638,-36.705],[-72.0692,-36.7031],[-72.0692,-36.7],[-72.0713,-36.6992],[-72.0687,-36.6925],[-72.0747,-36.6798],[-72.0765,-36.6786],[-72.0788,-36.6684],[-72.0906,-36.6546],[-72.0949,-36.6528],[-72.0936,-36.6466],[-72.1008,-36.644],[-72.0989,-36.6385],[-72.104,-36.637],[-72.1032,-36.6274],[-72.1211,-36.6251],[-72.1233,-36.6235],[-72.1229,-36.62],[-72.1274,-36.617],[-72.1387,-36.6142],[-72.147,-36.6145],[-72.1531,-36.6204],[-72.1529,-36.6238],[-72.174,-36.6211],[-72.2073,-36.6298],[-72.2131,-36.6283],[-72.2123,-36.6249],[-72.2137,-36.6239],[-72.2258,-36.6264],[-72.2266,-36.6313],[-72.2331,-36.6304],[-72.2334,-36.6327],[-72.2422,-36.6276],[-72.2517,-36.6254],[-72.254,-36.6309],[-72.2652,-36.6271],[-72.2729,-36.6367],[-72.2822,-36.6328],[-72.2898,-36.6264],[-72.3004,-36.631],[-72.302,-36.6295],[-72.3051,-36.6311],[-72.3061,-36.6336],[-72.3098,-36.6327],[-72.3132,-36.639],[-72.3165,-36.6379],[-72.3318,-36.6513],[-72.3386,-36.6485],[-72.3416,-36.6522],[-72.3572,-36.6542],[-72.3584,-36.6678],[-72.3549,-36.6671],[-72.3542,-36.6743],[-72.3514,-36.6781],[-72.3537,-36.6791],[-72.3577,-36.6899],[-72.3507,-36.6904],[-72.348,-36.6934],[-72.3517,-36.6961]]]]}},{"type":"Feature","properties":{"comunaId":"CHL.13.1.3_1","nombre":"ChillánViejo","provincia":"Diguillín","regionGadm":"Ñuble","centerLat":-36.6887,"centerLon":-72.2102},"geometry":{"type":"MultiPolygon","coordinates":[[[[-72.1343,-36.7342],[-72.1415,-36.7374],[-72.1458,-36.7365],[-72.1484,-36.7379],[-72.1555,-36.7348],[-72.1604,-36.738],[-72.1659,-36.7389],[-72.1735,-36.7375],[-72.1757,-36.7396],[-72.1803,-36.7387],[-72.1822,-36.7349],[-72.1865,-36.7367],[-72.1937,-36.735],[-72.1963,-36.7385],[-72.2007,-36.7376],[-72.2006,-36.7403],[-72.2162,-36.7369],[-72.218,-36.7384],[-72.2216,-36.7357],[-72.2242,-36.7358],[-72.2264,-36.7331],[-72.2328,-36.7348],[-72.2333,-36.7302],[-72.2361,-36.7319],[-72.2517,-36.731],[-72.2549,-36.7277],[-72.2659,-36.7245],[-72.2674,-36.7202],[-72.272,-36.722],[-72.2733,-36.7151],[-72.2809,-36.7128],[-72.2814,-36.7089],[-72.2868,-36.705],[-72.2956,-36.7059],[-72.2966,-36.7084],[-72.295,-36.7116],[-72.2961,-36.7127],[-72.3058,-36.7102],[-72.3099,-36.7069],[-72.3096,-36.6993],[-72.3115,-36.6966],[-72.3237,-36.6945],[-72.3255,-36.6981],[-72.3308,-36.7002],[-72.342,-36.6996],[-72.3438,-36.6968],[-72.346,-36.6989],[-72.3493,-36.698],[-72.3517,-36.6961],[-72.348,-36.6934],[-72.3507,-36.6904],[-72.3577,-36.6899],[-72.3537,-36.6791],[-72.3514,-36.6781],[-72.3542,-36.6743],[-72.3549,-36.6671],[-72.3584,-36.6678],[-72.3572,-36.6542],[-72.3416,-36.6522],[-72.3386,-36.6485],[-72.3318,-36.6513],[-72.3165,-36.6379],[-72.3132,-36.639],[-72.3098,-36.6327],[-72.3061,-36.6336],[-72.3051,-36.6311],[-72.302,-36.6295],[-72.3004,-36.631],[-72.2898,-36.6264],[-72.2822,-36.6328],[-72.2729,-36.6367],[-72.2652,-36.6271],[-72.254,-36.6309],[-72.2517,-36.6254],[-72.2422,-36.6276],[-72.2334,-36.6327],[-72.2331,-36.6304],[-72.2266,-36.6313],[-72.2258,-36.6264],[-72.2137,-36.6239],[-72.2123,-36.6249],[-72.2131,-36.6283],[-72.2073,-36.6298],[-72.174,-36.6211],[-72.1529,-36.6238],[-72.1531,-36.6204],[-72.1469,-36.6145],[-72.1387,-36.6142],[-72.1276,-36.6169],[-72.1229,-36.62],[-72.1233,-36.6235],[-72.1211,-36.6251],[-72.1032,-36.6274],[-72.104,-36.637],[-72.0989,-36.6385],[-72.1008,-36.644],[-72.0936,-36.6466],[-72.0949,-36.6528],[-72.0906,-36.6546],[-72.0788,-36.6684],[-72.0765,-36.6786],[-72.0747,-36.6798],[-72.0687,-36.6925],[-72.0713,-36.6992],[-72.0692,-36.7],[-72.0692,-36.7031],[-72.0638,-36.705],[-72.0681,-36.7122],[-72.0683,-36.7167],[-72.0643,-36.7217],[-72.0584,-36.7374],[-72.0575,-36.7469],[-72.0589,-36.7482],[-72.075,-36.7412],[-72.0809,-36.7409],[-72.082,-36.7393],[-72.0995,-36.7343],[-72.1069,-36.7353],[-72.1105,-36.734],[-72.1122,-36.7299],[-72.114,-36.7293],[-72.1196,-36.7311],[-72.1274,-36.7284],[-72.1289,-36.7319],[-72.1343,-36.7342]]]]}},{"type":"Feature","properties":{"comunaId":"CHL.13.1.4_1","nombre":"ElCarmen","provincia":"Diguillín","regionGadm":"Ñuble","centerLat":-36.9293,"centerLon":-71.8833},"geometry":{"type":"MultiPolygon","coordinates":[[[[-72.2173,-36.9013],[-72.2128,-36.8989],[-72.2103,-36.8915],[-72.2006,-36.8894],[-72.1966,-36.8852],[-72.1914,-36.8843],[-72.1545,-36.897],[-72.1503,-36.9003],[-72.1402,-36.8999],[-72.1308,-36.9021],[-72.1182,-36.8985],[-72.1131,-36.8996],[-72.1088,-36.9027],[-72.0944,-36.9034],[-72.0944,-36.9006],[-72.0907,-36.8959],[-72.0848,-36.8942],[-72.0705,-36.8936],[-72.0604,-36.8915],[-72.0578,-36.8942],[-72.0456,-36.8942],[-72.046,-36.8917],[-72.0425,-36.8881],[-72.0352,-36.8849],[-72.0307,-36.8763],[-72.0227,-36.8734],[-72.0233,-36.8684],[-72.0144,-36.8653],[-72.0032,-36.8673],[-71.9998,-36.8661],[-71.995,-36.8687],[-71.9911,-36.867],[-71.9828,-36.8682],[-71.9723,-36.8609],[-71.9564,-36.8615],[-71.9457,-36.8546],[-71.9394,-36.8559],[-71.9322,-36.8527],[-71.9282,-36.855],[-71.9231,-36.8539],[-71.8987,-36.8566],[-71.8943,-36.8586],[-71.8583,-36.8499],[-71.8478,-36.8511],[-71.8423,-36.8482],[-71.8344,-36.8504],[-71.8266,-36.8451],[-71.8109,-36.8436],[-71.801,-36.8397],[-71.8005,-36.8417],[-71.792,-36.8389],[-71.7909,-36.8408],[-71.7878,-36.8411],[-71.7792,-36.8345],[-71.7742,-36.8347],[-71.7686,-36.8303],[-71.7616,-36.8285],[-71.7524,-36.8322],[-71.7425,-36.8266],[-71.7414,-36.8298],[-71.7328,-36.8297],[-71.7281,-36.8361],[-71.7259,-36.8348],[-71.722,-36.8394],[-71.714,-36.84],[-71.7082,-36.8434],[-71.7085,-36.852],[-71.6986,-36.8534],[-71.698,-36.856],[-71.695,-36.8564],[-71.6919,-36.8595],[-71.6785,-36.8646],[-71.6742,-36.8639],[-71.672,-36.8668],[-71.6665,-36.8678],[-71.6625,-36.8722],[-71.6594,-36.8712],[-71.6578,-36.873],[-71.6538,-36.8712],[-71.6536,-36.8741],[-71.6483,-36.8732],[-71.6386,-36.8831],[-71.6316,-36.8837],[-71.6289,-36.8863],[-71.6273,-36.8913],[-71.614,-36.8965],[-71.6094,-36.9017],[-71.6045,-36.9016],[-71.6035,-36.9075],[-71.5975,-36.9104],[-71.5984,-36.9409],[-71.5901,-36.9466],[-71.5899,-36.9519],[-71.5868,-36.9533],[-71.5894,-36.9557],[-71.5919,-36.967],[-71.5876,-36.9723],[-71.593,-36.9795],[-71.5882,-36.9864],[-71.5937,-36.9901],[-71.6012,-36.9811],[-71.6032,-36.9764],[-71.6023,-36.9733],[-71.605,-36.97],[-71.6114,-36.9713],[-71.6139,-36.9692],[-71.6169,-36.9724],[-71.6203,-36.9732],[-71.6264,-36.969],[-71.6398,-36.9687],[-71.6537,-36.9778],[-71.6532,-36.9792],[-71.6563,-36.9823],[-71.6619,-36.9849],[-71.6698,-36.9846],[-71.6711,-36.9878],[-71.6802,-36.9959],[-71.6808,-37.0021],[-71.6888,-37.0041],[-71.6917,-37.0109],[-71.706,-37.0118],[-71.7113,-37.0147],[-71.7262,-37.0082],[-71.7299,-37.0086],[-71.7343,-37.0047],[-71.7422,-37.0023],[-71.7494,-37.0042],[-71.7515,-37.0026],[-71.7563,-37.0045],[-71.7655,-37.0023],[-71.7689,-37.0031],[-71.7718,-37.0013],[-71.7766,-37.0025],[-71.7786,-37.001],[-71.7898,-37.001],[-71.8014,-37.0024],[-71.8124,-37.0076],[-71.8198,-37.0073],[-71.8211,-37.0086],[-71.8228,-37.0076],[-71.8245,-37.0093],[-71.8277,-37.0071],[-71.8311,-37.0078],[-71.8352,-37.0058],[-71.844,-37.0056],[-71.8463,-37.0072],[-71.8481,-37.0056],[-71.857,-37.006],[-71.8598,-37.004],[-71.869,-37.0051],[-71.8857,-37],[-71.8884,-37.0009],[-71.8893,-36.9986],[-71.8941,-36.9972],[-71.8982,-36.9983],[-71.9039,-36.9957],[-71.9167,-36.9975],[-71.9211,-36.9967],[-71.9245,-36.9987],[-71.9314,-36.997],[-71.9462,-36.9967],[-71.9585,-36.992],[-71.9651,-36.9954],[-71.9664,-36.9903],[-71.9725,-36.9898],[-71.976,-36.9866],[-71.979,-36.9883],[-71.982,-36.9868],[-71.985,-36.9902],[-71.9928,-36.9878],[-72.0009,-36.9895],[-72.0032,-36.9861],[-72.0094,-36.985],[-72.0118,-36.9814],[-72.0184,-36.9797],[-72.0197,-36.9744],[-72.0241,-36.9719],[-72.0248,-36.9696],[-72.0313,-36.9693],[-72.037,-36.9626],[-72.0411,-36.9635],[-72.0565,-36.9619],[-72.0639,-36.9558],[-72.0794,-36.9537],[-72.0808,-36.9525],[-72.0799,-36.9511],[-72.0855,-36.9469],[-72.0892,-36.9496],[-72.095,-36.9504],[-72.0982,-36.9481],[-72.1007,-36.941],[-72.1091,-36.9398],[-72.1114,-36.9364],[-72.1152,-36.9349],[-72.1276,-36.9336],[-72.1283,-36.9258],[-72.131,-36.9241],[-72.1343,-36.9257],[-72.1386,-36.923],[-72.1429,-36.9261],[-72.1497,-36.9248],[-72.1496,-36.9226],[-72.1561,-36.9238],[-72.161,-36.9169],[-72.173,-36.9139],[-72.1728,-36.9085],[-72.1796,-36.9103],[-72.1876,-36.9064],[-72.189,-36.9095],[-72.1983,-36.9096],[-72.2043,-36.9034],[-72.2076,-36.9035],[-72.2064,-36.9052],[-72.2083,-36.9056],[-72.2173,-36.9013]]]]}},{"type":"Feature","properties":{"comunaId":"CHL.13.1.5_1","nombre":"Pemuco","provincia":"Diguillín","regionGadm":"Ñuble","centerLat":-36.9949,"centerLon":-72.006},"geometry":{"type":"MultiPolygon","coordinates":[[[[-72.1947,-37.0273],[-72.2143,-37.0183],[-72.2193,-37.0181],[-72.2226,-37.0127],[-72.2293,-37.0091],[-72.2434,-37.007],[-72.2531,-37.0007],[-72.2611,-37.0004],[-72.2716,-36.9972],[-72.2823,-36.9989],[-72.2872,-36.9978],[-72.291,-36.9937],[-72.3028,-36.9888],[-72.3113,-36.9829],[-72.3188,-36.9851],[-72.326,-36.9815],[-72.3317,-36.9711],[-72.3433,-36.9706],[-72.3424,-36.9669],[-72.3484,-36.9558],[-72.3483,-36.9459],[-72.3522,-36.9429],[-72.3525,-36.9394],[-72.3579,-36.9377],[-72.3644,-36.939],[-72.3662,-36.9381],[-72.3702,-36.9255],[-72.3753,-36.9174],[-72.3828,-36.9145],[-72.3855,-36.9116],[-72.3834,-36.9056],[-72.376,-36.8986],[-72.3765,-36.8953],[-72.3787,-36.8941],[-72.377,-36.8899],[-72.3793,-36.8879],[-72.3807,-36.8807],[-72.3804,-36.8667],[-72.3691,-36.8685],[-72.364,-36.8671],[-72.3648,-36.8647],[-72.3632,-36.8635],[-72.3545,-36.8673],[-72.3472,-36.8674],[-72.3385,-36.8648],[-72.331,-36.8677],[-72.3251,-36.8672],[-72.3194,-36.8725],[-72.3143,-36.87],[-72.31,-36.87],[-72.308,-36.8717],[-72.3069,-36.877],[-72.302,-36.8811],[-72.2949,-36.8823],[-72.2734,-36.8921],[-72.2554,-36.8917],[-72.2498,-36.8942],[-72.2438,-36.8931],[-72.234,-36.8985],[-72.2218,-36.8987],[-72.2083,-36.9056],[-72.2064,-36.9052],[-72.2076,-36.9035],[-72.2049,-36.9032],[-72.1983,-36.9096],[-72.189,-36.9095],[-72.1876,-36.9064],[-72.1796,-36.9103],[-72.1731,-36.9084],[-72.1719,-36.9103],[-72.173,-36.9139],[-72.161,-36.9169],[-72.1561,-36.9238],[-72.1496,-36.9226],[-72.1497,-36.9248],[-72.1429,-36.9261],[-72.1386,-36.923],[-72.1343,-36.9257],[-72.131,-36.9241],[-72.1283,-36.9258],[-72.1276,-36.9336],[-72.1152,-36.9349],[-72.1114,-36.9364],[-72.1091,-36.9398],[-72.1007,-36.941],[-72.0982,-36.9481],[-72.095,-36.9504],[-72.0892,-36.9496],[-72.0855,-36.9469],[-72.0799,-36.9511],[-72.0808,-36.9525],[-72.0794,-36.9537],[-72.0639,-36.9558],[-72.0565,-36.9619],[-72.0411,-36.9635],[-72.037,-36.9626],[-72.0313,-36.9693],[-72.0248,-36.9696],[-72.0241,-36.9719],[-72.0197,-36.9744],[-72.0184,-36.9797],[-72.0118,-36.9814],[-72.0094,-36.985],[-72.0032,-36.9861],[-72.0009,-36.9895],[-71.9928,-36.9878],[-71.985,-36.9902],[-71.982,-36.9868],[-71.979,-36.9883],[-71.976,-36.9866],[-71.9725,-36.9898],[-71.9664,-36.9903],[-71.9651,-36.9954],[-71.9585,-36.992],[-71.9462,-36.9967],[-71.9314,-36.997],[-71.9245,-36.9987],[-71.9211,-36.9967],[-71.9167,-36.9975],[-71.9039,-36.9957],[-71.8982,-36.9983],[-71.8941,-36.9972],[-71.8893,-36.9986],[-71.8884,-37.0009],[-71.8857,-37],[-71.869,-37.0051],[-71.8598,-37.004],[-71.857,-37.006],[-71.8481,-37.0056],[-71.8463,-37.0072],[-71.844,-37.0056],[-71.8352,-37.0058],[-71.8311,-37.0078],[-71.8277,-37.0071],[-71.8245,-37.0093],[-71.8228,-37.0076],[-71.8211,-37.0086],[-71.8198,-37.0073],[-71.8124,-37.0076],[-71.8014,-37.0024],[-71.7898,-37.001],[-71.7786,-37.001],[-71.7766,-37.0025],[-71.7718,-37.0013],[-71.7689,-37.0031],[-71.7655,-37.0023],[-71.7563,-37.0045],[-71.7515,-37.0026],[-71.7494,-37.0042],[-71.7422,-37.0023],[-71.7343,-37.0047],[-71.7299,-37.0086],[-71.7262,-37.0082],[-71.7113,-37.0147],[-71.706,-37.0118],[-71.6917,-37.0109],[-71.6888,-37.0041],[-71.6808,-37.0021],[-71.6802,-36.9959],[-71.6711,-36.9878],[-71.6698,-36.9846],[-71.6619,-36.9849],[-71.6563,-36.9823],[-71.6532,-36.9792],[-71.6537,-36.9778],[-71.6398,-36.9687],[-71.6264,-36.969],[-71.6203,-36.9732],[-71.6169,-36.9724],[-71.6139,-36.9692],[-71.6114,-36.9713],[-71.605,-36.97],[-71.6023,-36.9733],[-71.6032,-36.9764],[-71.6012,-36.9811],[-71.5937,-36.9901],[-71.5956,-36.9918],[-71.5969,-37.0054],[-71.6165,-37.0063],[-71.6312,-37.0187],[-71.6468,-37.0234],[-71.6624,-37.0225],[-71.6688,-37.0301],[-71.6823,-37.0312],[-71.6859,-37.0344],[-71.6927,-37.037],[-71.6976,-37.0352],[-71.7084,-37.0383],[-71.714,-37.0379],[-71.7226,-37.0419],[-71.7358,-37.0441],[-71.7399,-37.0462],[-71.758,-37.0454],[-71.7594,-37.0478],[-71.7674,-37.0481],[-71.7744,-37.0503],[-71.7748,-37.0519],[-71.7796,-37.0519],[-71.7809,-37.0537],[-71.7993,-37.0538],[-71.8094,-37.0563],[-71.8104,-37.0552],[-71.8219,-37.0557],[-71.8244,-37.0537],[-71.8261,-37.0551],[-71.8322,-37.054],[-71.8354,-37.0546],[-71.8355,-37.0571],[-71.8386,-37.0582],[-71.8396,-37.0603],[-71.846,-37.058],[-71.8505,-37.0592],[-71.8528,-37.0618],[-71.8601,-37.0614],[-71.8613,-37.0628],[-71.863,-37.0618],[-71.8655,-37.0645],[-71.8723,-37.0645],[-71.8737,-37.0666],[-71.8805,-37.0664],[-71.883,-37.0638],[-71.8864,-37.0641],[-71.8915,-37.0616],[-71.8974,-37.0631],[-71.9073,-37.0602],[-71.9145,-37.0598],[-71.9194,-37.0574],[-71.9204,-37.0543],[-71.9214,-37.0556],[-71.9281,-37.0554],[-71.9293,-37.0568],[-71.9324,-37.0551],[-71.9428,-37.0559],[-71.9476,-37.0528],[-71.948,-37.0498],[-71.9512,-37.0497],[-71.9513,-37.0518],[-71.9563,-37.0499],[-71.958,-37.0447],[-71.9611,-37.0486],[-71.9657,-37.0456],[-71.9652,-37.0494],[-71.9701,-37.0504],[-71.97,-37.0532],[-71.9757,-37.0527],[-71.9784,-37.0491],[-71.9771,-37.0476],[-71.9813,-37.0445],[-71.9837,-37.0398],[-71.9895,-37.0371],[-71.9942,-37.0373],[-71.9968,-37.0395],[-71.999,-37.0382],[-72.002,-37.0393],[-72.0027,-37.037],[-72.0084,-37.0355],[-72.0082,-37.0373],[-72.0113,-37.0361],[-72.0113,-37.0395],[-72.0161,-37.0418],[-72.0188,-37.0396],[-72.0201,-37.0417],[-72.0222,-37.0409],[-72.0223,-37.0388],[-72.0267,-37.0394],[-72.0279,-37.0427],[-72.0354,-37.043],[-72.0382,-37.0406],[-72.0446,-37.0432],[-72.046,-37.0421],[-72.0437,-37.0465],[-72.0508,-37.0456],[-72.054,-37.0482],[-72.0555,-37.0441],[-72.0618,-37.0438],[-72.063,-37.0461],[-72.0651,-37.0438],[-72.0709,-37.0431],[-72.0781,-37.0459],[-72.0827,-37.0431],[-72.0854,-37.0454],[-72.0889,-37.0422],[-72.092,-37.043],[-72.096,-37.0354],[-72.1017,-37.0366],[-72.1059,-37.0397],[-72.11,-37.0377],[-72.1153,-37.0404],[-72.12,-37.04],[-72.1243,-37.0363],[-72.1319,-37.0427],[-72.1349,-37.0388],[-72.1325,-37.036],[-72.1333,-37.0348],[-72.1379,-37.037],[-72.1411,-37.0353],[-72.1434,-37.0385],[-72.1491,-37.0357],[-72.149,-37.0379],[-72.1516,-37.038],[-72.1636,-37.0335],[-72.1727,-37.0363],[-72.1784,-37.0337],[-72.1799,-37.0312],[-72.1824,-37.032],[-72.189,-37.0269],[-72.1947,-37.0273]]]]}},{"type":"Feature","properties":{"comunaId":"CHL.13.1.6_1","nombre":"Pinto","provincia":"Diguillín","regionGadm":"Ñuble","centerLat":-36.9058,"centerLon":-71.5538},"geometry":{"type":"MultiPolygon","coordinates":[[[[-71.2219,-36.9793],[-71.221,-36.9787],[-71.2215,-36.9821],[-71.217,-36.9827],[-71.2141,-36.9861],[-71.2068,-36.9855],[-71.1984,-36.9871],[-71.188,-36.9964],[-71.1801,-36.9951],[-71.1672,-36.9973],[-71.1667,-37.0055],[-71.1582,-37.0085],[-71.1589,-37.0112],[-71.1555,-37.0129],[-71.1553,-37.0172],[-71.1486,-37.0214],[-71.1474,-37.028],[-71.1431,-37.0316],[-71.1419,-37.0398],[-71.1372,-37.0528],[-71.144,-37.0615],[-71.1442,-37.0628],[-71.1404,-37.0643],[-71.1409,-37.0691],[-71.1358,-37.0719],[-71.1285,-37.0696],[-71.1211,-37.0726],[-71.1199,-37.0745],[-71.1222,-37.08],[-71.1214,-37.0832],[-71.1233,-37.0897],[-71.1207,-37.0919],[-71.1115,-37.0948],[-71.1054,-37.1055],[-71.0996,-37.1068],[-71.0962,-37.1096],[-71.1016,-37.1103],[-71.1048,-37.113],[-71.1144,-37.1158],[-71.1554,-37.1161],[-71.1573,-37.1138],[-71.1618,-37.1133],[-71.1664,-37.1094],[-71.1741,-37.1064],[-71.1815,-37.0987],[-71.1865,-37.0996],[-71.1885,-37.0978],[-71.2049,-37.1],[-71.214,-37.1029],[-71.2263,-37.1035],[-71.2439,-37.1106],[-71.249,-37.1114],[-71.2587,-37.1094],[-71.2623,-37.1111],[-71.2701,-37.1115],[-71.2722,-37.1082],[-71.2823,-37.103],[-71.2872,-37.1018],[-71.2997,-37.1014],[-71.3012,-37.1031],[-71.3037,-37.1019],[-71.3077,-37.0987],[-71.3103,-37.0939],[-71.3128,-37.0936],[-71.3159,-37.0897],[-71.3182,-37.0891],[-71.3228,-37.0809],[-71.3274,-37.0797],[-71.329,-37.0773],[-71.3548,-37.0761],[-71.3601,-37.0719],[-71.3662,-37.0709],[-71.3677,-37.0686],[-71.3773,-37.0691],[-71.3841,-37.0671],[-71.394,-37.0691],[-71.3944,-37.0719],[-71.3971,-37.0729],[-71.3946,-37.0765],[-71.3958,-37.0796],[-71.4001,-37.0836],[-71.4057,-37.0848],[-71.4068,-37.0883],[-71.4101,-37.0903],[-71.4114,-37.0828],[-71.4153,-37.0813],[-71.4172,-37.0782],[-71.4218,-37.0786],[-71.4228,-37.0756],[-71.4294,-37.0757],[-71.4335,-37.0718],[-71.4457,-37.0728],[-71.4522,-37.0673],[-71.4543,-37.0684],[-71.4563,-37.0661],[-71.4586,-37.0662],[-71.4588,-37.0609],[-71.4614,-37.0603],[-71.4595,-37.0566],[-71.4613,-37.0573],[-71.4614,-37.0534],[-71.4637,-37.0494],[-71.4614,-37.0436],[-71.4675,-37.0414],[-71.474,-37.0353],[-71.4743,-37.0293],[-71.4798,-37.023],[-71.48,-37.0198],[-71.4874,-37.0153],[-71.4918,-37.0159],[-71.4934,-37.0117],[-71.4971,-37.0089],[-71.5076,-37.0065],[-71.5095,-37.0046],[-71.5252,-37.0069],[-71.5371,-37.0095],[-71.5447,-37.0173],[-71.5517,-37.0196],[-71.5549,-37.0139],[-71.5691,-37.0143],[-71.5738,-37.0068],[-71.5813,-37.0004],[-71.5954,-36.9973],[-71.5955,-36.9914],[-71.5882,-36.9864],[-71.593,-36.9795],[-71.5876,-36.9723],[-71.5919,-36.967],[-71.5894,-36.9557],[-71.5868,-36.9533],[-71.5899,-36.9519],[-71.5901,-36.9466],[-71.5984,-36.9409],[-71.5976,-36.9103],[-71.6035,-36.9075],[-71.6045,-36.9016],[-71.6094,-36.9017],[-71.614,-36.8965],[-71.6273,-36.8913],[-71.6289,-36.8863],[-71.6316,-36.8837],[-71.6386,-36.8831],[-71.6483,-36.8732],[-71.6536,-36.8741],[-71.6538,-36.8712],[-71.6578,-36.873],[-71.6594,-36.8712],[-71.6625,-36.8722],[-71.6665,-36.8678],[-71.672,-36.8668],[-71.6742,-36.8639],[-71.6785,-36.8646],[-71.6919,-36.8595],[-71.695,-36.8564],[-71.698,-36.856],[-71.6986,-36.8534],[-71.7085,-36.852],[-71.7082,-36.8434],[-71.714,-36.84],[-71.722,-36.8394],[-71.7259,-36.8348],[-71.7279,-36.8362],[-71.7332,-36.8295],[-71.7414,-36.8298],[-71.7432,-36.8266],[-71.7532,-36.8323],[-71.7623,-36.8285],[-71.7707,-36.8311],[-71.7736,-36.8339],[-71.7749,-36.8308],[-71.7549,-36.8229],[-71.7554,-36.8172],[-71.7632,-36.8213],[-71.7823,-36.823],[-71.7902,-36.822],[-71.8012,-36.8158],[-71.8111,-36.8158],[-71.8139,-36.8182],[-71.8128,-36.8241],[-71.817,-36.8258],[-71.8197,-36.8246],[-71.8223,-36.8327],[-71.8309,-36.8315],[-71.8392,-36.8277],[-71.8402,-36.8252],[-71.8433,-36.8248],[-71.8448,-36.8215],[-71.852,-36.8181],[-71.857,-36.8134],[-71.8562,-36.8111],[-71.8634,-36.8102],[-71.8691,-36.8063],[-71.8809,-36.8027],[-71.8808,-36.801],[-71.8837,-36.7991],[-71.8934,-36.7969],[-71.9032,-36.792],[-71.9072,-36.7929],[-71.912,-36.791],[-71.9143,-36.7877],[-71.9162,-36.7885],[-71.927,-36.784],[-71.933,-36.7848],[-71.9351,-36.7813],[-71.9379,-36.7822],[-71.9404,-36.7803],[-71.9433,-36.7807],[-71.9463,-36.7786],[-71.9555,-36.7767],[-71.9632,-36.772],[-71.9644,-36.7672],[-71.973,-36.7621],[-71.9739,-36.7575],[-71.9817,-36.7484],[-71.994,-36.7451],[-71.9981,-36.7496],[-72.0011,-36.7496],[-71.9938,-36.7356],[-71.9793,-36.7208],[-71.9859,-36.714],[-71.9901,-36.713],[-71.9921,-36.709],[-72.0011,-36.7072],[-72.0036,-36.704],[-71.9983,-36.693],[-71.9966,-36.6929],[-71.9826,-36.672],[-71.9507,-36.6852],[-71.9447,-36.6742],[-71.9428,-36.6753],[-71.9381,-36.6661],[-71.9343,-36.6667],[-71.9291,-36.6693],[-71.9254,-36.6755],[-71.9205,-36.6749],[-71.9136,-36.677],[-71.9123,-36.6781],[-71.9132,-36.6811],[-71.9079,-36.686],[-71.9057,-36.686],[-71.9023,-36.6911],[-71.8984,-36.6907],[-71.8916,-36.694],[-71.88,-36.696],[-71.8763,-36.7016],[-71.8707,-36.7029],[-71.8645,-36.7071],[-71.8596,-36.7136],[-71.8523,-36.7153],[-71.8474,-36.714],[-71.84,-36.7184],[-71.8362,-36.7222],[-71.8347,-36.7278],[-71.8218,-36.741],[-71.8134,-36.7411],[-71.8101,-36.7442],[-71.804,-36.7452],[-71.7982,-36.7513],[-71.7984,-36.7549],[-71.7965,-36.7586],[-71.7981,-36.7632],[-71.7951,-36.7672],[-71.781,-36.7724],[-71.7798,-36.7752],[-71.777,-36.7755],[-71.7711,-36.7807],[-71.7683,-36.7857],[-71.7551,-36.7925],[-71.7451,-36.7942],[-71.7378,-36.7933],[-71.7273,-36.7978],[-71.7216,-36.7987],[-71.7062,-36.7967],[-71.6964,-36.7983],[-71.6918,-36.7965],[-71.6894,-36.7977],[-71.6741,-36.796],[-71.6693,-36.7971],[-71.6665,-36.7998],[-71.6482,-36.8015],[-71.6432,-36.8056],[-71.6304,-36.8101],[-71.6281,-36.8148],[-71.6232,-36.8151],[-71.6205,-36.8183],[-71.6205,-36.8209],[-71.6113,-36.8305],[-71.5787,-36.8385],[-71.5688,-36.8447],[-71.5617,-36.8459],[-71.5486,-36.8438],[-71.5358,-36.8394],[-71.5202,-36.8388],[-71.5143,-36.8362],[-71.5124,-36.831],[-71.5073,-36.8309],[-71.5042,-36.8286],[-71.4915,-36.8247],[-71.4778,-36.8257],[-71.4713,-36.8278],[-71.4574,-36.8268],[-71.4548,-36.8243],[-71.4509,-36.8235],[-71.4473,-36.8176],[-71.4407,-36.8135],[-71.4357,-36.8116],[-71.4309,-36.8123],[-71.4206,-36.8223],[-71.4062,-36.8317],[-71.4036,-36.8371],[-71.4036,-36.8418],[-71.3988,-36.8505],[-71.3885,-36.857],[-71.3719,-36.8753],[-71.3643,-36.8774],[-71.3599,-36.8852],[-71.3506,-36.8946],[-71.3399,-36.8974],[-71.3395,-36.9008],[-71.3447,-36.9081],[-71.3449,-36.9112],[-71.3354,-36.9137],[-71.333,-36.9173],[-71.3293,-36.9192],[-71.303,-36.9225],[-71.2925,-36.9178],[-71.2879,-36.9178],[-71.2838,-36.9128],[-71.2779,-36.9096],[-71.2674,-36.9155],[-71.2607,-36.9148],[-71.2549,-36.9302],[-71.2611,-36.939],[-71.2604,-36.9421],[-71.2507,-36.9491],[-71.2461,-36.9545],[-71.2378,-36.9573],[-71.2234,-36.966],[-71.2214,-36.9705],[-71.2253,-36.977],[-71.2241,-36.9791],[-71.2219,-36.9793]]]]}},{"type":"Feature","properties":{"comunaId":"CHL.13.1.7_1","nombre":"Quillón","provincia":"Diguillín","regionGadm":"Ñuble","centerLat":-36.8131,"centerLon":-72.521},"geometry":{"type":"MultiPolygon","coordinates":[[[[-72.3854,-36.9119],[-72.3895,-36.9163],[-72.4017,-36.918],[-72.4067,-36.9242],[-72.4076,-36.9288],[-72.4202,-36.931],[-72.4224,-36.9261],[-72.4615,-36.9272],[-72.4612,-36.9189],[-72.4514,-36.9083],[-72.4573,-36.9048],[-72.4698,-36.9132],[-72.4823,-36.8969],[-72.5023,-36.8957],[-72.5095,-36.9031],[-72.5118,-36.9233],[-72.5141,-36.9248],[-72.5101,-36.9299],[-72.5099,-36.9327],[-72.517,-36.9395],[-72.5165,-36.9353],[-72.5189,-36.9314],[-72.5318,-36.9272],[-72.5415,-36.9268],[-72.545,-36.93],[-72.5515,-36.9317],[-72.5551,-36.9313],[-72.5571,-36.9288],[-72.5617,-36.9274],[-72.5702,-36.9291],[-72.588,-36.9285],[-72.5997,-36.9235],[-72.6144,-36.9201],[-72.6483,-36.9184],[-72.653,-36.9213],[-72.6578,-36.9104],[-72.6512,-36.9056],[-72.6498,-36.9003],[-72.6534,-36.8963],[-72.6525,-36.8938],[-72.6541,-36.8922],[-72.6452,-36.8835],[-72.6426,-36.8822],[-72.6358,-36.8829],[-72.6298,-36.8863],[-72.6183,-36.8864],[-72.6025,-36.8925],[-72.5952,-36.8911],[-72.5815,-36.8945],[-72.5708,-36.8937],[-72.5657,-36.8902],[-72.5611,-36.8902],[-72.5604,-36.8829],[-72.562,-36.8773],[-72.5701,-36.8725],[-72.5731,-36.8657],[-72.5626,-36.8559],[-72.5565,-36.8476],[-72.5414,-36.8507],[-72.5384,-36.8496],[-72.5455,-36.8444],[-72.5519,-36.8423],[-72.5534,-36.8395],[-72.5564,-36.8395],[-72.5618,-36.8361],[-72.5678,-36.8365],[-72.57,-36.8339],[-72.5771,-36.8316],[-72.5782,-36.83],[-72.5774,-36.8251],[-72.5794,-36.8222],[-72.5902,-36.8187],[-72.5938,-36.8137],[-72.5934,-36.8072],[-72.5905,-36.8011],[-72.5908,-36.7983],[-72.5931,-36.7962],[-72.5916,-36.7923],[-72.5947,-36.7888],[-72.5942,-36.786],[-72.5965,-36.7834],[-72.5976,-36.7754],[-72.602,-36.7713],[-72.6027,-36.7677],[-72.5964,-36.756],[-72.5893,-36.7534],[-72.5855,-36.7484],[-72.5965,-36.7473],[-72.5973,-36.7443],[-72.5955,-36.7419],[-72.5961,-36.7405],[-72.5899,-36.7401],[-72.5903,-36.734],[-72.5935,-36.7316],[-72.5891,-36.7306],[-72.5865,-36.727],[-72.5879,-36.726],[-72.5877,-36.721],[-72.5909,-36.7166],[-72.5906,-36.7145],[-72.5898,-36.7128],[-72.5868,-36.7132],[-72.5821,-36.71],[-72.5816,-36.7032],[-72.5794,-36.7011],[-72.5793,-36.6986],[-72.5769,-36.6974],[-72.572,-36.6985],[-72.5671,-36.6967],[-72.5605,-36.698],[-72.5584,-36.7012],[-72.5553,-36.7009],[-72.5478,-36.7068],[-72.5432,-36.707],[-72.5378,-36.7101],[-72.5337,-36.7097],[-72.5215,-36.7023],[-72.5147,-36.7017],[-72.5118,-36.6937],[-72.5072,-36.6895],[-72.4927,-36.6902],[-72.4861,-36.6877],[-72.4736,-36.6877],[-72.4713,-36.6867],[-72.4712,-36.6838],[-72.469,-36.6823],[-72.4653,-36.6835],[-72.4619,-36.6823],[-72.452,-36.6776],[-72.4499,-36.6748],[-72.45,-36.6818],[-72.4417,-36.6882],[-72.4433,-36.6919],[-72.4512,-36.6988],[-72.4519,-36.7024],[-72.4488,-36.7055],[-72.4477,-36.7104],[-72.439,-36.7162],[-72.4341,-36.7222],[-72.4379,-36.7293],[-72.4355,-36.7328],[-72.4366,-36.7369],[-72.4353,-36.7392],[-72.4226,-36.7451],[-72.4162,-36.7529],[-72.414,-36.7588],[-72.4148,-36.7606],[-72.4304,-36.7704],[-72.4274,-36.7757],[-72.4267,-36.7812],[-72.4277,-36.7957],[-72.4298,-36.8013],[-72.4192,-36.8055],[-72.4133,-36.8182],[-72.409,-36.8175],[-72.406,-36.8191],[-72.4062,-36.83],[-72.3939,-36.84],[-72.3926,-36.8498],[-72.381,-36.8581],[-72.3824,-36.8622],[-72.3803,-36.8669],[-72.3807,-36.8807],[-72.3793,-36.8879],[-72.377,-36.8899],[-72.3787,-36.8941],[-72.3765,-36.8953],[-72.376,-36.8986],[-72.3834,-36.9056],[-72.3854,-36.9119]]]]}},{"type":"Feature","properties":{"comunaId":"CHL.13.1.8_1","nombre":"SanIgnacio","provincia":"Diguillín","regionGadm":"Ñuble","centerLat":-36.8191,"centerLon":-72.0015},"geometry":{"type":"MultiPolygon","coordinates":[[[[-72.2023,-36.8896],[-72.1919,-36.8646],[-72.1901,-36.8653],[-72.189,-36.8627],[-72.1905,-36.8617],[-72.1805,-36.8398],[-72.1735,-36.8407],[-72.1723,-36.8366],[-72.1784,-36.8356],[-72.1739,-36.826],[-72.1751,-36.8254],[-72.1745,-36.8237],[-72.1733,-36.8242],[-72.1651,-36.806],[-72.1632,-36.8059],[-72.1619,-36.8084],[-72.1508,-36.809],[-72.153,-36.8065],[-72.1472,-36.7958],[-72.15,-36.7947],[-72.1462,-36.787],[-72.1369,-36.7892],[-72.1352,-36.7916],[-72.1335,-36.7907],[-72.122,-36.794],[-72.1184,-36.7923],[-72.1123,-36.7936],[-72.1113,-36.7965],[-72.1081,-36.7953],[-72.124,-36.7658],[-72.1242,-36.761],[-72.1273,-36.7574],[-72.1291,-36.7469],[-72.1341,-36.737],[-72.1343,-36.7342],[-72.1289,-36.7319],[-72.1274,-36.7284],[-72.1196,-36.7311],[-72.1133,-36.7294],[-72.1105,-36.734],[-72.1065,-36.7354],[-72.0995,-36.7343],[-72.082,-36.7393],[-72.0809,-36.7409],[-72.075,-36.7412],[-72.0674,-36.7454],[-72.063,-36.7455],[-72.0552,-36.7505],[-72.0477,-36.7451],[-72.0395,-36.7468],[-72.0327,-36.7441],[-72.0234,-36.7442],[-71.9995,-36.75],[-71.994,-36.7451],[-71.9834,-36.7476],[-71.9739,-36.7575],[-71.973,-36.7621],[-71.9644,-36.7672],[-71.9632,-36.772],[-71.9555,-36.7767],[-71.9463,-36.7786],[-71.9433,-36.7807],[-71.9404,-36.7803],[-71.9379,-36.7822],[-71.9351,-36.7813],[-71.933,-36.7848],[-71.927,-36.784],[-71.9162,-36.7885],[-71.9143,-36.7877],[-71.912,-36.791],[-71.9072,-36.7929],[-71.9032,-36.792],[-71.8934,-36.7969],[-71.8837,-36.7991],[-71.8808,-36.801],[-71.8809,-36.8027],[-71.8691,-36.8063],[-71.8634,-36.8102],[-71.8562,-36.8111],[-71.857,-36.8134],[-71.852,-36.8181],[-71.8448,-36.8215],[-71.8433,-36.8248],[-71.8402,-36.8252],[-71.8392,-36.8277],[-71.8309,-36.8315],[-71.8223,-36.8327],[-71.8197,-36.8246],[-71.817,-36.8258],[-71.8128,-36.8241],[-71.8139,-36.8182],[-71.8111,-36.8158],[-71.8012,-36.8158],[-71.7902,-36.822],[-71.7823,-36.823],[-71.7632,-36.8213],[-71.7554,-36.8172],[-71.7549,-36.8229],[-71.7749,-36.8308],[-71.7739,-36.8344],[-71.7792,-36.8345],[-71.787,-36.8409],[-71.7903,-36.8411],[-71.792,-36.8389],[-71.8005,-36.8417],[-71.801,-36.8397],[-71.8109,-36.8436],[-71.8266,-36.8451],[-71.834,-36.8503],[-71.8423,-36.8482],[-71.8478,-36.8511],[-71.8583,-36.8499],[-71.8943,-36.8586],[-71.8987,-36.8566],[-71.9231,-36.8539],[-71.9282,-36.855],[-71.9322,-36.8527],[-71.9394,-36.8559],[-71.9457,-36.8546],[-71.9564,-36.8615],[-71.9723,-36.8609],[-71.9828,-36.8682],[-71.9911,-36.867],[-71.995,-36.8687],[-71.9998,-36.8661],[-72.0032,-36.8673],[-72.0147,-36.8654],[-72.0233,-36.8684],[-72.0227,-36.8734],[-72.0307,-36.8763],[-72.0352,-36.8849],[-72.0425,-36.8881],[-72.046,-36.8917],[-72.0456,-36.8942],[-72.0578,-36.8942],[-72.0604,-36.8915],[-72.0705,-36.8936],[-72.0848,-36.8942],[-72.0907,-36.8959],[-72.0944,-36.9006],[-72.0944,-36.9034],[-72.1088,-36.9027],[-72.1131,-36.8996],[-72.1182,-36.8985],[-72.1308,-36.9021],[-72.1402,-36.8999],[-72.1503,-36.9003],[-72.1545,-36.897],[-72.1914,-36.8843],[-72.1966,-36.8852],[-72.2023,-36.8896]]]]}},{"type":"Feature","properties":{"comunaId":"CHL.13.1.9_1","nombre":"Yungay","provincia":"Diguillín","regionGadm":"Ñuble","centerLat":-37.0946,"centerLon":-71.9193},"geometry":{"type":"MultiPolygon","coordinates":[[[[-71.5517,-37.0196],[-71.5489,-37.0235],[-71.5485,-37.0325],[-71.5409,-37.0411],[-71.5417,-37.0483],[-71.5459,-37.0589],[-71.5439,-37.0628],[-71.5403,-37.0637],[-71.5422,-37.0818],[-71.5412,-37.0838],[-71.5441,-37.0858],[-71.5464,-37.0912],[-71.5504,-37.0936],[-71.551,-37.096],[-71.5536,-37.0962],[-71.5541,-37.0996],[-71.5564,-37.1011],[-71.557,-37.1123],[-71.5589,-37.1172],[-71.5561,-37.1306],[-71.5625,-37.1339],[-71.5694,-37.1335],[-71.5754,-37.1263],[-71.5813,-37.1244],[-71.5933,-37.1268],[-71.5996,-37.1303],[-71.6025,-37.1294],[-71.6199,-37.1336],[-71.6221,-37.1323],[-71.6269,-37.1332],[-71.6325,-37.1319],[-71.643,-37.1342],[-71.6535,-37.1311],[-71.6621,-37.1346],[-71.6779,-37.1449],[-71.6871,-37.1444],[-71.6943,-37.1393],[-71.6987,-37.1389],[-71.7007,-37.1336],[-71.7096,-37.1267],[-71.7228,-37.1243],[-71.7283,-37.1275],[-71.7359,-37.1226],[-71.748,-37.1209],[-71.7521,-37.1152],[-71.7579,-37.1154],[-71.7685,-37.1111],[-71.7763,-37.1126],[-71.7805,-37.1107],[-71.7847,-37.112],[-71.7971,-37.1087],[-71.7995,-37.1111],[-71.8071,-37.1119],[-71.8141,-37.117],[-71.8238,-37.1203],[-71.8271,-37.1249],[-71.8357,-37.1243],[-71.8376,-37.1252],[-71.8361,-37.1285],[-71.8443,-37.129],[-71.841,-37.1376],[-71.8432,-37.1387],[-71.8445,-37.1514],[-71.8475,-37.1543],[-71.8501,-37.162],[-71.8595,-37.1614],[-71.8622,-37.1646],[-71.8632,-37.1631],[-71.8663,-37.1632],[-71.8667,-37.1668],[-71.8689,-37.1694],[-71.8777,-37.1694],[-71.8813,-37.1717],[-71.8816,-37.1746],[-71.8858,-37.1764],[-71.8899,-37.1826],[-71.8964,-37.1827],[-71.8994,-37.1847],[-71.9054,-37.1848],[-71.9112,-37.1815],[-71.9145,-37.1835],[-71.9169,-37.1825],[-71.9193,-37.1866],[-71.9309,-37.1854],[-71.9388,-37.1905],[-71.9445,-37.1911],[-71.9456,-37.1925],[-71.964,-37.1897],[-71.9712,-37.1917],[-71.9735,-37.189],[-71.9762,-37.1914],[-71.9775,-37.188],[-71.9855,-37.1909],[-71.9877,-37.1935],[-71.9906,-37.1932],[-71.9985,-37.1882],[-71.9979,-37.1836],[-72.0076,-37.1831],[-72.0118,-37.1769],[-72.0358,-37.1656],[-72.0367,-37.1678],[-72.0663,-37.1679],[-72.0598,-37.1737],[-72.0574,-37.1718],[-72.0534,-37.1749],[-72.0556,-37.1766],[-72.0544,-37.1776],[-72.0631,-37.1848],[-72.062,-37.1935],[-72.0678,-37.1911],[-72.077,-37.1904],[-72.0856,-37.1853],[-72.1039,-37.187],[-72.1097,-37.1798],[-72.1192,-37.1786],[-72.1259,-37.1809],[-72.1364,-37.1795],[-72.1411,-37.1866],[-72.1457,-37.1882],[-72.153,-37.1949],[-72.1603,-37.1974],[-72.1689,-37.1975],[-72.1807,-37.1934],[-72.1864,-37.196],[-72.1947,-37.1939],[-72.2075,-37.187],[-72.2376,-37.1864],[-72.244,-37.1822],[-72.2531,-37.1926],[-72.2674,-37.1935],[-72.271,-37.1955],[-72.2744,-37.1948],[-72.28,-37.1553],[-72.2689,-37.1546],[-72.2672,-37.1487],[-72.2685,-37.1469],[-72.2653,-37.1482],[-72.2616,-37.1233],[-72.2715,-37.1205],[-72.257,-37.106],[-72.2614,-37.0926],[-72.2536,-37.0897],[-72.2432,-37.0894],[-72.2438,-37.0855],[-72.2316,-37.0809],[-72.2309,-37.0837],[-72.2271,-37.0834],[-72.2285,-37.0798],[-72.2166,-37.0754],[-72.1872,-37.0531],[-72.1822,-37.0463],[-72.188,-37.0432],[-72.187,-37.04],[-72.1914,-37.0362],[-72.1918,-37.0307],[-72.1947,-37.0273],[-72.189,-37.0269],[-72.1824,-37.032],[-72.1799,-37.0312],[-72.1784,-37.0337],[-72.1727,-37.0363],[-72.1636,-37.0335],[-72.1516,-37.038],[-72.149,-37.0379],[-72.1491,-37.0357],[-72.1434,-37.0385],[-72.1411,-37.0353],[-72.1379,-37.037],[-72.1333,-37.0348],[-72.1325,-37.036],[-72.1349,-37.0388],[-72.1319,-37.0427],[-72.1243,-37.0363],[-72.12,-37.04],[-72.1153,-37.0404],[-72.11,-37.0377],[-72.1059,-37.0397],[-72.1017,-37.0366],[-72.096,-37.0354],[-72.092,-37.043],[-72.0889,-37.0422],[-72.0854,-37.0454],[-72.0827,-37.0431],[-72.0781,-37.0459],[-72.0709,-37.0431],[-72.0651,-37.0438],[-72.063,-37.0461],[-72.0618,-37.0438],[-72.0555,-37.0441],[-72.054,-37.0482],[-72.0508,-37.0456],[-72.0437,-37.0465],[-72.046,-37.0421],[-72.0446,-37.0432],[-72.0382,-37.0406],[-72.0354,-37.043],[-72.0279,-37.0427],[-72.0267,-37.0394],[-72.0223,-37.0388],[-72.0222,-37.0409],[-72.0201,-37.0417],[-72.0188,-37.0396],[-72.0161,-37.0418],[-72.0113,-37.0395],[-72.0113,-37.0361],[-72.0082,-37.0373],[-72.0084,-37.0355],[-72.0027,-37.037],[-72.002,-37.0393],[-71.999,-37.0382],[-71.9968,-37.0395],[-71.9942,-37.0373],[-71.9895,-37.0371],[-71.9837,-37.0398],[-71.9813,-37.0445],[-71.9771,-37.0476],[-71.9784,-37.0491],[-71.9757,-37.0527],[-71.97,-37.0532],[-71.9701,-37.0504],[-71.9652,-37.0494],[-71.9657,-37.0456],[-71.9611,-37.0486],[-71.958,-37.0447],[-71.9563,-37.0499],[-71.9513,-37.0518],[-71.9512,-37.0497],[-71.948,-37.0498],[-71.9476,-37.0528],[-71.9428,-37.0559],[-71.9324,-37.0551],[-71.9293,-37.0568],[-71.9281,-37.0554],[-71.9214,-37.0556],[-71.9204,-37.0543],[-71.9194,-37.0574],[-71.9145,-37.0598],[-71.9073,-37.0602],[-71.8974,-37.0631],[-71.8915,-37.0616],[-71.8864,-37.0641],[-71.883,-37.0638],[-71.8805,-37.0664],[-71.8737,-37.0666],[-71.8723,-37.0645],[-71.8655,-37.0645],[-71.863,-37.0618],[-71.8613,-37.0628],[-71.8601,-37.0614],[-71.8528,-37.0618],[-71.8505,-37.0592],[-71.846,-37.058],[-71.8396,-37.0603],[-71.8386,-37.0582],[-71.8355,-37.0571],[-71.8354,-37.0546],[-71.8322,-37.054],[-71.8261,-37.0551],[-71.8244,-37.0537],[-71.8219,-37.0557],[-71.8104,-37.0552],[-71.8094,-37.0563],[-71.7993,-37.0538],[-71.7809,-37.0537],[-71.7796,-37.0519],[-71.7748,-37.0519],[-71.7744,-37.0503],[-71.7674,-37.0481],[-71.7594,-37.0478],[-71.758,-37.0454],[-71.7399,-37.0462],[-71.7358,-37.0441],[-71.7226,-37.0419],[-71.714,-37.0379],[-71.7084,-37.0383],[-71.6976,-37.0352],[-71.6927,-37.037],[-71.6859,-37.0344],[-71.6823,-37.0312],[-71.6688,-37.0301],[-71.6624,-37.0225],[-71.6468,-37.0234],[-71.6312,-37.0187],[-71.6165,-37.0063],[-71.5969,-37.0054],[-71.5973,-37.0008],[-71.5954,-36.9973],[-71.5813,-37.0004],[-71.5738,-37.0068],[-71.5691,-37.0143],[-71.5549,-37.0139],[-71.5517,-37.0196]]]]}},{"type":"Feature","properties":{"comunaId":"CHL.13.2.1_1","nombre":"Cobquecura","provincia":"Itata","regionGadm":"Ñuble","centerLat":-36.1853,"centerLon":-72.7065},"geometry":{"type":"MultiPolygon","coordinates":[[[[-72.6468,-36.0167],[-72.6445,-36.0151],[-72.6402,-36.0209],[-72.6354,-36.0208],[-72.6306,-36.0253],[-72.6303,-36.029],[-72.6332,-36.0284],[-72.6334,-36.0313],[-72.6284,-36.033],[-72.6271,-36.0316],[-72.6237,-36.0319],[-72.6241,-36.0353],[-72.6215,-36.0345],[-72.6199,-36.036],[-72.6218,-36.0382],[-72.62,-36.0409],[-72.623,-36.0419],[-72.6223,-36.0442],[-72.6239,-36.0462],[-72.6237,-36.0489],[-72.6202,-36.0509],[-72.6216,-36.0525],[-72.6198,-36.0532],[-72.62,-36.0555],[-72.6141,-36.0529],[-72.6011,-36.0568],[-72.6021,-36.06],[-72.5927,-36.062],[-72.5919,-36.0903],[-72.5895,-36.0897],[-72.5839,-36.0919],[-72.582,-36.0889],[-72.5792,-36.0884],[-72.5716,-36.093],[-72.5729,-36.0967],[-72.5672,-36.1002],[-72.5662,-36.1031],[-72.5629,-36.1026],[-72.5623,-36.1048],[-72.5606,-36.1051],[-72.5546,-36.1031],[-72.5527,-36.1085],[-72.5529,-36.1118],[-72.5599,-36.1126],[-72.5635,-36.1174],[-72.5675,-36.118],[-72.5696,-36.1157],[-72.5691,-36.1144],[-72.5728,-36.1124],[-72.5936,-36.109],[-72.6008,-36.1152],[-72.6171,-36.1214],[-72.6222,-36.127],[-72.6353,-36.1319],[-72.6401,-36.1361],[-72.6459,-36.1363],[-72.6483,-36.1386],[-72.6632,-36.1391],[-72.6757,-36.1439],[-72.6751,-36.1421],[-72.6767,-36.1405],[-72.6834,-36.1396],[-72.6874,-36.1368],[-72.6895,-36.1404],[-72.6946,-36.1384],[-72.7026,-36.1424],[-72.7068,-36.1478],[-72.7038,-36.1502],[-72.6998,-36.1576],[-72.6994,-36.1659],[-72.6978,-36.168],[-72.6955,-36.169],[-72.6899,-36.1676],[-72.6741,-36.1712],[-72.6644,-36.1758],[-72.6538,-36.186],[-72.6523,-36.1888],[-72.6545,-36.1905],[-72.654,-36.1921],[-72.6461,-36.1894],[-72.6442,-36.1909],[-72.6425,-36.196],[-72.6461,-36.2029],[-72.6454,-36.2074],[-72.6432,-36.2098],[-72.6452,-36.2129],[-72.6423,-36.2165],[-72.6403,-36.2261],[-72.6363,-36.2304],[-72.6353,-36.2372],[-72.6388,-36.2421],[-72.6372,-36.2482],[-72.6425,-36.2528],[-72.6438,-36.2566],[-72.6306,-36.258],[-72.627,-36.2645],[-72.6196,-36.2666],[-72.6194,-36.2718],[-72.6218,-36.2748],[-72.6238,-36.2847],[-72.6274,-36.2884],[-72.6269,-36.294],[-72.6288,-36.2968],[-72.6257,-36.2997],[-72.6254,-36.3021],[-72.6317,-36.3049],[-72.6352,-36.3034],[-72.6408,-36.3101],[-72.6455,-36.3056],[-72.6515,-36.3068],[-72.6495,-36.3141],[-72.6574,-36.3182],[-72.6563,-36.3233],[-72.661,-36.3254],[-72.6656,-36.3312],[-72.6708,-36.3332],[-72.6745,-36.3311],[-72.6752,-36.3289],[-72.6816,-36.3298],[-72.6821,-36.3282],[-72.6849,-36.328],[-72.689,-36.3313],[-72.6888,-36.3369],[-72.696,-36.3423],[-72.7061,-36.3437],[-72.7146,-36.3482],[-72.7257,-36.3474],[-72.728,-36.3528],[-72.731,-36.3544],[-72.7379,-36.3527],[-72.7459,-36.3565],[-72.7532,-36.3502],[-72.7519,-36.3482],[-72.7533,-36.3435],[-72.7574,-36.3476],[-72.7613,-36.3481],[-72.7595,-36.3442],[-72.762,-36.3418],[-72.7612,-36.3393],[-72.7659,-36.3371],[-72.7674,-36.3327],[-72.7696,-36.3347],[-72.7718,-36.3327],[-72.7719,-36.335],[-72.7738,-36.3354],[-72.7758,-36.331],[-72.7774,-36.332],[-72.7776,-36.3307],[-72.7795,-36.3308],[-72.7823,-36.3326],[-72.7824,-36.3312],[-72.7841,-36.3325],[-72.7897,-36.3308],[-72.7914,-36.3323],[-72.7893,-36.3344],[-72.7966,-36.3342],[-72.7936,-36.3355],[-72.7947,-36.3367],[-72.7997,-36.3356],[-72.8011,-36.3416],[-72.8039,-36.3421],[-72.8034,-36.3455],[-72.8073,-36.3468],[-72.8067,-36.3512],[-72.8101,-36.3537],[-72.8129,-36.3516],[-72.8228,-36.3539],[-72.8356,-36.3507],[-72.8402,-36.3532],[-72.8442,-36.3534],[-72.8443,-36.3554],[-72.8463,-36.3562],[-72.8467,-36.3549],[-72.852,-36.3597],[-72.8526,-36.3583],[-72.8502,-36.3569],[-72.8468,-36.3508],[-72.841,-36.3347],[-72.8309,-36.3239],[-72.8201,-36.2996],[-72.8177,-36.2981],[-72.8177,-36.2955],[-72.8163,-36.2958],[-72.8088,-36.2764],[-72.8087,-36.2612],[-72.8111,-36.246],[-72.8222,-36.1974],[-72.8241,-36.1954],[-72.8219,-36.1942],[-72.8227,-36.1918],[-72.8195,-36.1906],[-72.8187,-36.1828],[-72.8202,-36.1799],[-72.8165,-36.1808],[-72.8145,-36.1797],[-72.8109,-36.1736],[-72.8039,-36.1431],[-72.806,-36.1223],[-72.8133,-36.0944],[-72.8151,-36.0935],[-72.8119,-36.0913],[-72.812,-36.0884],[-72.8105,-36.0873],[-72.8116,-36.0862],[-72.8103,-36.0869],[-72.8088,-36.0838],[-72.8104,-36.0813],[-72.8086,-36.0814],[-72.8081,-36.0788],[-72.8063,-36.0793],[-72.8061,-36.0782],[-72.8047,-36.0788],[-72.8058,-36.0776],[-72.8028,-36.0772],[-72.7967,-36.0788],[-72.7907,-36.0709],[-72.7869,-36.0579],[-72.7869,-36.051],[-72.7855,-36.0509],[-72.7867,-36.0491],[-72.7824,-36.0474],[-72.778,-36.0404],[-72.7805,-36.0145],[-72.7775,-36.0144],[-72.7751,-36.0112],[-72.7681,-36.0106],[-72.7657,-36.0057],[-72.7596,-36.0056],[-72.7435,-36.0079],[-72.7316,-36.0155],[-72.7209,-36.0194],[-72.7214,-36.0227],[-72.7184,-36.0242],[-72.7144,-36.0215],[-72.7082,-36.0232],[-72.7047,-36.017],[-72.6962,-36.0221],[-72.6898,-36.0186],[-72.6866,-36.0188],[-72.6798,-36.0219],[-72.6767,-36.0278],[-72.6678,-36.0303],[-72.6603,-36.0362],[-72.6563,-36.0406],[-72.6553,-36.047],[-72.6468,-36.0167]]]]}},{"type":"Feature","properties":{"comunaId":"CHL.13.2.2_1","nombre":"Coelemu","provincia":"Itata","regionGadm":"Ñuble","centerLat":-36.5017,"centerLon":-72.7496},"geometry":{"type":"MultiPolygon","coordinates":[[[[-72.7337,-36.6173],[-72.7431,-36.6215],[-72.7518,-36.6217],[-72.7622,-36.6248],[-72.7733,-36.625],[-72.7771,-36.624],[-72.7727,-36.6221],[-72.767,-36.6098],[-72.7645,-36.6084],[-72.7646,-36.6053],[-72.7983,-36.606],[-72.8009,-36.5719],[-72.7984,-36.5719],[-72.7976,-36.5703],[-72.7978,-36.5636],[-72.8261,-36.5427],[-72.8234,-36.5367],[-72.8279,-36.5265],[-72.819,-36.5124],[-72.8142,-36.5156],[-72.8116,-36.5151],[-72.8082,-36.511],[-72.8012,-36.5108],[-72.8079,-36.5061],[-72.8002,-36.4968],[-72.8135,-36.482],[-72.8098,-36.4597],[-72.8195,-36.4541],[-72.8262,-36.4613],[-72.8328,-36.4622],[-72.8353,-36.4606],[-72.8413,-36.4619],[-72.8518,-36.4591],[-72.8541,-36.4623],[-72.8558,-36.4596],[-72.8613,-36.457],[-72.8653,-36.4571],[-72.8691,-36.4551],[-72.8725,-36.4572],[-72.8778,-36.4549],[-72.8762,-36.4516],[-72.877,-36.4483],[-72.8839,-36.4448],[-72.8814,-36.4424],[-72.8844,-36.4371],[-72.8819,-36.4334],[-72.8798,-36.4339],[-72.8787,-36.4313],[-72.8725,-36.4272],[-72.8732,-36.4135],[-72.8706,-36.3897],[-72.8469,-36.3881],[-72.8224,-36.3815],[-72.801,-36.3927],[-72.7933,-36.3988],[-72.7817,-36.4],[-72.7716,-36.398],[-72.7685,-36.4025],[-72.7629,-36.403],[-72.7594,-36.4059],[-72.7539,-36.4072],[-72.7404,-36.4038],[-72.7344,-36.4059],[-72.7343,-36.408],[-72.7298,-36.413],[-72.7284,-36.4204],[-72.7242,-36.4222],[-72.7197,-36.42],[-72.7099,-36.4212],[-72.708,-36.4241],[-72.7024,-36.426],[-72.7026,-36.4293],[-72.6972,-36.4358],[-72.6951,-36.4412],[-72.6975,-36.4438],[-72.7001,-36.4547],[-72.6941,-36.4589],[-72.6928,-36.462],[-72.6936,-36.4638],[-72.6963,-36.4645],[-72.6971,-36.4715],[-72.6918,-36.4762],[-72.6895,-36.4856],[-72.6834,-36.4883],[-72.6732,-36.5027],[-72.6682,-36.5051],[-72.6619,-36.5053],[-72.6545,-36.5135],[-72.646,-36.5162],[-72.6431,-36.5209],[-72.6358,-36.5242],[-72.6279,-36.5248],[-72.6286,-36.5285],[-72.6234,-36.5308],[-72.6203,-36.537],[-72.6134,-36.5421],[-72.6081,-36.5423],[-72.6049,-36.5449],[-72.6163,-36.5503],[-72.6164,-36.5523],[-72.63,-36.5619],[-72.6429,-36.5686],[-72.6435,-36.5755],[-72.6469,-36.5778],[-72.6506,-36.5851],[-72.649,-36.5936],[-72.6519,-36.5971],[-72.655,-36.5972],[-72.6592,-36.6007],[-72.6656,-36.6005],[-72.6696,-36.6059],[-72.6762,-36.6061],[-72.6819,-36.6098],[-72.6958,-36.6141],[-72.7048,-36.6144],[-72.7172,-36.6118],[-72.7225,-36.6149],[-72.7337,-36.6173]]]]}},{"type":"Feature","properties":{"comunaId":"CHL.13.2.3_1","nombre":"Ninhue","provincia":"Itata","regionGadm":"Ñuble","centerLat":-36.3467,"centerLon":-72.4244},"geometry":{"type":"MultiPolygon","coordinates":[[[[-72.4126,-36.2225],[-72.4095,-36.2255],[-72.4061,-36.2259],[-72.4038,-36.2289],[-72.4012,-36.2284],[-72.3995,-36.2319],[-72.3913,-36.2338],[-72.3924,-36.2359],[-72.3901,-36.2386],[-72.3897,-36.242],[-72.3875,-36.2424],[-72.3863,-36.245],[-72.3893,-36.2465],[-72.3894,-36.2484],[-72.3802,-36.2511],[-72.3802,-36.2542],[-72.3764,-36.2538],[-72.3725,-36.2572],[-72.3513,-36.2452],[-72.3456,-36.2369],[-72.334,-36.2332],[-72.3211,-36.2325],[-72.3198,-36.2336],[-72.3133,-36.2331],[-72.2983,-36.2472],[-72.2943,-36.2542],[-72.2843,-36.2556],[-72.2776,-36.2604],[-72.2855,-36.27],[-72.2909,-36.2795],[-72.3006,-36.2897],[-72.3196,-36.28],[-72.3166,-36.3017],[-72.3343,-36.336],[-72.3327,-36.3448],[-72.3246,-36.3504],[-72.3192,-36.3575],[-72.3099,-36.3639],[-72.3035,-36.3711],[-72.2978,-36.3744],[-72.2975,-36.3798],[-72.3003,-36.3874],[-72.3071,-36.3933],[-72.3135,-36.3935],[-72.3155,-36.3968],[-72.3253,-36.4015],[-72.3267,-36.4035],[-72.3372,-36.4065],[-72.3404,-36.4166],[-72.3398,-36.4236],[-72.3482,-36.4387],[-72.3489,-36.4435],[-72.3498,-36.4448],[-72.3519,-36.4435],[-72.3584,-36.4476],[-72.3634,-36.4473],[-72.3641,-36.4488],[-72.3612,-36.4533],[-72.3689,-36.4558],[-72.3684,-36.4621],[-72.3702,-36.4646],[-72.3635,-36.4773],[-72.3752,-36.4759],[-72.3918,-36.4842],[-72.3953,-36.4822],[-72.401,-36.4827],[-72.4033,-36.4804],[-72.4099,-36.4806],[-72.4133,-36.4755],[-72.416,-36.4745],[-72.4216,-36.4765],[-72.4259,-36.4706],[-72.4307,-36.4705],[-72.4369,-36.4734],[-72.4465,-36.4677],[-72.452,-36.4685],[-72.4536,-36.4701],[-72.4718,-36.4702],[-72.4884,-36.458],[-72.4925,-36.4567],[-72.4929,-36.4519],[-72.4889,-36.4432],[-72.4895,-36.4401],[-72.4933,-36.4367],[-72.5036,-36.4352],[-72.5286,-36.4358],[-72.5371,-36.43],[-72.5382,-36.421],[-72.552,-36.4161],[-72.5505,-36.4121],[-72.5454,-36.4099],[-72.5459,-36.4052],[-72.542,-36.4046],[-72.5415,-36.402],[-72.5387,-36.4012],[-72.5422,-36.3975],[-72.5432,-36.3937],[-72.5416,-36.3914],[-72.5427,-36.3896],[-72.5396,-36.3865],[-72.5397,-36.3824],[-72.5416,-36.3808],[-72.5395,-36.3781],[-72.5407,-36.3711],[-72.5348,-36.369],[-72.5303,-36.3702],[-72.5303,-36.3675],[-72.5255,-36.3654],[-72.5236,-36.3611],[-72.5152,-36.3601],[-72.514,-36.3578],[-72.5066,-36.3598],[-72.5046,-36.3571],[-72.5005,-36.3567],[-72.4983,-36.3534],[-72.4856,-36.347],[-72.477,-36.348],[-72.4569,-36.3547],[-72.4582,-36.3517],[-72.4556,-36.3442],[-72.4584,-36.3409],[-72.4593,-36.3342],[-72.4647,-36.3334],[-72.4671,-36.3316],[-72.467,-36.327],[-72.4711,-36.3166],[-72.4833,-36.2949],[-72.4767,-36.2901],[-72.4791,-36.2873],[-72.478,-36.2827],[-72.4703,-36.2826],[-72.4679,-36.28],[-72.4631,-36.2813],[-72.4578,-36.2794],[-72.4645,-36.2729],[-72.4559,-36.2702],[-72.453,-36.2664],[-72.4509,-36.2564],[-72.4547,-36.2571],[-72.4549,-36.2546],[-72.4509,-36.2451],[-72.4569,-36.2408],[-72.4552,-36.2373],[-72.4449,-36.2386],[-72.4436,-36.245],[-72.4351,-36.2482],[-72.4405,-36.2288],[-72.4349,-36.2305],[-72.4354,-36.2281],[-72.4331,-36.227],[-72.4182,-36.2297],[-72.4126,-36.2276],[-72.4126,-36.2225]]]]}},{"type":"Feature","properties":{"comunaId":"CHL.13.2.4_1","nombre":"Portezuelo","provincia":"Itata","regionGadm":"Ñuble","centerLat":-36.537,"centerLon":-72.48},"geometry":{"type":"MultiPolygon","coordinates":[[[[-72.3952,-36.6173],[-72.4004,-36.6196],[-72.4081,-36.6287],[-72.4145,-36.6299],[-72.4334,-36.64],[-72.4518,-36.6418],[-72.4596,-36.6401],[-72.4653,-36.6444],[-72.468,-36.6437],[-72.4715,-36.6415],[-72.4771,-36.6316],[-72.4856,-36.6282],[-72.4935,-36.6218],[-72.4977,-36.6221],[-72.5098,-36.6144],[-72.5135,-36.607],[-72.5161,-36.6053],[-72.5302,-36.5989],[-72.5491,-36.5955],[-72.5518,-36.5915],[-72.5559,-36.5901],[-72.5568,-36.5862],[-72.5597,-36.5847],[-72.558,-36.5798],[-72.5655,-36.575],[-72.5681,-36.5691],[-72.5825,-36.5706],[-72.5912,-36.5694],[-72.5966,-36.5638],[-72.5966,-36.5599],[-72.5991,-36.5567],[-72.6001,-36.5507],[-72.6055,-36.5485],[-72.6054,-36.5442],[-72.6081,-36.5423],[-72.6137,-36.5419],[-72.6203,-36.537],[-72.6234,-36.5308],[-72.6277,-36.5293],[-72.6287,-36.5272],[-72.6192,-36.5224],[-72.6116,-36.5263],[-72.6102,-36.5296],[-72.6065,-36.5291],[-72.5791,-36.5362],[-72.5764,-36.5344],[-72.5691,-36.5374],[-72.5653,-36.5324],[-72.5582,-36.5349],[-72.5495,-36.5307],[-72.5483,-36.5276],[-72.5507,-36.5178],[-72.5485,-36.5121],[-72.542,-36.5081],[-72.5437,-36.499],[-72.5316,-36.4928],[-72.5271,-36.4864],[-72.5253,-36.4786],[-72.5165,-36.4777],[-72.5078,-36.4688],[-72.5083,-36.4617],[-72.5045,-36.4485],[-72.5089,-36.4386],[-72.5084,-36.4354],[-72.4957,-36.436],[-72.4902,-36.4392],[-72.4889,-36.4432],[-72.4929,-36.4519],[-72.4925,-36.4567],[-72.4884,-36.458],[-72.4711,-36.4705],[-72.4536,-36.4701],[-72.452,-36.4685],[-72.4465,-36.4677],[-72.4369,-36.4734],[-72.4307,-36.4705],[-72.4259,-36.4706],[-72.4216,-36.4765],[-72.416,-36.4745],[-72.4133,-36.4755],[-72.4099,-36.4806],[-72.4033,-36.4804],[-72.401,-36.4827],[-72.3953,-36.4822],[-72.3925,-36.4842],[-72.3843,-36.4815],[-72.3817,-36.4786],[-72.3752,-36.4759],[-72.3712,-36.4759],[-72.3687,-36.4824],[-72.359,-36.4851],[-72.3589,-36.494],[-72.3532,-36.4988],[-72.3605,-36.5066],[-72.3624,-36.5113],[-72.3619,-36.5179],[-72.3592,-36.5205],[-72.3577,-36.5277],[-72.3607,-36.5333],[-72.3614,-36.5408],[-72.3647,-36.5502],[-72.3632,-36.5516],[-72.3613,-36.5621],[-72.3761,-36.5799],[-72.382,-36.5769],[-72.3862,-36.577],[-72.3849,-36.578],[-72.3878,-36.5815],[-72.3888,-36.5918],[-72.3911,-36.5965],[-72.3905,-36.604],[-72.3921,-36.607],[-72.3953,-36.6087],[-72.3952,-36.6173]]]]}},{"type":"Feature","properties":{"comunaId":"CHL.13.2.5_1","nombre":"Quirihue","provincia":"Itata","regionGadm":"Ñuble","centerLat":-36.2305,"centerLon":-72.5513},"geometry":{"type":"MultiPolygon","coordinates":[[[[-72.593,-36.0651],[-72.5885,-36.0653],[-72.5875,-36.0683],[-72.5906,-36.0721],[-72.5828,-36.078],[-72.5802,-36.0751],[-72.5719,-36.074],[-72.548,-36.0779],[-72.5439,-36.0752],[-72.5416,-36.0762],[-72.5368,-36.0698],[-72.5306,-36.0695],[-72.5241,-36.0731],[-72.5235,-36.0762],[-72.5205,-36.077],[-72.5186,-36.0801],[-72.5121,-36.0809],[-72.5084,-36.0764],[-72.5037,-36.0761],[-72.5005,-36.0732],[-72.4927,-36.0723],[-72.4873,-36.0776],[-72.4873,-36.0799],[-72.4927,-36.086],[-72.5014,-36.0857],[-72.497,-36.0945],[-72.5005,-36.0976],[-72.5007,-36.1002],[-72.4996,-36.1027],[-72.4928,-36.1071],[-72.4909,-36.1214],[-72.4883,-36.1237],[-72.4885,-36.1256],[-72.4893,-36.1274],[-72.4947,-36.1289],[-72.4928,-36.1353],[-72.4983,-36.1351],[-72.4976,-36.1385],[-72.5015,-36.1408],[-72.5018,-36.1434],[-72.4818,-36.1497],[-72.4779,-36.1528],[-72.4726,-36.1522],[-72.4697,-36.1482],[-72.4678,-36.148],[-72.4528,-36.1501],[-72.4435,-36.156],[-72.4301,-36.158],[-72.4264,-36.1572],[-72.4249,-36.1611],[-72.4221,-36.1632],[-72.4215,-36.1699],[-72.4022,-36.176],[-72.3995,-36.1743],[-72.3897,-36.1752],[-72.3856,-36.1738],[-72.3818,-36.17],[-72.3734,-36.1699],[-72.3708,-36.164],[-72.3587,-36.1574],[-72.3521,-36.1677],[-72.3449,-36.1735],[-72.3384,-36.1744],[-72.3364,-36.1801],[-72.3378,-36.2055],[-72.3601,-36.2148],[-72.4122,-36.2078],[-72.4126,-36.2276],[-72.4185,-36.2297],[-72.4331,-36.227],[-72.4354,-36.2281],[-72.4356,-36.2306],[-72.4405,-36.2288],[-72.4351,-36.2482],[-72.4436,-36.245],[-72.4449,-36.2386],[-72.4552,-36.2373],[-72.4569,-36.2408],[-72.4509,-36.2451],[-72.4549,-36.2546],[-72.4547,-36.2571],[-72.4509,-36.2564],[-72.453,-36.2664],[-72.4559,-36.2702],[-72.4645,-36.2729],[-72.4578,-36.2794],[-72.4631,-36.2813],[-72.4679,-36.28],[-72.4703,-36.2826],[-72.478,-36.2827],[-72.4791,-36.2873],[-72.4767,-36.2901],[-72.4833,-36.2949],[-72.4711,-36.3166],[-72.467,-36.327],[-72.4671,-36.3316],[-72.4647,-36.3334],[-72.4593,-36.3342],[-72.4584,-36.3409],[-72.4556,-36.3442],[-72.4582,-36.3517],[-72.4569,-36.3547],[-72.477,-36.348],[-72.4856,-36.347],[-72.4983,-36.3534],[-72.5005,-36.3567],[-72.5046,-36.3571],[-72.5066,-36.3598],[-72.514,-36.3578],[-72.5152,-36.3601],[-72.5236,-36.3611],[-72.5255,-36.3654],[-72.5303,-36.3675],[-72.5303,-36.3702],[-72.5348,-36.369],[-72.5407,-36.3711],[-72.5395,-36.3781],[-72.5416,-36.3808],[-72.5397,-36.3824],[-72.5396,-36.3865],[-72.5427,-36.3896],[-72.5416,-36.3914],[-72.5432,-36.3937],[-72.5422,-36.3975],[-72.5387,-36.4012],[-72.5415,-36.402],[-72.542,-36.4046],[-72.5459,-36.4052],[-72.5454,-36.4099],[-72.5505,-36.4121],[-72.552,-36.4161],[-72.5616,-36.4174],[-72.5635,-36.4231],[-72.5732,-36.4262],[-72.5759,-36.4259],[-72.5832,-36.4208],[-72.5802,-36.4166],[-72.5751,-36.417],[-72.5742,-36.4143],[-72.5704,-36.4112],[-72.5759,-36.4003],[-72.5844,-36.3899],[-72.5851,-36.3866],[-72.593,-36.3958],[-72.6021,-36.3988],[-72.605,-36.3975],[-72.6184,-36.4077],[-72.635,-36.4066],[-72.6382,-36.4034],[-72.6396,-36.3971],[-72.644,-36.3933],[-72.6438,-36.3892],[-72.639,-36.3812],[-72.646,-36.377],[-72.6478,-36.369],[-72.6467,-36.366],[-72.6496,-36.3599],[-72.6565,-36.3573],[-72.6571,-36.3547],[-72.6588,-36.3542],[-72.6585,-36.3469],[-72.6609,-36.346],[-72.6595,-36.3448],[-72.6585,-36.3307],[-72.6614,-36.3272],[-72.661,-36.3254],[-72.6563,-36.3233],[-72.6574,-36.3182],[-72.6495,-36.3141],[-72.6515,-36.3068],[-72.6455,-36.3056],[-72.6408,-36.3101],[-72.6352,-36.3034],[-72.6317,-36.3049],[-72.6254,-36.3021],[-72.6257,-36.2997],[-72.6288,-36.2968],[-72.6269,-36.294],[-72.6274,-36.2884],[-72.6238,-36.2847],[-72.6218,-36.2748],[-72.6194,-36.2718],[-72.6196,-36.2666],[-72.627,-36.2645],[-72.6306,-36.258],[-72.6438,-36.2566],[-72.6425,-36.2528],[-72.6372,-36.2482],[-72.6388,-36.2421],[-72.6353,-36.2372],[-72.6363,-36.2304],[-72.6403,-36.2261],[-72.6423,-36.2165],[-72.6452,-36.2129],[-72.6432,-36.2098],[-72.6454,-36.2074],[-72.6461,-36.2029],[-72.6425,-36.196],[-72.6447,-36.1902],[-72.6466,-36.1895],[-72.654,-36.1921],[-72.6545,-36.1905],[-72.6523,-36.1888],[-72.6538,-36.186],[-72.6644,-36.1758],[-72.6741,-36.1712],[-72.6899,-36.1676],[-72.6955,-36.169],[-72.6978,-36.168],[-72.6994,-36.1659],[-72.6998,-36.1576],[-72.7038,-36.1502],[-72.7068,-36.1478],[-72.7026,-36.1424],[-72.6946,-36.1384],[-72.6895,-36.1404],[-72.6874,-36.1368],[-72.6834,-36.1396],[-72.6767,-36.1405],[-72.6751,-36.1421],[-72.6757,-36.1439],[-72.6632,-36.1391],[-72.6483,-36.1386],[-72.6459,-36.1363],[-72.6401,-36.1361],[-72.6353,-36.1319],[-72.6222,-36.127],[-72.6171,-36.1214],[-72.6008,-36.1152],[-72.5936,-36.109],[-72.5728,-36.1124],[-72.5691,-36.1144],[-72.5696,-36.1157],[-72.5675,-36.118],[-72.5635,-36.1174],[-72.5599,-36.1126],[-72.5529,-36.1118],[-72.5542,-36.1034],[-72.5606,-36.1051],[-72.5623,-36.1048],[-72.5629,-36.1026],[-72.5662,-36.1031],[-72.5672,-36.1002],[-72.5729,-36.0967],[-72.5716,-36.093],[-72.5729,-36.0934],[-72.5756,-36.0902],[-72.5798,-36.0881],[-72.5839,-36.0919],[-72.5895,-36.0897],[-72.5919,-36.0903],[-72.593,-36.0651]]]]}},{"type":"Feature","properties":{"comunaId":"CHL.13.2.6_1","nombre":"Ranquil","provincia":"Itata","regionGadm":"Ñuble","centerLat":-36.6516,"centerLon":-72.5918},"geometry":{"type":"MultiPolygon","coordinates":[[[[-72.5935,-36.7318],[-72.5955,-36.7338],[-72.5995,-36.7313],[-72.6002,-36.724],[-72.6069,-36.7165],[-72.612,-36.7045],[-72.6181,-36.703],[-72.6166,-36.7013],[-72.6214,-36.6965],[-72.6186,-36.6951],[-72.6172,-36.6911],[-72.6189,-36.6897],[-72.6224,-36.6908],[-72.6315,-36.6858],[-72.6374,-36.6862],[-72.6418,-36.6818],[-72.6459,-36.6817],[-72.646,-36.6792],[-72.6523,-36.6741],[-72.6525,-36.6694],[-72.6543,-36.6665],[-72.6577,-36.6663],[-72.6662,-36.6694],[-72.6726,-36.6646],[-72.6774,-36.6631],[-72.688,-36.6545],[-72.6974,-36.6526],[-72.7154,-36.656],[-72.7196,-36.6554],[-72.7329,-36.6436],[-72.7353,-36.6377],[-72.7336,-36.6342],[-72.7323,-36.623],[-72.7337,-36.6173],[-72.7225,-36.6149],[-72.7172,-36.6118],[-72.7048,-36.6144],[-72.6958,-36.6141],[-72.6819,-36.6098],[-72.6762,-36.6061],[-72.6696,-36.6059],[-72.6656,-36.6005],[-72.6592,-36.6007],[-72.655,-36.5972],[-72.6519,-36.5971],[-72.649,-36.5936],[-72.6506,-36.5851],[-72.6469,-36.5778],[-72.6435,-36.5755],[-72.6429,-36.5686],[-72.63,-36.5619],[-72.6164,-36.5523],[-72.6163,-36.5503],[-72.6049,-36.5453],[-72.6055,-36.5485],[-72.6001,-36.5507],[-72.5991,-36.5567],[-72.5966,-36.5599],[-72.5966,-36.5638],[-72.5912,-36.5694],[-72.5825,-36.5706],[-72.5681,-36.5691],[-72.5655,-36.575],[-72.558,-36.5798],[-72.5597,-36.5847],[-72.5568,-36.5862],[-72.5559,-36.5901],[-72.5518,-36.5915],[-72.5491,-36.5955],[-72.5302,-36.5989],[-72.5146,-36.6062],[-72.5098,-36.6144],[-72.4977,-36.6221],[-72.4935,-36.6218],[-72.4856,-36.6282],[-72.4771,-36.6316],[-72.4715,-36.6415],[-72.4659,-36.6439],[-72.4626,-36.6489],[-72.4563,-36.6509],[-72.4487,-36.6599],[-72.4533,-36.6656],[-72.4499,-36.6748],[-72.452,-36.6776],[-72.4653,-36.6835],[-72.469,-36.6823],[-72.4712,-36.6838],[-72.4713,-36.6867],[-72.4736,-36.6877],[-72.4861,-36.6877],[-72.4927,-36.6902],[-72.5072,-36.6895],[-72.5118,-36.6937],[-72.5147,-36.7017],[-72.5215,-36.7023],[-72.5327,-36.7095],[-72.5378,-36.7101],[-72.5432,-36.707],[-72.5478,-36.7068],[-72.5553,-36.7009],[-72.5584,-36.7012],[-72.5605,-36.698],[-72.5665,-36.6967],[-72.5724,-36.6986],[-72.5771,-36.6974],[-72.5795,-36.6988],[-72.5794,-36.7011],[-72.5816,-36.7032],[-72.5821,-36.71],[-72.5868,-36.7132],[-72.5901,-36.713],[-72.5909,-36.7166],[-72.5878,-36.7205],[-72.5879,-36.726],[-72.5865,-36.7272],[-72.5891,-36.7306],[-72.5935,-36.7318]]]]}},{"type":"Feature","properties":{"comunaId":"CHL.13.2.7_1","nombre":"Treguaco","provincia":"Itata","regionGadm":"Ñuble","centerLat":-36.4023,"centerLon":-72.6921},"geometry":{"type":"MultiPolygon","coordinates":[[[[-72.8522,-36.3594],[-72.8467,-36.3549],[-72.8463,-36.3562],[-72.8443,-36.3554],[-72.8442,-36.3534],[-72.8402,-36.3532],[-72.8356,-36.3507],[-72.8228,-36.3539],[-72.8129,-36.3516],[-72.8101,-36.3537],[-72.8067,-36.3512],[-72.8073,-36.3468],[-72.8034,-36.3455],[-72.8039,-36.3421],[-72.8011,-36.3416],[-72.7997,-36.3356],[-72.7947,-36.3367],[-72.7936,-36.3355],[-72.7966,-36.3342],[-72.7893,-36.3344],[-72.7914,-36.3323],[-72.7897,-36.3308],[-72.7841,-36.3325],[-72.7824,-36.3312],[-72.7823,-36.3326],[-72.7795,-36.3308],[-72.7776,-36.3307],[-72.7774,-36.332],[-72.7758,-36.331],[-72.7738,-36.3354],[-72.7719,-36.335],[-72.7718,-36.3327],[-72.7696,-36.3347],[-72.7674,-36.3327],[-72.7659,-36.3371],[-72.7612,-36.3393],[-72.762,-36.3418],[-72.7595,-36.3442],[-72.7613,-36.3481],[-72.7574,-36.3476],[-72.7533,-36.3435],[-72.7519,-36.3482],[-72.7532,-36.3502],[-72.7481,-36.3536],[-72.7478,-36.3556],[-72.7444,-36.3565],[-72.7383,-36.3527],[-72.731,-36.3544],[-72.7289,-36.3536],[-72.7257,-36.3474],[-72.7146,-36.3482],[-72.7061,-36.3437],[-72.696,-36.3423],[-72.6888,-36.3369],[-72.689,-36.3313],[-72.6849,-36.328],[-72.6821,-36.3282],[-72.6816,-36.3298],[-72.6752,-36.3289],[-72.6745,-36.3311],[-72.6707,-36.3332],[-72.6656,-36.3312],[-72.6614,-36.3272],[-72.6585,-36.3307],[-72.6595,-36.3448],[-72.6609,-36.346],[-72.6585,-36.3469],[-72.6588,-36.3542],[-72.6571,-36.3547],[-72.6565,-36.3573],[-72.6496,-36.3599],[-72.6467,-36.366],[-72.6478,-36.369],[-72.646,-36.377],[-72.639,-36.3812],[-72.6438,-36.3892],[-72.644,-36.3933],[-72.6396,-36.3971],[-72.6382,-36.4034],[-72.6354,-36.4062],[-72.6291,-36.4079],[-72.6184,-36.4077],[-72.605,-36.3975],[-72.6021,-36.3988],[-72.593,-36.3958],[-72.5851,-36.3866],[-72.5844,-36.3899],[-72.5759,-36.4003],[-72.5705,-36.4109],[-72.5751,-36.417],[-72.5802,-36.4166],[-72.5832,-36.4208],[-72.5759,-36.4259],[-72.5641,-36.4236],[-72.5616,-36.4174],[-72.5507,-36.416],[-72.5382,-36.421],[-72.5371,-36.43],[-72.5295,-36.4354],[-72.5084,-36.4354],[-72.5089,-36.4386],[-72.5045,-36.4485],[-72.5083,-36.4617],[-72.5078,-36.4688],[-72.5165,-36.4777],[-72.5253,-36.4786],[-72.5271,-36.4864],[-72.5316,-36.4928],[-72.5437,-36.499],[-72.542,-36.5081],[-72.5485,-36.5121],[-72.5507,-36.5178],[-72.5483,-36.5274],[-72.5491,-36.5303],[-72.5576,-36.5347],[-72.562,-36.5343],[-72.5644,-36.5321],[-72.5686,-36.5374],[-72.5764,-36.5344],[-72.5791,-36.5362],[-72.6065,-36.5291],[-72.6102,-36.5296],[-72.6116,-36.5263],[-72.6192,-36.5224],[-72.6275,-36.5259],[-72.6291,-36.5245],[-72.6358,-36.5242],[-72.6431,-36.5209],[-72.6467,-36.5157],[-72.6545,-36.5135],[-72.6619,-36.5053],[-72.6682,-36.5051],[-72.6732,-36.5027],[-72.6834,-36.4883],[-72.6895,-36.4856],[-72.6918,-36.4762],[-72.6971,-36.4715],[-72.6963,-36.4645],[-72.6936,-36.4638],[-72.6928,-36.462],[-72.6941,-36.4589],[-72.7001,-36.4547],[-72.6975,-36.4438],[-72.6951,-36.4412],[-72.6972,-36.4358],[-72.7026,-36.4293],[-72.7029,-36.4252],[-72.708,-36.4241],[-72.7099,-36.4212],[-72.7197,-36.42],[-72.7242,-36.4222],[-72.7284,-36.4204],[-72.7298,-36.413],[-72.7343,-36.408],[-72.7339,-36.4063],[-72.7386,-36.4041],[-72.7539,-36.4072],[-72.7594,-36.4059],[-72.7629,-36.403],[-72.7685,-36.4025],[-72.7716,-36.398],[-72.7817,-36.4],[-72.7933,-36.3988],[-72.801,-36.3927],[-72.8224,-36.3815],[-72.8469,-36.3881],[-72.8706,-36.3897],[-72.8698,-36.3828],[-72.8657,-36.377],[-72.8605,-36.3631],[-72.8573,-36.3599],[-72.8522,-36.3594]]]]}},{"type":"Feature","properties":{"comunaId":"CHL.13.3.1_1","nombre":"Coihueco","provincia":"Punilla","regionGadm":"Ñuble","centerLat":-36.7169,"centerLon":-71.5535},"geometry":{"type":"MultiPolygon","coordinates":[[[[-71.0881,-36.9378],[-71.1001,-36.9571],[-71.1,-36.9647],[-71.1055,-36.9708],[-71.1168,-36.9682],[-71.128,-36.9724],[-71.1289,-36.9775],[-71.1472,-36.9814],[-71.1683,-36.9769],[-71.1744,-36.9679],[-71.1856,-36.9682],[-71.2041,-36.9749],[-71.2191,-36.9733],[-71.2219,-36.9763],[-71.2219,-36.9793],[-71.2241,-36.9791],[-71.2251,-36.9762],[-71.2214,-36.9705],[-71.2234,-36.966],[-71.2378,-36.9573],[-71.2461,-36.9545],[-71.2507,-36.9491],[-71.2604,-36.9421],[-71.2611,-36.939],[-71.2549,-36.9302],[-71.2607,-36.9148],[-71.2674,-36.9155],[-71.2779,-36.9096],[-71.2838,-36.9128],[-71.2879,-36.9178],[-71.2925,-36.9178],[-71.303,-36.9225],[-71.3293,-36.9192],[-71.333,-36.9173],[-71.3354,-36.9137],[-71.3449,-36.9112],[-71.3447,-36.9081],[-71.3395,-36.9008],[-71.3399,-36.8974],[-71.3506,-36.8946],[-71.3599,-36.8852],[-71.3643,-36.8774],[-71.3719,-36.8753],[-71.3885,-36.857],[-71.3988,-36.8505],[-71.4036,-36.8418],[-71.4036,-36.8371],[-71.4062,-36.8317],[-71.4206,-36.8223],[-71.4309,-36.8123],[-71.4357,-36.8116],[-71.4407,-36.8135],[-71.4473,-36.8176],[-71.4509,-36.8235],[-71.4548,-36.8243],[-71.4574,-36.8268],[-71.4713,-36.8278],[-71.4778,-36.8257],[-71.4915,-36.8247],[-71.5042,-36.8286],[-71.5073,-36.8309],[-71.5124,-36.831],[-71.5143,-36.8362],[-71.5202,-36.8388],[-71.5358,-36.8394],[-71.5486,-36.8438],[-71.5617,-36.8459],[-71.5702,-36.8442],[-71.5787,-36.8385],[-71.6113,-36.8305],[-71.6205,-36.8209],[-71.6205,-36.8183],[-71.6232,-36.8151],[-71.6281,-36.8148],[-71.6304,-36.8101],[-71.6432,-36.8056],[-71.6482,-36.8015],[-71.6665,-36.7998],[-71.6693,-36.7971],[-71.6741,-36.796],[-71.6894,-36.7977],[-71.6918,-36.7965],[-71.6964,-36.7983],[-71.7062,-36.7967],[-71.7216,-36.7987],[-71.7273,-36.7978],[-71.7378,-36.7933],[-71.7451,-36.7942],[-71.7551,-36.7925],[-71.7683,-36.7857],[-71.7711,-36.7807],[-71.777,-36.7755],[-71.7798,-36.7752],[-71.781,-36.7724],[-71.7951,-36.7672],[-71.7981,-36.7632],[-71.7965,-36.7586],[-71.7984,-36.7549],[-71.7982,-36.7513],[-71.804,-36.7452],[-71.8101,-36.7442],[-71.8134,-36.7411],[-71.8218,-36.741],[-71.8347,-36.7278],[-71.8362,-36.7222],[-71.84,-36.7184],[-71.8474,-36.714],[-71.8523,-36.7153],[-71.8596,-36.7136],[-71.8645,-36.7071],[-71.8707,-36.7029],[-71.8763,-36.7016],[-71.88,-36.696],[-71.8916,-36.694],[-71.8984,-36.6907],[-71.9023,-36.6911],[-71.9057,-36.686],[-71.9079,-36.686],[-71.9132,-36.6811],[-71.9123,-36.6781],[-71.9136,-36.677],[-71.9205,-36.6749],[-71.9254,-36.6755],[-71.9303,-36.6681],[-71.9395,-36.6661],[-71.9462,-36.6593],[-71.9533,-36.6565],[-71.9494,-36.6482],[-71.9516,-36.6472],[-71.9507,-36.6449],[-71.9537,-36.6433],[-71.9509,-36.6373],[-71.9556,-36.6358],[-71.9573,-36.6328],[-71.9764,-36.6256],[-71.9783,-36.6277],[-71.9766,-36.6286],[-71.9785,-36.6314],[-71.9821,-36.6295],[-71.9825,-36.6279],[-71.9793,-36.6247],[-71.993,-36.6207],[-71.9894,-36.6179],[-71.9941,-36.6153],[-71.9926,-36.6114],[-71.9958,-36.6114],[-71.9989,-36.618],[-72.0025,-36.616],[-72.0007,-36.6124],[-72.0296,-36.6045],[-72.0232,-36.5913],[-72.0289,-36.5899],[-72.0211,-36.5786],[-72.0372,-36.5743],[-72.0356,-36.5718],[-72.0315,-36.5727],[-72.0289,-36.5677],[-72.0245,-36.5693],[-72.0203,-36.5628],[-72.0157,-36.5614],[-72.015,-36.5575],[-72.0167,-36.556],[-72.013,-36.5549],[-72.0083,-36.5567],[-72.0014,-36.5638],[-71.9985,-36.5644],[-71.9765,-36.5636],[-71.9745,-36.5626],[-71.9751,-36.5603],[-71.9702,-36.5587],[-71.9615,-36.5658],[-71.9503,-36.5675],[-71.945,-36.5641],[-71.9293,-36.5631],[-71.9176,-36.5644],[-71.911,-36.561],[-71.9033,-36.5623],[-71.8914,-36.5683],[-71.8829,-36.5639],[-71.8772,-36.5648],[-71.8728,-36.5432],[-71.8616,-36.5418],[-71.8579,-36.5273],[-71.8585,-36.5169],[-71.8569,-36.5142],[-71.8512,-36.5137],[-71.8471,-36.5111],[-71.8328,-36.5101],[-71.8277,-36.5058],[-71.8198,-36.5074],[-71.8137,-36.5021],[-71.8125,-36.4989],[-71.8001,-36.498],[-71.7934,-36.4923],[-71.7875,-36.4909],[-71.7855,-36.4821],[-71.7833,-36.4801],[-71.7658,-36.4798],[-71.7486,-36.4856],[-71.741,-36.4823],[-71.7264,-36.4852],[-71.7167,-36.4828],[-71.7031,-36.4823],[-71.6963,-36.4835],[-71.699,-36.4873],[-71.6979,-36.4909],[-71.6939,-36.4926],[-71.6872,-36.4921],[-71.6852,-36.4947],[-71.6866,-36.5045],[-71.684,-36.5083],[-71.6849,-36.5178],[-71.6812,-36.523],[-71.6577,-36.5236],[-71.6408,-36.5173],[-71.6343,-36.5179],[-71.6323,-36.5142],[-71.6239,-36.5163],[-71.6189,-36.5155],[-71.6137,-36.5213],[-71.6083,-36.5186],[-71.6049,-36.5189],[-71.5926,-36.5282],[-71.5967,-36.5352],[-71.5943,-36.5407],[-71.586,-36.5411],[-71.5884,-36.5497],[-71.5803,-36.5514],[-71.5693,-36.5568],[-71.5675,-36.56],[-71.561,-36.5638],[-71.565,-36.5653],[-71.565,-36.5669],[-71.5591,-36.5691],[-71.5543,-36.5741],[-71.5446,-36.5706],[-71.5338,-36.5824],[-71.5197,-36.5883],[-71.5219,-36.5927],[-71.5205,-36.5969],[-71.5037,-36.5997],[-71.4965,-36.6066],[-71.493,-36.6062],[-71.4891,-36.6033],[-71.4858,-36.6038],[-71.4813,-36.6063],[-71.4771,-36.6116],[-71.4742,-36.6115],[-71.4718,-36.6084],[-71.4665,-36.6089],[-71.4647,-36.6109],[-71.468,-36.6124],[-71.4635,-36.6156],[-71.4526,-36.6133],[-71.4487,-36.6212],[-71.4503,-36.6245],[-71.4476,-36.626],[-71.4455,-36.6262],[-71.4418,-36.6193],[-71.4392,-36.6191],[-71.438,-36.6217],[-71.4399,-36.6257],[-71.439,-36.6288],[-71.4295,-36.6332],[-71.4261,-36.6324],[-71.4244,-36.6374],[-71.4219,-36.6387],[-71.4141,-36.6377],[-71.4033,-36.6427],[-71.3952,-36.6528],[-71.39,-36.6531],[-71.389,-36.6506],[-71.3856,-36.6552],[-71.3827,-36.6559],[-71.3709,-36.6539],[-71.3639,-36.6561],[-71.3556,-36.6539],[-71.3477,-36.6543],[-71.3394,-36.6577],[-71.3322,-36.6651],[-71.3258,-36.6628],[-71.3209,-36.6635],[-71.3145,-36.6671],[-71.3074,-36.6686],[-71.3045,-36.6732],[-71.292,-36.6783],[-71.2895,-36.6815],[-71.2898,-36.6852],[-71.2812,-36.6876],[-71.2811,-36.6914],[-71.2783,-36.697],[-71.2838,-36.6999],[-71.2826,-36.7019],[-71.284,-36.7039],[-71.2803,-36.7084],[-71.2797,-36.7125],[-71.2736,-36.7149],[-71.2625,-36.7309],[-71.2663,-36.7361],[-71.2648,-36.7382],[-71.2656,-36.7428],[-71.2643,-36.7493],[-71.2659,-36.7514],[-71.2635,-36.7577],[-71.2661,-36.7606],[-71.2656,-36.7646],[-71.263,-36.7693],[-71.2601,-36.7706],[-71.2594,-36.774],[-71.2552,-36.7761],[-71.2555,-36.7865],[-71.2491,-36.7906],[-71.2512,-36.8083],[-71.2547,-36.8132],[-71.2529,-36.821],[-71.2498,-36.8252],[-71.2486,-36.8369],[-71.2347,-36.8438],[-71.233,-36.8486],[-71.2259,-36.853],[-71.2257,-36.8592],[-71.2236,-36.8617],[-71.212,-36.8672],[-71.2095,-36.8703],[-71.21,-36.8719],[-71.2028,-36.8744],[-71.2057,-36.8804],[-71.2045,-36.8834],[-71.2002,-36.8853],[-71.2002,-36.8895],[-71.1973,-36.8923],[-71.1972,-36.8951],[-71.1945,-36.8969],[-71.1955,-36.9012],[-71.186,-36.9053],[-71.1829,-36.9104],[-71.1794,-36.9115],[-71.175,-36.918],[-71.1649,-36.9223],[-71.1542,-36.9408],[-71.1442,-36.9423],[-71.1407,-36.9406],[-71.1357,-36.9414],[-71.128,-36.9469],[-71.1209,-36.9396],[-71.1117,-36.9368],[-71.1094,-36.9368],[-71.1082,-36.9391],[-71.1049,-36.9374],[-71.0993,-36.9384],[-71.095,-36.9358],[-71.0938,-36.9388],[-71.0881,-36.9378]]]]}},{"type":"Feature","properties":{"comunaId":"CHL.13.3.2_1","nombre":"Ñiquén","provincia":"Punilla","regionGadm":"Ñuble","centerLat":-36.2738,"centerLon":-71.9274},"geometry":{"type":"MultiPolygon","coordinates":[[[[-72.1391,-36.2459],[-72.1425,-36.2427],[-72.1424,-36.2391],[-72.138,-36.2353],[-72.1381,-36.2326],[-72.135,-36.2292],[-72.1364,-36.2212],[-72.1308,-36.2173],[-72.1317,-36.2035],[-72.1281,-36.2007],[-72.1313,-36.1917],[-72.1219,-36.1869],[-72.121,-36.1832],[-72.1191,-36.1802],[-72.115,-36.1783],[-72.1139,-36.1741],[-72.1058,-36.169],[-72.1047,-36.1639],[-72.1012,-36.162],[-72.1013,-36.1588],[-72.0986,-36.1561],[-72.0994,-36.1506],[-72.0978,-36.1467],[-72.1033,-36.1433],[-72.1032,-36.1233],[-72.0984,-36.1256],[-72.1002,-36.1354],[-72.0991,-36.1371],[-72.0937,-36.1358],[-72.0883,-36.1306],[-72.0766,-36.1308],[-72.0723,-36.1368],[-72.0734,-36.1383],[-72.0783,-36.1389],[-72.0786,-36.1422],[-72.0691,-36.15],[-72.0729,-36.1514],[-72.0728,-36.1563],[-72.0668,-36.1575],[-72.0593,-36.1567],[-72.036,-36.1763],[-72.0315,-36.1765],[-72.0265,-36.1738],[-72.0235,-36.1744],[-72.0226,-36.1757],[-72.025,-36.1795],[-72.0246,-36.1835],[-72.0204,-36.1897],[-72.0116,-36.1916],[-72.011,-36.1951],[-72.0125,-36.1988],[-72.0007,-36.203],[-72.0005,-36.2055],[-71.9973,-36.2089],[-71.9906,-36.2087],[-71.9906,-36.2128],[-71.9997,-36.2169],[-71.9993,-36.2272],[-71.9932,-36.2315],[-71.9916,-36.2375],[-71.9922,-36.2418],[-71.9883,-36.2422],[-71.9826,-36.2395],[-71.9801,-36.2402],[-71.981,-36.2512],[-71.9743,-36.2586],[-71.9662,-36.2593],[-71.9638,-36.2524],[-71.9565,-36.2504],[-71.9545,-36.2518],[-71.9544,-36.2548],[-71.9444,-36.2586],[-71.9384,-36.2587],[-71.934,-36.257],[-71.9208,-36.2591],[-71.9155,-36.2651],[-71.9091,-36.2687],[-71.9048,-36.2661],[-71.8987,-36.2656],[-71.896,-36.2616],[-71.8881,-36.2626],[-71.8821,-36.259],[-71.8725,-36.2575],[-71.8682,-36.2536],[-71.8671,-36.2478],[-71.8635,-36.2459],[-71.8468,-36.2471],[-71.8483,-36.2543],[-71.8451,-36.2558],[-71.8383,-36.2545],[-71.8338,-36.2512],[-71.823,-36.256],[-71.816,-36.254],[-71.8116,-36.2548],[-71.8113,-36.2592],[-71.8046,-36.2627],[-71.8055,-36.2653],[-71.8024,-36.2691],[-71.8033,-36.2732],[-71.797,-36.2752],[-71.7963,-36.2782],[-71.7933,-36.2801],[-71.7942,-36.284],[-71.7903,-36.2868],[-71.7863,-36.2929],[-71.7741,-36.2971],[-71.7749,-36.3001],[-71.7683,-36.3033],[-71.7679,-36.3081],[-71.7632,-36.3084],[-71.7529,-36.3137],[-71.7509,-36.3163],[-71.7399,-36.3197],[-71.7372,-36.3243],[-71.7322,-36.3254],[-71.7286,-36.3302],[-71.7215,-36.3341],[-71.7143,-36.342],[-71.7134,-36.3452],[-71.7078,-36.3485],[-71.7008,-36.3482],[-71.701,-36.3533],[-71.6913,-36.3545],[-71.6878,-36.3587],[-71.6792,-36.3607],[-71.6763,-36.3599],[-71.6728,-36.3628],[-71.6684,-36.3622],[-71.6641,-36.3655],[-71.6579,-36.3663],[-71.6542,-36.3704],[-71.6451,-36.3713],[-71.6405,-36.3738],[-71.6383,-36.3804],[-71.6393,-36.3843],[-71.6355,-36.3904],[-71.6291,-36.3959],[-71.6732,-36.4242],[-71.6739,-36.4267],[-71.677,-36.4278],[-71.6787,-36.4319],[-71.686,-36.4366],[-71.6898,-36.4413],[-71.7259,-36.4183],[-71.7448,-36.4188],[-71.7552,-36.4216],[-71.7817,-36.4101],[-71.7933,-36.395],[-71.8045,-36.4079],[-71.8115,-36.4065],[-71.8207,-36.4169],[-71.8375,-36.4126],[-71.848,-36.4087],[-71.8677,-36.393],[-71.8745,-36.3895],[-71.8775,-36.3858],[-71.881,-36.3762],[-71.8888,-36.3702],[-71.8924,-36.3621],[-71.8954,-36.3604],[-71.8959,-36.3551],[-71.9032,-36.3485],[-71.9086,-36.3396],[-71.913,-36.3351],[-71.9173,-36.3334],[-71.929,-36.3175],[-71.9355,-36.3133],[-71.9381,-36.3094],[-71.942,-36.3082],[-71.9521,-36.2974],[-71.9573,-36.2992],[-71.96,-36.2978],[-71.9655,-36.3007],[-71.9749,-36.299],[-71.9808,-36.2999],[-71.9895,-36.2983],[-71.9929,-36.2948],[-72.002,-36.2924],[-72.0035,-36.2902],[-72.0199,-36.2927],[-72.0329,-36.2888],[-72.0347,-36.2905],[-72.0411,-36.2897],[-72.0426,-36.2924],[-72.0458,-36.2906],[-72.0541,-36.2923],[-72.0602,-36.2894],[-72.0697,-36.2907],[-72.0769,-36.2872],[-72.084,-36.2884],[-72.0899,-36.2844],[-72.1008,-36.2852],[-72.1114,-36.2835],[-72.115,-36.2794],[-72.1152,-36.2758],[-72.1237,-36.2738],[-72.1274,-36.2702],[-72.1349,-36.2673],[-72.1347,-36.2531],[-72.1391,-36.2459]]]]}},{"type":"Feature","properties":{"comunaId":"CHL.13.3.3_1","nombre":"SanCarlos","provincia":"Punilla","regionGadm":"Ñuble","centerLat":-36.4039,"centerLon":-72.0016},"geometry":{"type":"MultiPolygon","coordinates":[[[[-72.2776,-36.2615],[-72.2716,-36.2565],[-72.2551,-36.2342],[-72.247,-36.2178],[-72.2381,-36.2072],[-72.2205,-36.2079],[-72.2235,-36.2153],[-72.2169,-36.2154],[-72.2162,-36.2101],[-72.2109,-36.2109],[-72.2111,-36.2153],[-72.191,-36.2197],[-72.186,-36.2224],[-72.1865,-36.2258],[-72.1833,-36.2283],[-72.1543,-36.2353],[-72.1565,-36.2413],[-72.1521,-36.2418],[-72.1528,-36.2475],[-72.138,-36.2466],[-72.1347,-36.2531],[-72.1349,-36.2673],[-72.1274,-36.2702],[-72.1237,-36.2738],[-72.1152,-36.2758],[-72.115,-36.2794],[-72.1114,-36.2835],[-72.1008,-36.2852],[-72.0899,-36.2844],[-72.084,-36.2884],[-72.0769,-36.2872],[-72.0697,-36.2907],[-72.0602,-36.2894],[-72.0541,-36.2923],[-72.0458,-36.2906],[-72.0426,-36.2924],[-72.0411,-36.2897],[-72.0347,-36.2905],[-72.0329,-36.2888],[-72.0199,-36.2927],[-72.0035,-36.2902],[-72.002,-36.2924],[-71.9929,-36.2948],[-71.9895,-36.2983],[-71.9808,-36.2999],[-71.9749,-36.299],[-71.9655,-36.3007],[-71.96,-36.2978],[-71.9573,-36.2992],[-71.9521,-36.2974],[-71.942,-36.3082],[-71.9381,-36.3094],[-71.9355,-36.3133],[-71.929,-36.3175],[-71.9173,-36.3334],[-71.913,-36.3351],[-71.9086,-36.3396],[-71.9032,-36.3485],[-71.8959,-36.3551],[-71.8954,-36.3604],[-71.8924,-36.3621],[-71.8888,-36.3702],[-71.881,-36.3762],[-71.8775,-36.3858],[-71.8745,-36.3895],[-71.8677,-36.393],[-71.8476,-36.4089],[-71.8207,-36.4169],[-71.8115,-36.4065],[-71.8045,-36.4079],[-71.7933,-36.395],[-71.7817,-36.4101],[-71.7717,-36.4145],[-71.7552,-36.4216],[-71.7448,-36.4188],[-71.7259,-36.4183],[-71.7234,-36.4209],[-71.7088,-36.4282],[-71.6931,-36.4397],[-71.6757,-36.4462],[-71.684,-36.4617],[-71.675,-36.4643],[-71.6766,-36.4693],[-71.672,-36.4704],[-71.6712,-36.4724],[-71.6744,-36.4824],[-71.6707,-36.4843],[-71.6729,-36.4879],[-71.6661,-36.4932],[-71.681,-36.523],[-71.6849,-36.5178],[-71.684,-36.5083],[-71.6866,-36.5045],[-71.6852,-36.4947],[-71.6872,-36.4921],[-71.6939,-36.4926],[-71.6979,-36.4909],[-71.699,-36.4873],[-71.6963,-36.4835],[-71.7031,-36.4823],[-71.7167,-36.4828],[-71.7264,-36.4852],[-71.741,-36.4823],[-71.7486,-36.4856],[-71.7658,-36.4798],[-71.783,-36.48],[-71.7855,-36.4821],[-71.7875,-36.4909],[-71.7934,-36.4923],[-71.8001,-36.498],[-71.8125,-36.4989],[-71.8137,-36.5021],[-71.8198,-36.5074],[-71.8277,-36.5058],[-71.8328,-36.5101],[-71.8471,-36.5111],[-71.8512,-36.5137],[-71.8553,-36.5132],[-71.8573,-36.5164],[-71.8605,-36.5174],[-71.8812,-36.5185],[-71.8909,-36.5213],[-71.9067,-36.5183],[-71.9176,-36.5228],[-71.9313,-36.5224],[-71.9349,-36.5261],[-71.9441,-36.5243],[-71.9515,-36.5201],[-71.9572,-36.5232],[-71.9594,-36.5229],[-71.9726,-36.5133],[-71.9777,-36.5124],[-71.983,-36.5081],[-71.9849,-36.5102],[-71.9871,-36.51],[-71.9916,-36.5066],[-71.9982,-36.509],[-72.0028,-36.5158],[-72.0147,-36.5212],[-72.0144,-36.5237],[-72.0167,-36.5252],[-72.0237,-36.5246],[-72.0309,-36.5266],[-72.0411,-36.5211],[-72.0449,-36.5219],[-72.0528,-36.528],[-72.0553,-36.5331],[-72.0608,-36.534],[-72.0657,-36.5368],[-72.0712,-36.5363],[-72.0823,-36.5437],[-72.0836,-36.5463],[-72.0819,-36.5523],[-72.0931,-36.5511],[-72.0917,-36.5469],[-72.0847,-36.5428],[-72.0791,-36.5342],[-72.069,-36.5272],[-72.0783,-36.5215],[-72.0714,-36.5116],[-72.0692,-36.5],[-72.0654,-36.4992],[-72.0591,-36.4866],[-72.0676,-36.4827],[-72.0757,-36.4815],[-72.0733,-36.4688],[-72.0611,-36.4712],[-72.0593,-36.4671],[-72.0519,-36.4659],[-72.0494,-36.4537],[-72.0717,-36.4547],[-72.0828,-36.4578],[-72.0816,-36.4541],[-72.0869,-36.4527],[-72.0828,-36.4393],[-72.0767,-36.4327],[-72.0635,-36.4317],[-72.0622,-36.427],[-72.0565,-36.4273],[-72.0566,-36.424],[-72.0514,-36.4193],[-72.094,-36.402],[-72.1541,-36.3909],[-72.1525,-36.3845],[-72.1553,-36.3798],[-72.1619,-36.3732],[-72.1735,-36.3705],[-72.1757,-36.3687],[-72.1855,-36.3664],[-72.2102,-36.3661],[-72.2176,-36.3624],[-72.2261,-36.3628],[-72.2311,-36.3652],[-72.2363,-36.3618],[-72.2361,-36.357],[-72.2395,-36.3528],[-72.2495,-36.3502],[-72.2526,-36.3495],[-72.2577,-36.3519],[-72.2695,-36.3501],[-72.2847,-36.354],[-72.2904,-36.3572],[-72.3042,-36.3563],[-72.3076,-36.3598],[-72.3183,-36.3582],[-72.324,-36.351],[-72.3334,-36.3438],[-72.3343,-36.336],[-72.3166,-36.3017],[-72.3196,-36.28],[-72.3006,-36.2897],[-72.2909,-36.2795],[-72.2846,-36.2687],[-72.2776,-36.2615]]]]}},{"type":"Feature","properties":{"comunaId":"CHL.13.3.4_1","nombre":"SanFabián","provincia":"Punilla","regionGadm":"Ñuble","centerLat":-36.6217,"centerLon":-71.2783},"geometry":{"type":"MultiPolygon","coordinates":[[[[-71.0353,-36.4742],[-71.0383,-36.4777],[-71.0358,-36.4937],[-71.0392,-36.5002],[-71.0367,-36.5032],[-71.0353,-36.5101],[-71.0433,-36.5148],[-71.0467,-36.5212],[-71.0508,-36.5244],[-71.0461,-36.5339],[-71.0462,-36.5373],[-71.0437,-36.5404],[-71.0439,-36.5463],[-71.0408,-36.5501],[-71.044,-36.5565],[-71.049,-36.5589],[-71.0506,-36.5649],[-71.0558,-36.567],[-71.0537,-36.5712],[-71.0548,-36.5764],[-71.0478,-36.58],[-71.0462,-36.5828],[-71.0484,-36.5883],[-71.046,-36.5956],[-71.0489,-36.5984],[-71.0483,-36.6081],[-71.0575,-36.6182],[-71.0492,-36.6221],[-71.0453,-36.6264],[-71.0424,-36.6363],[-71.0419,-36.6429],[-71.0436,-36.6452],[-71.0407,-36.6487],[-71.0285,-36.6512],[-71.0291,-36.657],[-71.0273,-36.6635],[-71.011,-36.6647],[-71.0134,-36.6732],[-71.0105,-36.6808],[-71.0074,-36.683],[-71.0096,-36.688],[-71.009,-36.6909],[-71.0138,-36.6977],[-71.023,-36.6983],[-71.0307,-36.7026],[-71.0408,-36.7035],[-71.0548,-36.7073],[-71.0592,-36.7131],[-71.0662,-36.7145],[-71.0713,-36.7076],[-71.0759,-36.7072],[-71.0776,-36.7051],[-71.0783,-36.6987],[-71.0804,-36.6958],[-71.0788,-36.6898],[-71.0849,-36.6816],[-71.086,-36.6778],[-71.0925,-36.6787],[-71.1061,-36.6767],[-71.1133,-36.6799],[-71.1155,-36.6869],[-71.1148,-36.6918],[-71.1197,-36.6995],[-71.116,-36.7055],[-71.1165,-36.7092],[-71.1123,-36.7138],[-71.114,-36.7181],[-71.1116,-36.7277],[-71.1208,-36.741],[-71.1182,-36.7483],[-71.1193,-36.7551],[-71.122,-36.7582],[-71.1253,-36.7593],[-71.1284,-36.7639],[-71.1275,-36.7665],[-71.1299,-36.7786],[-71.1282,-36.7916],[-71.1334,-36.8087],[-71.1322,-36.8142],[-71.1421,-36.8185],[-71.1445,-36.8243],[-71.1515,-36.826],[-71.1574,-36.8255],[-71.1616,-36.8201],[-71.1647,-36.8201],[-71.1672,-36.8229],[-71.1694,-36.8307],[-71.1744,-36.8347],[-71.175,-36.8379],[-71.1797,-36.8413],[-71.1797,-36.8439],[-71.1719,-36.8518],[-71.1678,-36.8588],[-71.163,-36.8614],[-71.152,-36.859],[-71.1467,-36.8549],[-71.1389,-36.8535],[-71.1268,-36.8584],[-71.1221,-36.8636],[-71.1228,-36.8667],[-71.1205,-36.869],[-71.13,-36.8738],[-71.1357,-36.8894],[-71.1395,-36.8921],[-71.1401,-36.8962],[-71.1501,-36.9016],[-71.1488,-36.9152],[-71.1442,-36.9201],[-71.1447,-36.9291],[-71.1346,-36.9306],[-71.1278,-36.9285],[-71.1213,-36.932],[-71.1167,-36.9299],[-71.1122,-36.9249],[-71.1052,-36.9292],[-71.0957,-36.9251],[-71.0881,-36.9288],[-71.0881,-36.9378],[-71.0938,-36.9388],[-71.095,-36.9358],[-71.0993,-36.9384],[-71.1049,-36.9374],[-71.1082,-36.9391],[-71.1094,-36.9368],[-71.1117,-36.9368],[-71.1209,-36.9396],[-71.128,-36.9469],[-71.1357,-36.9414],[-71.1407,-36.9406],[-71.1442,-36.9423],[-71.1542,-36.9408],[-71.1649,-36.9223],[-71.175,-36.918],[-71.1794,-36.9115],[-71.1829,-36.9104],[-71.186,-36.9053],[-71.1955,-36.9012],[-71.1945,-36.8969],[-71.1972,-36.8951],[-71.1973,-36.8923],[-71.2002,-36.8895],[-71.2002,-36.8853],[-71.2045,-36.8834],[-71.2057,-36.8804],[-71.2028,-36.8744],[-71.21,-36.8719],[-71.2095,-36.8703],[-71.212,-36.8672],[-71.2236,-36.8617],[-71.2257,-36.8592],[-71.2259,-36.853],[-71.233,-36.8486],[-71.2347,-36.8438],[-71.2486,-36.8369],[-71.2498,-36.8252],[-71.2529,-36.821],[-71.2547,-36.8132],[-71.2512,-36.8083],[-71.2491,-36.7906],[-71.2555,-36.7865],[-71.2552,-36.7761],[-71.2594,-36.774],[-71.2601,-36.7706],[-71.263,-36.7693],[-71.2656,-36.7646],[-71.2661,-36.7606],[-71.2635,-36.7577],[-71.2659,-36.7514],[-71.2643,-36.7493],[-71.2656,-36.7428],[-71.2648,-36.7382],[-71.2663,-36.7361],[-71.2625,-36.7309],[-71.2736,-36.7149],[-71.2797,-36.7125],[-71.2803,-36.7084],[-71.2839,-36.7043],[-71.2826,-36.7019],[-71.2838,-36.6999],[-71.2783,-36.697],[-71.2815,-36.6872],[-71.2858,-36.6873],[-71.2894,-36.6854],[-71.2911,-36.679],[-71.3045,-36.6732],[-71.3074,-36.6686],[-71.3253,-36.6628],[-71.3322,-36.6651],[-71.3394,-36.6577],[-71.3469,-36.6545],[-71.3556,-36.6539],[-71.3639,-36.6561],[-71.3709,-36.6539],[-71.3827,-36.6559],[-71.3856,-36.6552],[-71.389,-36.6506],[-71.39,-36.6531],[-71.3952,-36.6528],[-71.4033,-36.6427],[-71.4141,-36.6377],[-71.4219,-36.6387],[-71.4244,-36.6374],[-71.4261,-36.6324],[-71.4295,-36.6332],[-71.439,-36.6288],[-71.4399,-36.6257],[-71.438,-36.6217],[-71.4392,-36.6191],[-71.4418,-36.6193],[-71.4455,-36.6262],[-71.4501,-36.6249],[-71.4487,-36.6212],[-71.4526,-36.6133],[-71.4635,-36.6156],[-71.468,-36.6124],[-71.4647,-36.6109],[-71.4665,-36.6089],[-71.4718,-36.6084],[-71.4742,-36.6115],[-71.4771,-36.6116],[-71.4813,-36.6063],[-71.4858,-36.6038],[-71.4891,-36.6033],[-71.493,-36.6062],[-71.4965,-36.6066],[-71.5037,-36.5997],[-71.5205,-36.5969],[-71.5219,-36.5927],[-71.5197,-36.5883],[-71.5338,-36.5824],[-71.5446,-36.5706],[-71.5543,-36.5741],[-71.5591,-36.5691],[-71.565,-36.5669],[-71.565,-36.5653],[-71.561,-36.5638],[-71.5675,-36.56],[-71.5693,-36.5568],[-71.5803,-36.5514],[-71.5884,-36.5497],[-71.586,-36.5411],[-71.5943,-36.5407],[-71.5967,-36.5352],[-71.5926,-36.5282],[-71.6049,-36.5189],[-71.6083,-36.5186],[-71.6137,-36.5213],[-71.6189,-36.5155],[-71.6239,-36.5163],[-71.6323,-36.5142],[-71.6343,-36.5179],[-71.6408,-36.5173],[-71.6577,-36.5236],[-71.681,-36.523],[-71.6661,-36.4932],[-71.6729,-36.4879],[-71.6707,-36.4843],[-71.6744,-36.4824],[-71.6712,-36.4724],[-71.672,-36.4704],[-71.6766,-36.4693],[-71.675,-36.4643],[-71.684,-36.4617],[-71.6757,-36.4462],[-71.6895,-36.4408],[-71.686,-36.4366],[-71.6787,-36.4319],[-71.677,-36.4278],[-71.6739,-36.4267],[-71.6732,-36.4242],[-71.6291,-36.3959],[-71.6355,-36.3904],[-71.6393,-36.3843],[-71.6383,-36.3804],[-71.6405,-36.3738],[-71.6294,-36.372],[-71.6248,-36.3745],[-71.6232,-36.3772],[-71.6187,-36.3767],[-71.6098,-36.381],[-71.6077,-36.3845],[-71.601,-36.3857],[-71.5975,-36.3898],[-71.5898,-36.3928],[-71.583,-36.3925],[-71.5774,-36.3978],[-71.5754,-36.4022],[-71.5712,-36.4043],[-71.5638,-36.4023],[-71.5538,-36.4043],[-71.5487,-36.4029],[-71.5448,-36.4073],[-71.5343,-36.4063],[-71.5223,-36.4092],[-71.5161,-36.4048],[-71.5063,-36.4109],[-71.5025,-36.4155],[-71.4672,-36.4121],[-71.4637,-36.4162],[-71.4499,-36.4243],[-71.4481,-36.4302],[-71.4417,-36.4302],[-71.4384,-36.433],[-71.438,-36.4523],[-71.4327,-36.4542],[-71.4307,-36.467],[-71.4252,-36.4731],[-71.4249,-36.4762],[-71.4199,-36.4804],[-71.417,-36.4927],[-71.4112,-36.4982],[-71.4098,-36.5032],[-71.3943,-36.5101],[-71.3735,-36.5109],[-71.3642,-36.5132],[-71.3528,-36.5125],[-71.3462,-36.5198],[-71.3466,-36.5272],[-71.3447,-36.5357],[-71.3399,-36.5425],[-71.3336,-36.5434],[-71.3289,-36.5411],[-71.3203,-36.532],[-71.3193,-36.5238],[-71.3153,-36.5215],[-71.3154,-36.5149],[-71.3118,-36.5054],[-71.3085,-36.5026],[-71.3096,-36.4988],[-71.3078,-36.4963],[-71.3095,-36.4952],[-71.3069,-36.4836],[-71.3016,-36.4798],[-71.2954,-36.4785],[-71.2942,-36.4745],[-71.2958,-36.471],[-71.2935,-36.467],[-71.2938,-36.4639],[-71.286,-36.4591],[-71.2815,-36.4484],[-71.2737,-36.4452],[-71.2701,-36.441],[-71.2627,-36.44],[-71.2599,-36.4418],[-71.2584,-36.4475],[-71.2553,-36.4513],[-71.2483,-36.456],[-71.247,-36.4597],[-71.2333,-36.4659],[-71.2249,-36.4627],[-71.2235,-36.4547],[-71.2208,-36.4511],[-71.2155,-36.4487],[-71.2084,-36.4484],[-71.1971,-36.4384],[-71.197,-36.4186],[-71.1924,-36.4129],[-71.1883,-36.4094],[-71.1843,-36.4092],[-71.1804,-36.4036],[-71.17,-36.4043],[-71.1638,-36.4005],[-71.1557,-36.4056],[-71.1443,-36.389],[-71.1447,-36.3839],[-71.1403,-36.3777],[-71.1134,-36.3618],[-71.0993,-36.3698],[-71.0823,-36.3682],[-71.0788,-36.3708],[-71.0735,-36.3785],[-71.0665,-36.3796],[-71.0595,-36.3869],[-71.0642,-36.3965],[-71.0623,-36.4067],[-71.065,-36.4092],[-71.0614,-36.4193],[-71.0581,-36.4221],[-71.0613,-36.4275],[-71.0603,-36.4339],[-71.0639,-36.4379],[-71.0625,-36.4408],[-71.0681,-36.4479],[-71.066,-36.4524],[-71.06,-36.4562],[-71.0607,-36.4634],[-71.0505,-36.4679],[-71.0388,-36.4698],[-71.0353,-36.4742]]]]}},{"type":"Feature","properties":{"comunaId":"CHL.13.3.5_1","nombre":"SanNicolás","provincia":"Punilla","regionGadm":"Ñuble","centerLat":-36.4954,"centerLon":-72.2512},"geometry":{"type":"MultiPolygon","coordinates":[[[[-72.0931,-36.5511],[-72.1019,-36.5466],[-72.1071,-36.5511],[-72.1182,-36.5497],[-72.1235,-36.5519],[-72.133,-36.5483],[-72.1563,-36.5511],[-72.1605,-36.5549],[-72.1669,-36.5563],[-72.1713,-36.5559],[-72.1764,-36.5518],[-72.1826,-36.5546],[-72.1888,-36.5535],[-72.1979,-36.5576],[-72.2018,-36.5662],[-72.2024,-36.572],[-72.212,-36.571],[-72.2167,-36.578],[-72.224,-36.5836],[-72.235,-36.5832],[-72.2439,-36.5856],[-72.2472,-36.584],[-72.2497,-36.5793],[-72.2554,-36.5784],[-72.265,-36.5894],[-72.2648,-36.5939],[-72.2674,-36.5962],[-72.273,-36.5947],[-72.28,-36.5997],[-72.2886,-36.5979],[-72.2914,-36.5995],[-72.2982,-36.5941],[-72.3103,-36.5902],[-72.3143,-36.5928],[-72.3165,-36.5986],[-72.3246,-36.599],[-72.3316,-36.6016],[-72.3367,-36.6011],[-72.3383,-36.6033],[-72.3429,-36.604],[-72.3457,-36.6009],[-72.3498,-36.601],[-72.3587,-36.6068],[-72.3696,-36.61],[-72.3793,-36.6182],[-72.3882,-36.6226],[-72.3914,-36.6225],[-72.3952,-36.6173],[-72.3953,-36.6087],[-72.3921,-36.607],[-72.3905,-36.604],[-72.3911,-36.5965],[-72.3888,-36.5918],[-72.3878,-36.5815],[-72.3849,-36.578],[-72.3862,-36.577],[-72.382,-36.5769],[-72.3761,-36.5799],[-72.3613,-36.5621],[-72.3632,-36.5516],[-72.3647,-36.5502],[-72.3614,-36.5408],[-72.3607,-36.5333],[-72.3577,-36.5277],[-72.3592,-36.5205],[-72.3619,-36.5179],[-72.3624,-36.5113],[-72.3605,-36.5066],[-72.3532,-36.4988],[-72.3589,-36.494],[-72.359,-36.4851],[-72.367,-36.4834],[-72.3698,-36.4811],[-72.3706,-36.4762],[-72.3657,-36.4779],[-72.3631,-36.476],[-72.3682,-36.4702],[-72.3681,-36.4669],[-72.3701,-36.4649],[-72.3684,-36.4621],[-72.3689,-36.4558],[-72.3612,-36.4533],[-72.3641,-36.4488],[-72.3634,-36.4473],[-72.3584,-36.4476],[-72.3519,-36.4435],[-72.3498,-36.4448],[-72.3489,-36.4435],[-72.3482,-36.4387],[-72.3398,-36.4236],[-72.3404,-36.4166],[-72.3372,-36.4065],[-72.3267,-36.4035],[-72.3253,-36.4015],[-72.3155,-36.3968],[-72.3135,-36.3935],[-72.3071,-36.3933],[-72.3021,-36.3901],[-72.2975,-36.3798],[-72.2978,-36.3744],[-72.3035,-36.3711],[-72.316,-36.3588],[-72.3076,-36.3598],[-72.3038,-36.3563],[-72.2904,-36.3572],[-72.2847,-36.354],[-72.2695,-36.3501],[-72.2577,-36.3519],[-72.2526,-36.3495],[-72.2495,-36.3502],[-72.2395,-36.3528],[-72.2361,-36.357],[-72.2363,-36.3618],[-72.2311,-36.3652],[-72.2261,-36.3628],[-72.2176,-36.3624],[-72.2102,-36.3661],[-72.1855,-36.3664],[-72.1757,-36.3687],[-72.1735,-36.3705],[-72.1619,-36.3732],[-72.1553,-36.3798],[-72.1525,-36.3845],[-72.1541,-36.3909],[-72.094,-36.402],[-72.0514,-36.4193],[-72.0566,-36.424],[-72.0565,-36.4273],[-72.0622,-36.427],[-72.0635,-36.4317],[-72.0767,-36.4327],[-72.0828,-36.4393],[-72.0869,-36.4527],[-72.0816,-36.4541],[-72.0828,-36.4578],[-72.0717,-36.4547],[-72.0494,-36.4537],[-72.0519,-36.4659],[-72.0593,-36.4671],[-72.0611,-36.4712],[-72.0733,-36.4688],[-72.0757,-36.4815],[-72.0676,-36.4827],[-72.0591,-36.4866],[-72.0654,-36.4992],[-72.0692,-36.5],[-72.0714,-36.5116],[-72.0783,-36.5215],[-72.069,-36.5272],[-72.0791,-36.5342],[-72.0847,-36.5428],[-72.0917,-36.5469],[-72.0931,-36.5511]]]]}}]}