{"type":"FeatureCollection","features":[{"type":"Feature","properties":{"comunaId":"CHL.3.1.1_1","nombre":"Carahue","provincia":"Cautín","regionGadm":"Araucanía","centerLat":-38.6083,"centerLon":-73.2219},"geometry":{"type":"MultiPolygon","coordinates":[[[[-73.0589,-38.4775],[-73.0584,-38.4838],[-73.0608,-38.485],[-73.0623,-38.4886],[-73.0531,-38.4946],[-73.0511,-38.4942],[-73.0493,-38.4977],[-73.0522,-38.5005],[-73.055,-38.5098],[-73.0508,-38.5125],[-73.0512,-38.5177],[-73.0601,-38.5189],[-73.0632,-38.523],[-73.0658,-38.5237],[-73.074,-38.5231],[-73.0868,-38.5172],[-73.0952,-38.517],[-73.0992,-38.5189],[-73.1007,-38.5203],[-73.0999,-38.5249],[-73.0956,-38.5273],[-73.095,-38.5309],[-73.0962,-38.539],[-73.0999,-38.5456],[-73.0985,-38.5587],[-73.1015,-38.5608],[-73.1075,-38.5607],[-73.1124,-38.5635],[-73.1172,-38.564],[-73.1218,-38.5677],[-73.1259,-38.5686],[-73.1235,-38.5731],[-73.1242,-38.5757],[-73.1267,-38.5763],[-73.1257,-38.5806],[-73.1203,-38.586],[-73.1228,-38.5907],[-73.1213,-38.5927],[-73.1236,-38.5947],[-73.1226,-38.597],[-73.1181,-38.5987],[-73.1145,-38.6025],[-73.1037,-38.6034],[-73.1003,-38.6076],[-73.1016,-38.6135],[-73.1038,-38.6157],[-73.1026,-38.6186],[-73.0995,-38.6205],[-73.0998,-38.6334],[-73.0978,-38.6345],[-73.0986,-38.6355],[-73.0964,-38.6416],[-73.094,-38.6438],[-73.0977,-38.6489],[-73.0977,-38.6531],[-73.0994,-38.6549],[-73.0965,-38.6573],[-73.0965,-38.66],[-73.1008,-38.6634],[-73.1012,-38.6659],[-73.0971,-38.6668],[-73.093,-38.6701],[-73.0886,-38.6754],[-73.0852,-38.677],[-73.0854,-38.6817],[-73.0782,-38.6858],[-73.0747,-38.6938],[-73.0761,-38.699],[-73.0708,-38.7041],[-73.075,-38.708],[-73.0799,-38.7172],[-73.0847,-38.7137],[-73.0961,-38.7149],[-73.0896,-38.7256],[-73.0813,-38.7331],[-73.0805,-38.742],[-73.0783,-38.7434],[-73.0784,-38.7467],[-73.0764,-38.7503],[-73.0725,-38.7519],[-73.0726,-38.754],[-73.0698,-38.7541],[-73.0674,-38.7566],[-73.068,-38.7609],[-73.0657,-38.7627],[-73.0668,-38.7661],[-73.0643,-38.7663],[-73.0691,-38.7787],[-73.0705,-38.7802],[-73.0725,-38.7797],[-73.0733,-38.782],[-73.0764,-38.7835],[-73.077,-38.7862],[-73.0754,-38.7883],[-73.0772,-38.7896],[-73.0746,-38.7933],[-73.0765,-38.7943],[-73.0744,-38.8019],[-73.0754,-38.8051],[-73.0847,-38.8106],[-73.0908,-38.8102],[-73.0973,-38.812],[-73.0989,-38.8146],[-73.0975,-38.8175],[-73.1008,-38.8215],[-73.1,-38.8269],[-73.1014,-38.8283],[-73.1014,-38.8328],[-73.0988,-38.8365],[-73.0984,-38.8406],[-73.0951,-38.8426],[-73.0889,-38.8427],[-73.0866,-38.8483],[-73.0915,-38.8522],[-73.0928,-38.8556],[-73.0992,-38.8547],[-73.1032,-38.8628],[-73.1003,-38.8686],[-73.1019,-38.8721],[-73.1002,-38.8745],[-73.0998,-38.8907],[-73.0952,-38.8977],[-73.0953,-38.902],[-73.1002,-38.9023],[-73.1087,-38.8996],[-73.1128,-38.896],[-73.1318,-38.8919],[-73.134,-38.8924],[-73.1365,-38.8967],[-73.1461,-38.8948],[-73.1469,-38.897],[-73.1549,-38.8948],[-73.1684,-38.9013],[-73.1771,-38.8947],[-73.1846,-38.901],[-73.1852,-38.8974],[-73.1824,-38.8902],[-73.1863,-38.8898],[-73.1834,-38.8813],[-73.1858,-38.8754],[-73.1856,-38.8701],[-73.1921,-38.865],[-73.1948,-38.859],[-73.1912,-38.8567],[-73.1774,-38.8535],[-73.1727,-38.838],[-73.1783,-38.8355],[-73.175,-38.831],[-73.1781,-38.8282],[-73.1723,-38.8225],[-73.1914,-38.8181],[-73.1931,-38.8156],[-73.1994,-38.8139],[-73.2083,-38.8125],[-73.2097,-38.814],[-73.2253,-38.8108],[-73.2218,-38.8002],[-73.2275,-38.7974],[-73.2461,-38.7991],[-73.2469,-38.7939],[-73.2452,-38.7916],[-73.2482,-38.79],[-73.2488,-38.7864],[-73.2529,-38.784],[-73.2572,-38.7842],[-73.2607,-38.7816],[-73.2631,-38.7819],[-73.2553,-38.7608],[-73.2537,-38.7513],[-73.2438,-38.7318],[-73.2428,-38.7256],[-73.2435,-38.7224],[-73.2544,-38.7226],[-73.2669,-38.7154],[-73.2692,-38.7111],[-73.2685,-38.7046],[-73.2715,-38.7017],[-73.2793,-38.699],[-73.2971,-38.6979],[-73.3129,-38.6947],[-73.3478,-38.697],[-73.3552,-38.7015],[-73.358,-38.7056],[-73.358,-38.7121],[-73.3534,-38.7262],[-73.3526,-38.7343],[-73.3557,-38.7442],[-73.3617,-38.7516],[-73.3682,-38.7534],[-73.3818,-38.754],[-73.4012,-38.7478],[-73.4149,-38.749],[-73.4208,-38.7517],[-73.4278,-38.7631],[-73.4564,-38.7178],[-73.4885,-38.6575],[-73.4819,-38.6466],[-73.4838,-38.643],[-73.4846,-38.634],[-73.4974,-38.6035],[-73.503,-38.5936],[-73.4989,-38.5812],[-73.5012,-38.5722],[-73.5045,-38.568],[-73.5034,-38.5678],[-73.5039,-38.5621],[-73.5024,-38.5601],[-73.5035,-38.5581],[-73.5018,-38.5565],[-73.5015,-38.55],[-73.5039,-38.5403],[-73.5134,-38.5237],[-73.5122,-38.5166],[-73.5179,-38.5078],[-73.5127,-38.5033],[-73.5134,-38.4978],[-73.5119,-38.4964],[-73.5142,-38.49],[-73.5164,-38.4888],[-73.5161,-38.4848],[-73.519,-38.4816],[-73.5035,-38.4843],[-73.4971,-38.4805],[-73.4943,-38.4721],[-73.4886,-38.4735],[-73.4738,-38.4731],[-73.4742,-38.4671],[-73.4715,-38.4656],[-73.4735,-38.4606],[-73.4695,-38.4561],[-73.4645,-38.4538],[-73.4537,-38.4531],[-73.4477,-38.4502],[-73.438,-38.4495],[-73.433,-38.4439],[-73.4319,-38.4358],[-73.4331,-38.4346],[-73.4308,-38.4313],[-73.4214,-38.4304],[-73.4201,-38.4254],[-73.4167,-38.4235],[-73.4172,-38.421],[-73.4093,-38.4203],[-73.4047,-38.4177],[-73.4041,-38.4157],[-73.3983,-38.4145],[-73.3963,-38.4122],[-73.3944,-38.4126],[-73.3895,-38.41],[-73.3869,-38.4061],[-73.3887,-38.4054],[-73.3887,-38.4029],[-73.3834,-38.4013],[-73.3859,-38.3996],[-73.3826,-38.3987],[-73.3824,-38.4011],[-73.3786,-38.4037],[-73.3652,-38.4035],[-73.363,-38.4059],[-73.3609,-38.4046],[-73.3565,-38.4068],[-73.3545,-38.4102],[-73.3486,-38.4116],[-73.3481,-38.414],[-73.3431,-38.4176],[-73.3435,-38.4195],[-73.3374,-38.4234],[-73.3353,-38.4281],[-73.3204,-38.4376],[-73.3194,-38.4447],[-73.314,-38.4574],[-73.3167,-38.4627],[-73.3229,-38.467],[-73.3214,-38.4824],[-73.3177,-38.4834],[-73.3133,-38.4867],[-73.3121,-38.4898],[-73.3068,-38.4923],[-73.2956,-38.4905],[-73.2883,-38.4913],[-73.2803,-38.4889],[-73.2746,-38.4901],[-73.2735,-38.4816],[-73.2767,-38.4748],[-73.2746,-38.4685],[-73.2835,-38.4645],[-73.2859,-38.4596],[-73.2848,-38.4564],[-73.2755,-38.4499],[-73.2598,-38.4518],[-73.2558,-38.4488],[-73.2466,-38.4475],[-73.2382,-38.4486],[-73.232,-38.4412],[-73.2322,-38.4388],[-73.2282,-38.4321],[-73.2261,-38.4312],[-73.2252,-38.4268],[-73.2246,-38.4215],[-73.2283,-38.4201],[-73.2277,-38.4173],[-73.2292,-38.4154],[-73.2279,-38.4142],[-73.2286,-38.4006],[-73.2211,-38.3964],[-73.2108,-38.3946],[-73.2048,-38.4024],[-73.1985,-38.4026],[-73.1834,-38.4068],[-73.1798,-38.4069],[-73.1776,-38.4044],[-73.1728,-38.4062],[-73.1624,-38.4002],[-73.1599,-38.4023],[-73.1557,-38.4023],[-73.1515,-38.401],[-73.15,-38.3987],[-73.1472,-38.4023],[-73.1499,-38.4033],[-73.1507,-38.4063],[-73.145,-38.4167],[-73.1435,-38.4248],[-73.1444,-38.4282],[-73.1354,-38.4375],[-73.1369,-38.4401],[-73.1426,-38.4402],[-73.1399,-38.4513],[-73.14,-38.4676],[-73.1369,-38.4689],[-73.1356,-38.4721],[-73.1281,-38.4711],[-73.1253,-38.4668],[-73.1254,-38.4614],[-73.1223,-38.4539],[-73.1218,-38.4511],[-73.1237,-38.4491],[-73.1201,-38.4434],[-73.1153,-38.4425],[-73.1053,-38.4478],[-73.0958,-38.4479],[-73.0869,-38.4538],[-73.0698,-38.475],[-73.061,-38.4783],[-73.0589,-38.4775]]]]}},{"type":"Feature","properties":{"comunaId":"CHL.3.1.2_1","nombre":"Cholchol","provincia":"Cautín","regionGadm":"Araucanía","centerLat":-38.574,"centerLon":-72.8942},"geometry":{"type":"MultiPolygon","coordinates":[[[[-73.0506,-38.4962],[-73.0511,-38.4942],[-73.0531,-38.4946],[-73.0623,-38.4886],[-73.0608,-38.485],[-73.0584,-38.4838],[-73.0589,-38.4775],[-73.0529,-38.4766],[-73.0497,-38.4784],[-73.0393,-38.4757],[-73.0342,-38.478],[-73.0272,-38.4769],[-73.0224,-38.4798],[-73.0171,-38.4774],[-73.0117,-38.481],[-72.9967,-38.4791],[-72.9879,-38.4684],[-72.9892,-38.4655],[-72.9868,-38.4601],[-72.9772,-38.4578],[-72.9621,-38.4679],[-72.9564,-38.4687],[-72.9514,-38.4715],[-72.947,-38.4756],[-72.9429,-38.4829],[-72.9398,-38.4806],[-72.932,-38.484],[-72.9288,-38.4818],[-72.9218,-38.4853],[-72.9178,-38.4896],[-72.9194,-38.4912],[-72.9222,-38.4911],[-72.9212,-38.4926],[-72.9148,-38.4923],[-72.9123,-38.4903],[-72.9092,-38.4913],[-72.9036,-38.4881],[-72.8906,-38.4899],[-72.8884,-38.4909],[-72.8845,-38.4986],[-72.8818,-38.4973],[-72.8814,-38.4952],[-72.8844,-38.4903],[-72.8836,-38.4857],[-72.8777,-38.4884],[-72.874,-38.486],[-72.8749,-38.4937],[-72.8698,-38.4961],[-72.8717,-38.4998],[-72.8705,-38.5041],[-72.873,-38.5064],[-72.8545,-38.5122],[-72.8502,-38.5158],[-72.8494,-38.5184],[-72.8455,-38.5207],[-72.834,-38.5166],[-72.8257,-38.5169],[-72.8174,-38.514],[-72.8124,-38.5156],[-72.8115,-38.5141],[-72.8031,-38.5239],[-72.8051,-38.5268],[-72.8042,-38.53],[-72.7972,-38.5367],[-72.7959,-38.5406],[-72.7922,-38.5429],[-72.7906,-38.5465],[-72.7943,-38.5555],[-72.7923,-38.5609],[-72.7953,-38.5697],[-72.7927,-38.5784],[-72.7957,-38.5846],[-72.7948,-38.5906],[-72.791,-38.5942],[-72.7898,-38.5891],[-72.785,-38.5912],[-72.783,-38.5904],[-72.7852,-38.5878],[-72.7842,-38.5867],[-72.7808,-38.5874],[-72.7803,-38.5903],[-72.7779,-38.5902],[-72.7774,-38.5873],[-72.7754,-38.5864],[-72.7725,-38.5869],[-72.7725,-38.5895],[-72.7703,-38.5896],[-72.7693,-38.5882],[-72.7717,-38.5859],[-72.7658,-38.5875],[-72.7659,-38.5843],[-72.764,-38.5857],[-72.7641,-38.5894],[-72.7587,-38.5932],[-72.7581,-38.597],[-72.762,-38.5999],[-72.7611,-38.6065],[-72.7629,-38.6079],[-72.7646,-38.6146],[-72.7682,-38.6201],[-72.7674,-38.6285],[-72.769,-38.6322],[-72.7592,-38.6414],[-72.7567,-38.6539],[-72.7635,-38.6534],[-72.7626,-38.6614],[-72.77,-38.6685],[-72.7714,-38.6727],[-72.7752,-38.6756],[-72.7782,-38.6749],[-72.7789,-38.678],[-72.7885,-38.6838],[-72.788,-38.6865],[-72.7917,-38.6907],[-72.7933,-38.7003],[-72.7997,-38.7085],[-72.8083,-38.7106],[-72.8111,-38.7135],[-72.8156,-38.7145],[-72.8274,-38.7089],[-72.838,-38.7097],[-72.8678,-38.6896],[-72.8736,-38.6872],[-72.8827,-38.6714],[-72.8871,-38.648],[-72.8944,-38.6537],[-72.902,-38.6557],[-72.908,-38.6599],[-72.9092,-38.6542],[-72.9151,-38.648],[-72.9155,-38.6456],[-72.9235,-38.6415],[-72.9286,-38.6407],[-72.9362,-38.6346],[-72.9629,-38.6264],[-72.9633,-38.6307],[-72.9695,-38.6349],[-72.9792,-38.636],[-72.9804,-38.6392],[-72.9866,-38.6426],[-72.9921,-38.6397],[-72.9933,-38.6413],[-72.9964,-38.641],[-73.0059,-38.6455],[-73.0067,-38.6487],[-73.031,-38.6433],[-73.0317,-38.6413],[-73.0296,-38.6406],[-73.0298,-38.6389],[-73.0322,-38.6385],[-73.0335,-38.635],[-73.0366,-38.6348],[-73.0358,-38.6319],[-73.0393,-38.6292],[-73.0451,-38.629],[-73.0476,-38.6255],[-73.046,-38.622],[-73.0471,-38.6211],[-73.0435,-38.6143],[-73.0443,-38.6127],[-73.0414,-38.611],[-73.0372,-38.604],[-73.0374,-38.6],[-73.035,-38.5995],[-73.0419,-38.5975],[-73.0078,-38.5056],[-73.0506,-38.4962]]]]}},{"type":"Feature","properties":{"comunaId":"CHL.3.1.3_1","nombre":"Cunco","provincia":"Cautín","regionGadm":"Araucanía","centerLat":-38.9484,"centerLon":-71.9843},"geometry":{"type":"MultiPolygon","coordinates":[[[[-72.3338,-38.9081],[-72.3228,-38.8799],[-72.3294,-38.8783],[-72.3251,-38.8665],[-72.3293,-38.8659],[-72.3293,-38.8644],[-72.3345,-38.8651],[-72.3382,-38.8629],[-72.3375,-38.8601],[-72.3434,-38.8542],[-72.3439,-38.8507],[-72.3344,-38.8498],[-72.3351,-38.8537],[-72.3265,-38.8551],[-72.3228,-38.8531],[-72.3264,-38.8516],[-72.3264,-38.8502],[-72.3215,-38.8519],[-72.3148,-38.8414],[-72.3056,-38.8423],[-72.2997,-38.8395],[-72.295,-38.8414],[-72.292,-38.8387],[-72.2929,-38.8351],[-72.2875,-38.8356],[-72.2873,-38.8334],[-72.2823,-38.8344],[-72.2833,-38.8328],[-72.2792,-38.8324],[-72.2777,-38.8299],[-72.2749,-38.8312],[-72.2749,-38.8294],[-72.272,-38.8298],[-72.2727,-38.8311],[-72.2713,-38.8318],[-72.2696,-38.8293],[-72.2671,-38.8291],[-72.2637,-38.8328],[-72.2599,-38.8287],[-72.2561,-38.8288],[-72.2565,-38.8276],[-72.2522,-38.8241],[-72.2477,-38.8256],[-72.2473,-38.8226],[-72.2489,-38.821],[-72.2413,-38.8204],[-72.2376,-38.8159],[-72.2417,-38.8144],[-72.2334,-38.8151],[-72.2294,-38.8129],[-72.2281,-38.8101],[-72.2268,-38.8109],[-72.2263,-38.8077],[-72.2223,-38.8094],[-72.2191,-38.8073],[-72.2164,-38.8092],[-72.2128,-38.8081],[-72.2052,-38.8099],[-72.1993,-38.8089],[-72.1946,-38.8059],[-72.1925,-38.8086],[-72.186,-38.8086],[-72.182,-38.8051],[-72.1792,-38.8055],[-72.1785,-38.8037],[-72.1766,-38.806],[-72.1746,-38.8046],[-72.1669,-38.8048],[-72.1646,-38.8057],[-72.1638,-38.8083],[-72.1557,-38.8095],[-72.1494,-38.8158],[-72.1438,-38.815],[-72.1404,-38.8164],[-72.1359,-38.8197],[-72.1367,-38.821],[-72.1299,-38.8209],[-72.1298,-38.8222],[-72.1218,-38.8233],[-72.1114,-38.823],[-72.1088,-38.8245],[-72.1014,-38.8237],[-72.1012,-38.8216],[-72.099,-38.8228],[-72.0939,-38.821],[-72.0938,-38.8231],[-72.0888,-38.8232],[-72.0866,-38.8247],[-72.087,-38.8273],[-72.0806,-38.8267],[-72.079,-38.8281],[-72.0704,-38.8294],[-72.067,-38.827],[-72.0579,-38.8272],[-72.0544,-38.8245],[-72.0484,-38.8232],[-72.0393,-38.8183],[-72.039,-38.8163],[-72.0344,-38.8155],[-72.0306,-38.8116],[-72.0262,-38.8112],[-72.0214,-38.8082],[-72.0116,-38.8066],[-72.0074,-38.8087],[-72.0045,-38.8068],[-71.9934,-38.8058],[-71.9688,-38.7967],[-71.9522,-38.7981],[-71.9496,-38.7964],[-71.9344,-38.7999],[-71.9235,-38.8069],[-71.9187,-38.8065],[-71.9153,-38.8083],[-71.9154,-38.8109],[-71.9085,-38.8117],[-71.9026,-38.8147],[-71.9006,-38.8131],[-71.8954,-38.8132],[-71.8931,-38.8173],[-71.8882,-38.8165],[-71.8811,-38.8239],[-71.8777,-38.8199],[-71.8775,-38.8168],[-71.8815,-38.8079],[-71.8844,-38.8051],[-71.8841,-38.7987],[-71.8914,-38.79],[-71.8874,-38.7847],[-71.8825,-38.7836],[-71.8754,-38.7851],[-71.8744,-38.7817],[-71.8709,-38.7783],[-71.8631,-38.7781],[-71.8507,-38.7742],[-71.8461,-38.7745],[-71.8292,-38.7804],[-71.8272,-38.7739],[-71.8175,-38.7635],[-71.8096,-38.7586],[-71.8083,-38.7507],[-71.7941,-38.7394],[-71.7929,-38.736],[-71.7796,-38.728],[-71.7587,-38.7259],[-71.779,-38.742],[-71.7978,-38.7657],[-71.7949,-38.7907],[-71.7978,-38.8065],[-71.8014,-38.8165],[-71.8071,-38.8226],[-71.8072,-38.8279],[-71.8121,-38.8331],[-71.8135,-38.8377],[-71.8186,-38.8412],[-71.8238,-38.8507],[-71.8286,-38.854],[-71.8296,-38.864],[-71.8365,-38.8678],[-71.8417,-38.8741],[-71.8483,-38.8748],[-71.8548,-38.8846],[-71.8515,-38.8828],[-71.8447,-38.8835],[-71.8425,-38.8821],[-71.8405,-38.8833],[-71.8391,-38.8818],[-71.8286,-38.8835],[-71.8259,-38.881],[-71.8273,-38.8792],[-71.8217,-38.8822],[-71.8182,-38.8809],[-71.8153,-38.8818],[-71.8136,-38.8802],[-71.8163,-38.8787],[-71.814,-38.8781],[-71.8147,-38.8767],[-71.8128,-38.8751],[-71.8093,-38.8743],[-71.8083,-38.8823],[-71.8035,-38.8883],[-71.7979,-38.8914],[-71.7901,-38.8911],[-71.7859,-38.8969],[-71.7814,-38.8998],[-71.7704,-38.9033],[-71.7576,-38.9186],[-71.757,-38.9212],[-71.7602,-38.931],[-71.7532,-38.9459],[-71.7469,-38.9482],[-71.735,-38.9484],[-71.7345,-38.9538],[-71.7297,-38.959],[-71.7276,-38.9655],[-71.7219,-38.971],[-71.7225,-38.9749],[-71.713,-38.9812],[-71.7112,-38.9841],[-71.715,-38.9916],[-71.7015,-38.9993],[-71.6961,-39.0064],[-71.685,-39.0133],[-71.6818,-39.0126],[-71.6804,-39.0095],[-71.6737,-39.0094],[-71.6663,-39.0072],[-71.6585,-39.0082],[-71.6426,-38.9984],[-71.6375,-38.998],[-71.6312,-38.9939],[-71.614,-38.9953],[-71.608,-38.9973],[-71.6022,-38.9957],[-71.5973,-39.0009],[-71.5906,-39.0038],[-71.5603,-39.0027],[-71.5604,-39.0057],[-71.5637,-39.0085],[-71.5628,-39.0111],[-71.5593,-39.0134],[-71.557,-39.0212],[-71.562,-39.0263],[-71.5634,-39.03],[-71.56,-39.0354],[-71.554,-39.0371],[-71.554,-39.0425],[-71.5502,-39.045],[-71.5453,-39.0456],[-71.544,-39.0512],[-71.539,-39.0581],[-71.5439,-39.0621],[-71.5436,-39.0639],[-71.5342,-39.0674],[-71.5386,-39.0702],[-71.5533,-39.0661],[-71.5645,-39.0666],[-71.5948,-39.0777],[-71.6169,-39.0788],[-71.6241,-39.0774],[-71.6322,-39.0801],[-71.6288,-39.0841],[-71.6279,-39.091],[-71.6233,-39.0998],[-71.6191,-39.102],[-71.619,-39.1053],[-71.6157,-39.1069],[-71.6183,-39.1101],[-71.6241,-39.112],[-71.6456,-39.1157],[-71.6579,-39.1252],[-71.6642,-39.1273],[-71.6727,-39.1237],[-71.681,-39.1167],[-71.6886,-39.1162],[-71.6974,-39.1129],[-71.7147,-39.1123],[-71.7222,-39.1093],[-71.7303,-39.1087],[-71.7377,-39.1012],[-71.7425,-39.1],[-71.7967,-39.1263],[-71.803,-39.1269],[-71.8092,-39.1245],[-71.8174,-39.1268],[-71.8112,-39.1368],[-71.816,-39.1432],[-71.8168,-39.1472],[-71.8201,-39.15],[-71.8433,-39.1497],[-71.8487,-39.1463],[-71.8549,-39.1471],[-71.8627,-39.1522],[-71.8639,-39.157],[-71.8682,-39.1615],[-71.8676,-39.1684],[-71.8704,-39.1734],[-71.8714,-39.181],[-71.8914,-39.1858],[-71.8994,-39.1816],[-71.9092,-39.1716],[-71.9102,-39.1611],[-71.9091,-39.1566],[-71.9171,-39.148],[-71.9251,-39.1415],[-71.9328,-39.1413],[-71.9371,-39.1375],[-71.942,-39.1371],[-71.9443,-39.1344],[-71.9507,-39.1332],[-71.9609,-39.1205],[-71.9756,-39.1203],[-71.9785,-39.1215],[-71.9805,-39.1259],[-71.9891,-39.1268],[-71.9949,-39.1306],[-72.0077,-39.1319],[-72.0356,-39.1405],[-72.0446,-39.1416],[-72.0553,-39.1327],[-72.0575,-39.1277],[-72.0632,-39.1251],[-72.0676,-39.1243],[-72.0734,-39.1276],[-72.0822,-39.127],[-72.0919,-39.1223],[-72.0942,-39.1193],[-72.1058,-39.114],[-72.108,-39.1143],[-72.1106,-39.1116],[-72.1259,-39.1087],[-72.1305,-39.1048],[-72.1391,-39.1025],[-72.1458,-39.1039],[-72.1518,-39.1007],[-72.1566,-39.1001],[-72.1579,-39.1015],[-72.1646,-39.1002],[-72.1828,-39.1055],[-72.1944,-39.1036],[-72.2074,-39.0967],[-72.2148,-39.0965],[-72.2225,-39.0983],[-72.2237,-39.1009],[-72.2283,-39.1026],[-72.2328,-39.1005],[-72.2408,-39.0997],[-72.2432,-39.103],[-72.2448,-39.1021],[-72.2523,-39.108],[-72.2588,-39.1082],[-72.2666,-39.1114],[-72.2676,-39.1083],[-72.2706,-39.1084],[-72.2721,-39.1056],[-72.2722,-39.0966],[-72.275,-39.0949],[-72.2751,-39.0921],[-72.2773,-39.093],[-72.2777,-39.0899],[-72.2811,-39.0868],[-72.2864,-39.083],[-72.2916,-39.0825],[-72.2988,-39.0753],[-72.3021,-39.0746],[-72.3027,-39.0724],[-72.3097,-39.0711],[-72.3111,-39.0615],[-72.301,-39.032],[-72.3152,-39.031],[-72.3167,-39.03],[-72.3161,-39.0284],[-72.3282,-39.0209],[-72.3371,-39.0182],[-72.3408,-39.0123],[-72.3478,-39.0094],[-72.3503,-39.0057],[-72.3544,-39.0073],[-72.3581,-39.0062],[-72.3508,-38.9857],[-72.3408,-38.988],[-72.3251,-38.949],[-72.3265,-38.9463],[-72.3314,-38.9442],[-72.3462,-38.94],[-72.3338,-38.9081]]]]}},{"type":"Feature","properties":{"comunaId":"CHL.3.1.4_1","nombre":"Curarrehue","provincia":"Cautín","regionGadm":"Araucanía","centerLat":-39.3153,"centerLon":-71.549},"geometry":{"type":"MultiPolygon","coordinates":[[[[-71.4405,-38.9779],[-71.4354,-38.9865],[-71.4273,-38.9928],[-71.4279,-38.9984],[-71.4262,-39.0023],[-71.4138,-39.0083],[-71.416,-39.0146],[-71.4211,-39.0195],[-71.4215,-39.0256],[-71.4015,-39.0371],[-71.3972,-39.046],[-71.4075,-39.0522],[-71.4096,-39.0557],[-71.409,-39.0584],[-71.4147,-39.0633],[-71.4181,-39.0702],[-71.4136,-39.0769],[-71.4124,-39.087],[-71.4073,-39.0971],[-71.4178,-39.1151],[-71.4146,-39.1195],[-71.4197,-39.1255],[-71.4183,-39.1294],[-71.4116,-39.1377],[-71.4114,-39.1411],[-71.4212,-39.1512],[-71.4117,-39.1639],[-71.401,-39.1664],[-71.3999,-39.1729],[-71.3964,-39.1753],[-71.3986,-39.1861],[-71.3941,-39.1882],[-71.395,-39.1937],[-71.3862,-39.2014],[-71.3822,-39.2099],[-71.3811,-39.215],[-71.3822,-39.2166],[-71.3908,-39.2155],[-71.3918,-39.2166],[-71.39,-39.2251],[-71.3858,-39.2301],[-71.387,-39.2327],[-71.3819,-39.2372],[-71.3856,-39.2451],[-71.3897,-39.2467],[-71.3919,-39.2499],[-71.3905,-39.2549],[-71.3913,-39.2588],[-71.3884,-39.2657],[-71.3752,-39.2689],[-71.3737,-39.2824],[-71.375,-39.2854],[-71.3818,-39.284],[-71.3889,-39.2889],[-71.3952,-39.3026],[-71.3854,-39.3185],[-71.3946,-39.3229],[-71.3961,-39.3332],[-71.3945,-39.3395],[-71.3994,-39.3497],[-71.4047,-39.3523],[-71.4096,-39.3516],[-71.4149,-39.3591],[-71.4222,-39.3652],[-71.4281,-39.3648],[-71.4317,-39.3681],[-71.4331,-39.3722],[-71.4415,-39.3685],[-71.4486,-39.3717],[-71.4541,-39.3697],[-71.4575,-39.3716],[-71.4549,-39.39],[-71.4502,-39.3948],[-71.4461,-39.3961],[-71.4439,-39.4027],[-71.446,-39.4095],[-71.4528,-39.4095],[-71.4554,-39.4128],[-71.4584,-39.4127],[-71.464,-39.4167],[-71.4613,-39.4232],[-71.4512,-39.4243],[-71.4497,-39.4312],[-71.4522,-39.438],[-71.4492,-39.4437],[-71.4498,-39.4477],[-71.4477,-39.4507],[-71.4554,-39.4511],[-71.4627,-39.4555],[-71.4645,-39.46],[-71.4631,-39.4712],[-71.4693,-39.4802],[-71.4731,-39.492],[-71.4782,-39.4946],[-71.4891,-39.4957],[-71.5034,-39.5021],[-71.517,-39.5032],[-71.5192,-39.5056],[-71.5178,-39.511],[-71.5297,-39.5181],[-71.5315,-39.5249],[-71.5342,-39.5272],[-71.5336,-39.5351],[-71.5109,-39.5473],[-71.5108,-39.5513],[-71.5038,-39.5588],[-71.4911,-39.5536],[-71.4842,-39.553],[-71.4807,-39.5504],[-71.4702,-39.552],[-71.4673,-39.5572],[-71.4742,-39.5638],[-71.4728,-39.5687],[-71.4747,-39.5732],[-71.4732,-39.5761],[-71.4618,-39.581],[-71.4611,-39.5834],[-71.4682,-39.5876],[-71.4774,-39.6006],[-71.4806,-39.6091],[-71.4874,-39.6118],[-71.4965,-39.6185],[-71.4993,-39.6288],[-71.5027,-39.6339],[-71.5026,-39.6371],[-71.5115,-39.6306],[-71.5228,-39.6265],[-71.5432,-39.6236],[-71.5556,-39.6262],[-71.5636,-39.6328],[-71.57,-39.6353],[-71.5771,-39.6357],[-71.5842,-39.632],[-71.5935,-39.6299],[-71.5969,-39.6307],[-71.5997,-39.6282],[-71.6084,-39.6285],[-71.6134,-39.6252],[-71.6143,-39.6193],[-71.6111,-39.6137],[-71.6151,-39.6101],[-71.6176,-39.5986],[-71.6233,-39.5962],[-71.6236,-39.5925],[-71.635,-39.5859],[-71.645,-39.5881],[-71.6555,-39.5877],[-71.6586,-39.5793],[-71.6715,-39.5698],[-71.6734,-39.5638],[-71.6791,-39.5656],[-71.6967,-39.5622],[-71.6974,-39.556],[-71.6956,-39.5512],[-71.7028,-39.5462],[-71.7036,-39.5401],[-71.7081,-39.5341],[-71.7081,-39.5215],[-71.7023,-39.508],[-71.7021,-39.5043],[-71.7043,-39.5019],[-71.71,-39.501],[-71.7153,-39.4978],[-71.7258,-39.4837],[-71.7252,-39.4801],[-71.7178,-39.4769],[-71.7135,-39.4723],[-71.7137,-39.4585],[-71.7107,-39.4543],[-71.7104,-39.451],[-71.7139,-39.4456],[-71.7144,-39.4387],[-71.7182,-39.4367],[-71.727,-39.4273],[-71.7283,-39.4212],[-71.7302,-39.4195],[-71.73,-39.4149],[-71.7389,-39.4126],[-71.7378,-39.4074],[-71.7319,-39.4036],[-71.7299,-39.3967],[-71.7427,-39.393],[-71.7439,-39.3903],[-71.7428,-39.3837],[-71.746,-39.3752],[-71.7425,-39.3678],[-71.7179,-39.3669],[-71.7156,-39.3655],[-71.7158,-39.3632],[-71.7228,-39.3595],[-71.7232,-39.357],[-71.7217,-39.3565],[-71.7293,-39.3519],[-71.7286,-39.3494],[-71.731,-39.3458],[-71.7358,-39.3438],[-71.7351,-39.3424],[-71.7395,-39.3432],[-71.7408,-39.3398],[-71.7426,-39.3392],[-71.7418,-39.3378],[-71.7442,-39.3372],[-71.7446,-39.3344],[-71.7408,-39.3371],[-71.7332,-39.3363],[-71.7261,-39.3394],[-71.7314,-39.3404],[-71.7313,-39.3436],[-71.7171,-39.3457],[-71.7064,-39.3427],[-71.7017,-39.3445],[-71.7049,-39.3458],[-71.7048,-39.3472],[-71.6976,-39.3487],[-71.6931,-39.3514],[-71.6863,-39.3508],[-71.6612,-39.3559],[-71.6583,-39.3522],[-71.6565,-39.3555],[-71.6536,-39.3568],[-71.6391,-39.3511],[-71.6354,-39.3514],[-71.6334,-39.3501],[-71.6365,-39.3491],[-71.6356,-39.3463],[-71.6258,-39.3384],[-71.6252,-39.3349],[-71.6195,-39.3279],[-71.615,-39.3281],[-71.6172,-39.3206],[-71.6164,-39.3177],[-71.6252,-39.3151],[-71.6289,-39.3128],[-71.63,-39.3102],[-71.6262,-39.2939],[-71.6276,-39.2879],[-71.631,-39.2845],[-71.6396,-39.2813],[-71.6424,-39.2751],[-71.646,-39.2723],[-71.6397,-39.2606],[-71.6379,-39.2602],[-71.6344,-39.2632],[-71.6309,-39.2636],[-71.6233,-39.2582],[-71.6196,-39.2581],[-71.6204,-39.248],[-71.6125,-39.2489],[-71.607,-39.2446],[-71.5988,-39.2461],[-71.5879,-39.2411],[-71.5744,-39.2398],[-71.5604,-39.2426],[-71.5546,-39.2377],[-71.5492,-39.2363],[-71.5391,-39.2297],[-71.5359,-39.2288],[-71.5285,-39.2311],[-71.52,-39.2294],[-71.5179,-39.2275],[-71.5136,-39.2134],[-71.5139,-39.211],[-71.5163,-39.2091],[-71.5155,-39.2044],[-71.5107,-39.2001],[-71.5058,-39.1994],[-71.5022,-39.1968],[-71.5022,-39.1953],[-71.5064,-39.1944],[-71.5034,-39.1852],[-71.5101,-39.1789],[-71.5164,-39.1799],[-71.5213,-39.1845],[-71.5254,-39.1841],[-71.5303,-39.1786],[-71.5323,-39.1726],[-71.5405,-39.1681],[-71.5423,-39.1644],[-71.5472,-39.1607],[-71.5425,-39.1523],[-71.5434,-39.1442],[-71.5348,-39.1381],[-71.5358,-39.1293],[-71.5278,-39.124],[-71.5247,-39.1179],[-71.5295,-39.1121],[-71.5209,-39.1012],[-71.521,-39.0966],[-71.5236,-39.0946],[-71.5242,-39.0891],[-71.5207,-39.0809],[-71.521,-39.0775],[-71.527,-39.0709],[-71.5439,-39.0634],[-71.539,-39.0581],[-71.544,-39.0512],[-71.5453,-39.0456],[-71.5502,-39.045],[-71.554,-39.0425],[-71.554,-39.0371],[-71.56,-39.0354],[-71.5634,-39.03],[-71.562,-39.0263],[-71.557,-39.0212],[-71.5593,-39.0134],[-71.5628,-39.0111],[-71.5636,-39.0077],[-71.5604,-39.0057],[-71.5594,-39.0025],[-71.5541,-39.0017],[-71.5426,-39.0033],[-71.5313,-39.0008],[-71.5268,-38.9976],[-71.5229,-38.9918],[-71.5144,-38.9915],[-71.5025,-38.987],[-71.4979,-38.9792],[-71.4879,-38.9738],[-71.4792,-38.975],[-71.4703,-38.9713],[-71.4592,-38.9735],[-71.4477,-38.9735],[-71.4405,-38.9779]]]]}},{"type":"Feature","properties":{"comunaId":"CHL.3.1.5_1","nombre":"Freire","provincia":"Cautín","regionGadm":"Araucanía","centerLat":-38.9332,"centerLon":-72.5858},"geometry":{"type":"MultiPolygon","coordinates":[[[[-72.3338,-38.9081],[-72.3462,-38.94],[-72.3314,-38.9442],[-72.3265,-38.9463],[-72.3251,-38.949],[-72.3408,-38.988],[-72.3508,-38.9857],[-72.3581,-39.0062],[-72.3544,-39.0073],[-72.3503,-39.0057],[-72.3478,-39.0094],[-72.3408,-39.0123],[-72.3371,-39.0182],[-72.3282,-39.0209],[-72.3161,-39.0284],[-72.3167,-39.03],[-72.3152,-39.031],[-72.301,-39.032],[-72.311,-39.0616],[-72.3188,-39.0597],[-72.3321,-39.0941],[-72.3581,-39.0882],[-72.3694,-39.1196],[-72.3795,-39.1155],[-72.381,-39.109],[-72.3919,-39.108],[-72.4037,-39.1029],[-72.4113,-39.1018],[-72.4162,-39.0917],[-72.4179,-39.0909],[-72.4375,-39.0862],[-72.4604,-39.0774],[-72.4751,-39.0767],[-72.4795,-39.0742],[-72.4831,-39.0696],[-72.4957,-39.0723],[-72.5059,-39.0623],[-72.5061,-39.0593],[-72.5037,-39.0553],[-72.512,-39.0458],[-72.5129,-39.0418],[-72.5172,-39.0374],[-72.5235,-39.0339],[-72.5211,-39.0272],[-72.5233,-39.0224],[-72.5183,-39.0202],[-72.5176,-39.017],[-72.529,-39.0088],[-72.541,-39.0108],[-72.5474,-39.0039],[-72.5545,-39.0072],[-72.5632,-38.9972],[-72.5757,-38.9934],[-72.5856,-38.9869],[-72.5945,-38.9877],[-72.6007,-38.9907],[-72.6078,-38.9891],[-72.6129,-38.9844],[-72.624,-38.9851],[-72.6298,-38.9823],[-72.6383,-38.9722],[-72.665,-38.9771],[-72.6664,-38.9794],[-72.666,-38.984],[-72.6695,-38.9851],[-72.6773,-38.9833],[-72.6832,-38.9878],[-72.6842,-38.9927],[-72.6911,-38.9956],[-72.695,-38.995],[-72.7016,-39.0036],[-72.7062,-39.0054],[-72.7137,-39.003],[-72.7241,-39.0068],[-72.7318,-39.0021],[-72.7406,-39.0056],[-72.7458,-39.0001],[-72.7507,-39.0011],[-72.7568,-38.9982],[-72.7701,-38.9959],[-72.7775,-38.9987],[-72.78,-39.0018],[-72.7855,-39.0043],[-72.7941,-39.0067],[-72.7996,-39.0136],[-72.8063,-39.0133],[-72.8103,-39.0202],[-72.8105,-39.0274],[-72.8169,-39.0338],[-72.8214,-39.035],[-72.8503,-39.0318],[-72.8573,-39.0223],[-72.8714,-39.0209],[-72.8783,-39.0229],[-72.889,-39.0235],[-72.8962,-39.0185],[-72.9054,-39.025],[-72.9148,-39.0221],[-72.899,-38.9788],[-72.871,-38.9103],[-72.8661,-38.9076],[-72.8583,-38.9092],[-72.8525,-38.9124],[-72.8334,-38.91],[-72.8263,-38.9115],[-72.8184,-38.9053],[-72.8175,-38.8973],[-72.7992,-38.8533],[-72.8085,-38.8472],[-72.8083,-38.8368],[-72.8122,-38.8354],[-72.8155,-38.8367],[-72.8177,-38.835],[-72.8164,-38.8285],[-72.8132,-38.8265],[-72.8047,-38.8333],[-72.7899,-38.8336],[-72.7873,-38.839],[-72.7798,-38.8417],[-72.7728,-38.8419],[-72.7658,-38.8385],[-72.756,-38.8366],[-72.739,-38.836],[-72.7328,-38.8385],[-72.7212,-38.8382],[-72.721,-38.8436],[-72.7147,-38.8462],[-72.7069,-38.8442],[-72.7105,-38.8398],[-72.7108,-38.8369],[-72.7095,-38.8346],[-72.7042,-38.8318],[-72.6978,-38.8321],[-72.6846,-38.838],[-72.6775,-38.8348],[-72.6749,-38.8315],[-72.6702,-38.8309],[-72.6566,-38.8382],[-72.6539,-38.837],[-72.653,-38.8333],[-72.6481,-38.829],[-72.6445,-38.8287],[-72.642,-38.8326],[-72.6401,-38.8323],[-72.6367,-38.8258],[-72.6324,-38.8286],[-72.6353,-38.8302],[-72.6346,-38.8372],[-72.6278,-38.8365],[-72.625,-38.8389],[-72.625,-38.8485],[-72.622,-38.8527],[-72.6106,-38.8551],[-72.6053,-38.8527],[-72.6016,-38.8532],[-72.601,-38.8553],[-72.6039,-38.8591],[-72.6025,-38.8629],[-72.587,-38.8636],[-72.5771,-38.8668],[-72.5714,-38.8714],[-72.5698,-38.8708],[-72.5698,-38.8686],[-72.5641,-38.868],[-72.5632,-38.8693],[-72.5666,-38.8714],[-72.5662,-38.8731],[-72.5589,-38.8719],[-72.5609,-38.8687],[-72.5589,-38.8678],[-72.553,-38.872],[-72.5519,-38.8683],[-72.5502,-38.8678],[-72.5474,-38.8751],[-72.5455,-38.8752],[-72.5452,-38.8733],[-72.5425,-38.8765],[-72.5389,-38.8751],[-72.5443,-38.8712],[-72.5436,-38.8677],[-72.5321,-38.8653],[-72.5224,-38.8668],[-72.5204,-38.8658],[-72.5177,-38.8683],[-72.5178,-38.8663],[-72.5148,-38.8657],[-72.5098,-38.8677],[-72.5147,-38.8696],[-72.5116,-38.8709],[-72.5123,-38.8744],[-72.5081,-38.8759],[-72.5104,-38.8774],[-72.5068,-38.8777],[-72.5041,-38.8757],[-72.5055,-38.8779],[-72.5015,-38.8789],[-72.4993,-38.8777],[-72.5004,-38.8768],[-72.492,-38.8767],[-72.4854,-38.8796],[-72.4768,-38.8789],[-72.4684,-38.8826],[-72.4593,-38.8825],[-72.4545,-38.8843],[-72.4482,-38.8805],[-72.4407,-38.8812],[-72.4339,-38.8794],[-72.4229,-38.8823],[-72.4166,-38.8869],[-72.4093,-38.8858],[-72.4071,-38.8879],[-72.4077,-38.8891],[-72.4017,-38.8906],[-72.3962,-38.8917],[-72.3882,-38.8906],[-72.3868,-38.8925],[-72.3838,-38.8905],[-72.3721,-38.8981],[-72.3674,-38.8967],[-72.3583,-38.9002],[-72.3547,-38.8987],[-72.35,-38.899],[-72.3464,-38.9032],[-72.3338,-38.9081]]]]}},{"type":"Feature","properties":{"comunaId":"CHL.3.1.6_1","nombre":"Galvarino","provincia":"Cautín","regionGadm":"Araucanía","centerLat":-38.4586,"centerLon":-72.8018},"geometry":{"type":"MultiPolygon","coordinates":[[[[-72.7659,-38.5843],[-72.7658,-38.5875],[-72.7717,-38.5859],[-72.7693,-38.5882],[-72.7703,-38.5896],[-72.7725,-38.5895],[-72.7725,-38.5869],[-72.7754,-38.5864],[-72.7774,-38.5873],[-72.7779,-38.5902],[-72.7803,-38.5903],[-72.7808,-38.5874],[-72.7842,-38.5867],[-72.7852,-38.5878],[-72.783,-38.5904],[-72.785,-38.5912],[-72.7898,-38.5891],[-72.791,-38.5942],[-72.7948,-38.5906],[-72.7957,-38.5846],[-72.7927,-38.5784],[-72.7953,-38.5697],[-72.7923,-38.5609],[-72.7943,-38.5555],[-72.7906,-38.5465],[-72.7922,-38.5429],[-72.7959,-38.5406],[-72.7972,-38.5367],[-72.8042,-38.53],[-72.8051,-38.5268],[-72.8031,-38.5239],[-72.8115,-38.5141],[-72.8124,-38.5156],[-72.8174,-38.514],[-72.8257,-38.5169],[-72.834,-38.5166],[-72.8455,-38.5207],[-72.8494,-38.5184],[-72.8502,-38.5158],[-72.8545,-38.5122],[-72.873,-38.5064],[-72.8705,-38.5041],[-72.8717,-38.4998],[-72.8698,-38.4961],[-72.8749,-38.4937],[-72.874,-38.486],[-72.8777,-38.4884],[-72.8836,-38.4857],[-72.8844,-38.4903],[-72.8814,-38.4952],[-72.8818,-38.4973],[-72.8845,-38.4986],[-72.8884,-38.4909],[-72.8906,-38.4899],[-72.9036,-38.4881],[-72.9092,-38.4913],[-72.9123,-38.4903],[-72.9148,-38.4923],[-72.9212,-38.4926],[-72.9222,-38.4911],[-72.9194,-38.4912],[-72.9178,-38.4896],[-72.9218,-38.4853],[-72.9288,-38.4818],[-72.932,-38.484],[-72.9398,-38.4806],[-72.9429,-38.4829],[-72.947,-38.4756],[-72.9514,-38.4715],[-72.9564,-38.4687],[-72.9621,-38.4679],[-72.9762,-38.4596],[-72.9769,-38.4579],[-72.9846,-38.4589],[-72.9891,-38.4616],[-72.9903,-38.4589],[-72.9888,-38.4511],[-72.9826,-38.4409],[-72.9842,-38.4371],[-72.9793,-38.4328],[-72.9816,-38.4206],[-72.9909,-38.4202],[-72.9952,-38.4148],[-73.0017,-38.4138],[-73.0047,-38.4121],[-73.0041,-38.4103],[-73.0007,-38.4079],[-72.9918,-38.4064],[-72.9849,-38.4077],[-72.9805,-38.4049],[-72.9761,-38.3941],[-72.9673,-38.3919],[-72.9641,-38.3892],[-72.9572,-38.3891],[-72.9589,-38.3862],[-72.9573,-38.3825],[-72.9599,-38.3781],[-72.9588,-38.3752],[-72.9561,-38.3742],[-72.9557,-38.3603],[-72.9522,-38.3595],[-72.9462,-38.3636],[-72.9366,-38.3623],[-72.9275,-38.3638],[-72.9219,-38.3625],[-72.9133,-38.3558],[-72.906,-38.358],[-72.8998,-38.3574],[-72.8977,-38.3555],[-72.8929,-38.3581],[-72.888,-38.3546],[-72.8788,-38.352],[-72.8787,-38.347],[-72.8746,-38.3451],[-72.872,-38.3498],[-72.8605,-38.3463],[-72.8495,-38.349],[-72.851,-38.3441],[-72.8444,-38.3433],[-72.8434,-38.3401],[-72.841,-38.3386],[-72.8287,-38.3362],[-72.8253,-38.3374],[-72.8156,-38.3323],[-72.8117,-38.3364],[-72.8081,-38.337],[-72.8044,-38.3336],[-72.807,-38.3319],[-72.8042,-38.327],[-72.7946,-38.3219],[-72.7902,-38.3236],[-72.784,-38.321],[-72.7776,-38.3209],[-72.7748,-38.325],[-72.7733,-38.3314],[-72.7762,-38.3322],[-72.7756,-38.3342],[-72.7723,-38.3353],[-72.7671,-38.3336],[-72.7621,-38.3403],[-72.7596,-38.3405],[-72.7573,-38.3377],[-72.75,-38.3431],[-72.7506,-38.3457],[-72.763,-38.3459],[-72.7525,-38.3619],[-72.7452,-38.3648],[-72.7425,-38.368],[-72.7387,-38.3665],[-72.7371,-38.364],[-72.7194,-38.3671],[-72.7158,-38.367],[-72.7109,-38.3641],[-72.7001,-38.3661],[-72.7003,-38.3674],[-72.6737,-38.3872],[-72.6824,-38.3902],[-72.6821,-38.3929],[-72.6915,-38.4081],[-72.6904,-38.418],[-72.6866,-38.4175],[-72.6808,-38.4195],[-72.6804,-38.4155],[-72.6768,-38.4166],[-72.6716,-38.4156],[-72.6696,-38.4174],[-72.6648,-38.417],[-72.6608,-38.4228],[-72.6488,-38.4228],[-72.6296,-38.4335],[-72.6271,-38.4387],[-72.6223,-38.441],[-72.6238,-38.4428],[-72.6186,-38.4443],[-72.6173,-38.4483],[-72.6096,-38.4487],[-72.6116,-38.4551],[-72.6147,-38.4571],[-72.6124,-38.4589],[-72.6128,-38.4675],[-72.6106,-38.4702],[-72.609,-38.4774],[-72.6106,-38.4822],[-72.6099,-38.486],[-72.6114,-38.4891],[-72.6167,-38.4913],[-72.6197,-38.4949],[-72.6206,-38.4993],[-72.6232,-38.5004],[-72.626,-38.5051],[-72.6306,-38.5065],[-72.6347,-38.5132],[-72.6356,-38.5213],[-72.6278,-38.5424],[-72.6289,-38.5459],[-72.6352,-38.552],[-72.6477,-38.5512],[-72.6601,-38.5526],[-72.6638,-38.5502],[-72.6693,-38.5504],[-72.6736,-38.5527],[-72.6772,-38.5512],[-72.6819,-38.5524],[-72.684,-38.5499],[-72.6905,-38.5532],[-72.6954,-38.5496],[-72.705,-38.5511],[-72.7083,-38.5492],[-72.7125,-38.5579],[-72.7122,-38.5607],[-72.7158,-38.5657],[-72.7283,-38.5674],[-72.7408,-38.5643],[-72.748,-38.5697],[-72.749,-38.5762],[-72.7533,-38.5821],[-72.7556,-38.5802],[-72.7625,-38.5842],[-72.7617,-38.58],[-72.7659,-38.5843]]]]}},{"type":"Feature","properties":{"comunaId":"CHL.3.1.7_1","nombre":"Gorbea","provincia":"Cautín","regionGadm":"Araucanía","centerLat":-39.1722,"centerLon":-72.7046},"geometry":{"type":"MultiPolygon","coordinates":[[[[-72.4077,-39.2149],[-72.4141,-39.2318],[-72.4355,-39.2265],[-72.4427,-39.2437],[-72.4528,-39.2414],[-72.4586,-39.2584],[-72.5579,-39.2349],[-72.5586,-39.238],[-72.5555,-39.2389],[-72.5618,-39.239],[-72.5634,-39.2423],[-72.562,-39.2443],[-72.5633,-39.2448],[-72.5627,-39.2468],[-72.5584,-39.2501],[-72.5529,-39.2512],[-72.5549,-39.2551],[-72.5517,-39.2547],[-72.5525,-39.2559],[-72.5504,-39.2603],[-72.5528,-39.2653],[-72.5477,-39.2684],[-72.545,-39.2736],[-72.5416,-39.2755],[-72.5402,-39.273],[-72.5387,-39.2771],[-72.6522,-39.2513],[-72.6525,-39.2523],[-72.6614,-39.2504],[-72.662,-39.247],[-72.6755,-39.2446],[-72.6723,-39.2525],[-72.6751,-39.252],[-72.6746,-39.2507],[-72.6806,-39.2502],[-72.6814,-39.2544],[-72.6898,-39.2537],[-72.6919,-39.2568],[-72.71,-39.2525],[-72.715,-39.2544],[-72.7169,-39.2608],[-72.7225,-39.2596],[-72.7247,-39.2653],[-72.7319,-39.264],[-72.7336,-39.2688],[-72.8364,-39.2511],[-72.8529,-39.2902],[-72.8558,-39.2902],[-72.8582,-39.2882],[-72.8668,-39.2878],[-72.8643,-39.2846],[-72.8643,-39.2765],[-72.8577,-39.2675],[-72.8587,-39.2636],[-72.852,-39.2601],[-72.8545,-39.247],[-72.8611,-39.24],[-72.8615,-39.2278],[-72.8635,-39.2242],[-72.8642,-39.2166],[-72.8682,-39.214],[-72.8783,-39.2123],[-72.8872,-39.2056],[-72.8825,-39.1971],[-72.8766,-39.192],[-72.8771,-39.1885],[-72.8869,-39.183],[-72.8894,-39.175],[-72.8943,-39.1707],[-72.9108,-39.1629],[-72.9146,-39.1553],[-72.9231,-39.146],[-72.9288,-39.1436],[-72.9109,-39.1416],[-72.8933,-39.1373],[-72.8893,-39.1391],[-72.88,-39.1363],[-72.8743,-39.138],[-72.8658,-39.1345],[-72.8566,-39.1362],[-72.851,-39.1403],[-72.8282,-39.1483],[-72.8266,-39.1462],[-72.8274,-39.1431],[-72.8254,-39.1406],[-72.8265,-39.1324],[-72.8223,-39.1218],[-72.8222,-39.115],[-72.8158,-39.0992],[-72.7927,-39.104],[-72.7914,-39.0994],[-72.7806,-39.1023],[-72.7534,-39.0349],[-72.752,-39.036],[-72.7526,-39.0383],[-72.7511,-39.0385],[-72.75,-39.0357],[-72.7425,-39.0357],[-72.7446,-39.0327],[-72.7413,-39.0308],[-72.7394,-39.0314],[-72.7388,-39.0339],[-72.7342,-39.0315],[-72.7299,-39.0323],[-72.7294,-39.0344],[-72.7358,-39.0365],[-72.7359,-39.0377],[-72.7322,-39.0385],[-72.727,-39.0366],[-72.7236,-39.0384],[-72.7294,-39.0396],[-72.7311,-39.0441],[-72.7284,-39.0442],[-72.7264,-39.0418],[-72.7189,-39.0426],[-72.7144,-39.0467],[-72.7123,-39.0522],[-72.7084,-39.0412],[-72.7017,-39.0429],[-72.7045,-39.0505],[-72.6319,-39.0669],[-72.6224,-39.0696],[-72.6227,-39.0721],[-72.5902,-39.0788],[-72.5964,-39.0946],[-72.5049,-39.1163],[-72.5112,-39.1329],[-72.4711,-39.1418],[-72.4793,-39.161],[-72.4491,-39.1675],[-72.4552,-39.1834],[-72.4528,-39.1834],[-72.4533,-39.1849],[-72.4027,-39.1971],[-72.409,-39.2147],[-72.4077,-39.2149]]]]}},{"type":"Feature","properties":{"comunaId":"CHL.3.1.8_1","nombre":"Lautaro","provincia":"Cautín","regionGadm":"Araucanía","centerLat":-38.5429,"centerLon":-72.2813},"geometry":{"type":"MultiPolygon","coordinates":[[[[-72.6395,-38.5517],[-72.6352,-38.552],[-72.6289,-38.5459],[-72.6278,-38.5424],[-72.6356,-38.5213],[-72.6347,-38.5132],[-72.6306,-38.5065],[-72.626,-38.5051],[-72.6232,-38.5004],[-72.6206,-38.4993],[-72.6197,-38.4949],[-72.6167,-38.4913],[-72.6114,-38.4891],[-72.6099,-38.486],[-72.6106,-38.4822],[-72.609,-38.4774],[-72.6106,-38.4702],[-72.6128,-38.4675],[-72.6124,-38.4589],[-72.6147,-38.4571],[-72.6106,-38.4528],[-72.6047,-38.4585],[-72.6053,-38.462],[-72.6017,-38.4627],[-72.5974,-38.4611],[-72.5917,-38.4668],[-72.5925,-38.4704],[-72.5868,-38.4697],[-72.5835,-38.4728],[-72.5891,-38.4776],[-72.5781,-38.4854],[-72.5798,-38.4872],[-72.5783,-38.4899],[-72.5792,-38.4973],[-72.5719,-38.4967],[-72.576,-38.4895],[-72.5691,-38.49],[-72.5665,-38.4941],[-72.5588,-38.4915],[-72.5545,-38.4876],[-72.5507,-38.4874],[-72.5506,-38.4896],[-72.5552,-38.4947],[-72.5462,-38.5021],[-72.547,-38.5047],[-72.5509,-38.5063],[-72.5481,-38.5105],[-72.5417,-38.511],[-72.5371,-38.5089],[-72.5321,-38.5139],[-72.529,-38.5141],[-72.5233,-38.5082],[-72.5191,-38.5114],[-72.5173,-38.5109],[-72.5187,-38.5093],[-72.5159,-38.5066],[-72.5171,-38.5049],[-72.5126,-38.5026],[-72.5099,-38.4976],[-72.505,-38.4971],[-72.5052,-38.4949],[-72.502,-38.4922],[-72.5027,-38.4876],[-72.4996,-38.4862],[-72.4913,-38.4865],[-72.4907,-38.4833],[-72.4875,-38.4798],[-72.4767,-38.4756],[-72.4721,-38.4761],[-72.4626,-38.4804],[-72.4464,-38.4794],[-72.4452,-38.4763],[-72.4415,-38.4772],[-72.4341,-38.4757],[-72.431,-38.4714],[-72.4308,-38.4677],[-72.4248,-38.4678],[-72.4233,-38.4659],[-72.3523,-38.4827],[-72.3472,-38.4827],[-72.3413,-38.4799],[-72.328,-38.4773],[-72.3253,-38.4747],[-72.3212,-38.4737],[-72.3169,-38.4661],[-72.3123,-38.4641],[-72.3109,-38.4595],[-72.3045,-38.4545],[-72.2998,-38.457],[-72.2928,-38.4554],[-72.2872,-38.4507],[-72.2758,-38.4476],[-72.2636,-38.4515],[-72.2562,-38.4519],[-72.2552,-38.4493],[-72.2526,-38.4492],[-72.2488,-38.4502],[-72.2417,-38.4553],[-72.2363,-38.4525],[-72.2278,-38.4534],[-72.2184,-38.4485],[-72.2098,-38.449],[-72.2035,-38.443],[-72.1971,-38.4441],[-72.1948,-38.4419],[-72.1908,-38.4412],[-72.183,-38.4311],[-72.171,-38.425],[-72.1627,-38.4233],[-72.1593,-38.4262],[-72.1546,-38.4236],[-72.1496,-38.4244],[-72.1448,-38.4222],[-72.1206,-38.4196],[-72.1112,-38.4225],[-72.0973,-38.4212],[-72.0899,-38.4248],[-72.0865,-38.425],[-72.0932,-38.4465],[-72.0876,-38.4478],[-72.1114,-38.508],[-72.1067,-38.5086],[-72.107,-38.5052],[-72.1051,-38.5033],[-72.1042,-38.5054],[-72.1008,-38.5049],[-72.0945,-38.5094],[-72.0896,-38.5081],[-72.0812,-38.5112],[-72.0733,-38.5111],[-72.0683,-38.5136],[-72.0601,-38.5138],[-72.0535,-38.5115],[-72.0477,-38.5121],[-72.045,-38.5145],[-72.0393,-38.514],[-72.0353,-38.5159],[-72.0335,-38.5188],[-72.0278,-38.5191],[-72.018,-38.5249],[-72.0055,-38.5262],[-71.9946,-38.5242],[-71.9884,-38.5256],[-71.9765,-38.5249],[-71.9738,-38.5267],[-71.9697,-38.5256],[-71.9673,-38.5279],[-71.9624,-38.5272],[-71.9535,-38.5297],[-71.9444,-38.529],[-71.9401,-38.5302],[-71.9398,-38.5321],[-71.9369,-38.5335],[-71.9339,-38.5336],[-71.9303,-38.5373],[-71.9263,-38.5373],[-71.913,-38.5419],[-71.9095,-38.5399],[-71.9064,-38.5401],[-71.9004,-38.5437],[-71.8996,-38.5472],[-71.8962,-38.5497],[-71.8824,-38.5526],[-71.8777,-38.5508],[-71.8666,-38.5507],[-71.8606,-38.5595],[-71.8543,-38.5614],[-71.8524,-38.57],[-71.8745,-38.5782],[-71.8794,-38.5841],[-71.8782,-38.5882],[-71.8857,-38.5977],[-71.8861,-38.6021],[-71.8951,-38.6058],[-71.9022,-38.605],[-71.9186,-38.6082],[-71.9199,-38.6069],[-71.9239,-38.6079],[-71.9292,-38.6065],[-71.9344,-38.6091],[-71.9366,-38.6075],[-71.9396,-38.6084],[-71.9427,-38.6065],[-71.9475,-38.6067],[-71.9571,-38.6103],[-71.9641,-38.6095],[-71.9647,-38.6112],[-71.9678,-38.6105],[-71.9732,-38.6134],[-71.9891,-38.6156],[-72.0005,-38.6205],[-72.0059,-38.6207],[-72.0097,-38.6194],[-72.0169,-38.6097],[-72.0239,-38.6091],[-72.0327,-38.6027],[-72.0371,-38.6032],[-72.0394,-38.6006],[-72.0433,-38.602],[-72.0455,-38.5997],[-72.0489,-38.6017],[-72.0534,-38.5992],[-72.0576,-38.6022],[-72.0641,-38.6026],[-72.0699,-38.6023],[-72.0789,-38.5983],[-72.0859,-38.6003],[-72.0929,-38.5978],[-72.0944,-38.5938],[-72.0985,-38.5908],[-72.1007,-38.5915],[-72.1031,-38.5869],[-72.1111,-38.5952],[-72.1146,-38.5944],[-72.1191,-38.5974],[-72.1239,-38.5969],[-72.125,-38.6001],[-72.1288,-38.5986],[-72.1299,-38.6021],[-72.1331,-38.6001],[-72.1422,-38.5998],[-72.1459,-38.5969],[-72.1571,-38.5958],[-72.1549,-38.591],[-72.1606,-38.5872],[-72.1528,-38.5903],[-72.1489,-38.5897],[-72.1452,-38.5866],[-72.1463,-38.5816],[-72.1408,-38.5762],[-72.136,-38.5743],[-72.1352,-38.5722],[-72.157,-38.5672],[-72.1602,-38.5757],[-72.2015,-38.5667],[-72.212,-38.562],[-72.2186,-38.5618],[-72.2218,-38.5577],[-72.2268,-38.5578],[-72.2308,-38.5615],[-72.2423,-38.5579],[-72.2423,-38.561],[-72.2442,-38.5616],[-72.2501,-38.5602],[-72.2488,-38.5581],[-72.2534,-38.5576],[-72.2564,-38.5609],[-72.255,-38.565],[-72.2578,-38.5652],[-72.2584,-38.5667],[-72.2613,-38.566],[-72.2601,-38.5634],[-72.2658,-38.565],[-72.2688,-38.5627],[-72.2807,-38.5643],[-72.2883,-38.5685],[-72.2972,-38.5663],[-72.3015,-38.5709],[-72.2993,-38.5762],[-72.3019,-38.5746],[-72.3063,-38.575],[-72.3064,-38.5733],[-72.3099,-38.5738],[-72.3085,-38.575],[-72.3107,-38.5793],[-72.3067,-38.5818],[-72.3102,-38.5923],[-72.3158,-38.5943],[-72.3216,-38.6105],[-72.3249,-38.6102],[-72.3284,-38.6135],[-72.3321,-38.6129],[-72.3398,-38.6151],[-72.3545,-38.625],[-72.3661,-38.6255],[-72.3698,-38.6291],[-72.3698,-38.6329],[-72.3774,-38.633],[-72.3902,-38.6374],[-72.3965,-38.6373],[-72.4042,-38.6424],[-72.4086,-38.6529],[-72.4188,-38.655],[-72.4197,-38.654],[-72.4284,-38.6604],[-72.4301,-38.658],[-72.4325,-38.6588],[-72.4406,-38.6702],[-72.4608,-38.6653],[-72.4541,-38.6485],[-72.5079,-38.6349],[-72.5149,-38.6401],[-72.5182,-38.6476],[-72.5218,-38.6496],[-72.5248,-38.646],[-72.5237,-38.6427],[-72.5272,-38.6404],[-72.5295,-38.6341],[-72.5324,-38.6327],[-72.5418,-38.6408],[-72.5492,-38.6431],[-72.5614,-38.6406],[-72.5702,-38.6369],[-72.5797,-38.6269],[-72.5779,-38.6236],[-72.5784,-38.6209],[-72.5864,-38.6179],[-72.5869,-38.6138],[-72.5902,-38.6109],[-72.5871,-38.6056],[-72.5867,-38.5989],[-72.5921,-38.5904],[-72.5892,-38.5847],[-72.5897,-38.5818],[-72.5962,-38.5792],[-72.6039,-38.579],[-72.607,-38.5759],[-72.6134,-38.5735],[-72.6196,-38.5642],[-72.629,-38.5557],[-72.635,-38.5545],[-72.6395,-38.5517]]]]}},{"type":"Feature","properties":{"comunaId":"CHL.3.1.9_1","nombre":"Loncoche","provincia":"Cautín","regionGadm":"Araucanía","centerLat":-39.3697,"centerLon":-72.5665},"geometry":{"type":"MultiPolygon","coordinates":[[[[-72.8529,-39.2902],[-72.8364,-39.2511],[-72.7336,-39.2688],[-72.7319,-39.264],[-72.7247,-39.2653],[-72.7225,-39.2596],[-72.7169,-39.2608],[-72.715,-39.2544],[-72.71,-39.2525],[-72.6919,-39.2568],[-72.6898,-39.2537],[-72.6814,-39.2544],[-72.6806,-39.2502],[-72.6746,-39.2507],[-72.6751,-39.252],[-72.6723,-39.2525],[-72.6755,-39.2446],[-72.662,-39.247],[-72.6614,-39.2504],[-72.6525,-39.2523],[-72.6522,-39.2513],[-72.5387,-39.2771],[-72.5402,-39.273],[-72.5416,-39.2755],[-72.545,-39.2736],[-72.5477,-39.2684],[-72.5528,-39.2653],[-72.5504,-39.2603],[-72.5525,-39.2559],[-72.5517,-39.2547],[-72.5549,-39.2551],[-72.5529,-39.2512],[-72.5584,-39.2501],[-72.5627,-39.2468],[-72.5633,-39.2448],[-72.562,-39.2443],[-72.5634,-39.2423],[-72.5618,-39.239],[-72.5555,-39.2389],[-72.5586,-39.238],[-72.5579,-39.2349],[-72.4586,-39.2584],[-72.4528,-39.2414],[-72.4427,-39.2437],[-72.4355,-39.2265],[-72.4141,-39.2318],[-72.4077,-39.2149],[-72.3469,-39.2292],[-72.3606,-39.2644],[-72.3676,-39.2632],[-72.3729,-39.2666],[-72.3802,-39.2685],[-72.387,-39.2677],[-72.3935,-39.2691],[-72.3925,-39.2729],[-72.3893,-39.2738],[-72.388,-39.2766],[-72.3893,-39.2772],[-72.3877,-39.2788],[-72.3905,-39.2811],[-72.3881,-39.287],[-72.3861,-39.2865],[-72.3843,-39.2828],[-72.3832,-39.2854],[-72.3739,-39.2897],[-72.3728,-39.2938],[-72.3674,-39.2933],[-72.3633,-39.297],[-72.351,-39.3001],[-72.349,-39.3037],[-72.3501,-39.306],[-72.3483,-39.3081],[-72.3518,-39.314],[-72.3504,-39.3228],[-72.3533,-39.3301],[-72.3502,-39.3323],[-72.3502,-39.335],[-72.3479,-39.3369],[-72.3509,-39.3367],[-72.3579,-39.3431],[-72.3635,-39.3428],[-72.3646,-39.346],[-72.3732,-39.3494],[-72.3741,-39.3512],[-72.3754,-39.3493],[-72.3858,-39.3504],[-72.3879,-39.356],[-72.3903,-39.3582],[-72.3956,-39.3597],[-72.4103,-39.3593],[-72.4127,-39.3609],[-72.4181,-39.3604],[-72.4246,-39.3621],[-72.4353,-39.3612],[-72.4368,-39.3632],[-72.4314,-39.3638],[-72.4308,-39.3659],[-72.4279,-39.3671],[-72.422,-39.3674],[-72.4202,-39.3659],[-72.4143,-39.3675],[-72.4127,-39.3689],[-72.4135,-39.3708],[-72.4096,-39.3722],[-72.3954,-39.3699],[-72.391,-39.3742],[-72.3887,-39.3739],[-72.3881,-39.3716],[-72.3827,-39.3721],[-72.3819,-39.3744],[-72.3797,-39.3735],[-72.3795,-39.3755],[-72.3769,-39.3767],[-72.3752,-39.3846],[-72.3763,-39.3861],[-72.3727,-39.3846],[-72.3668,-39.3884],[-72.3685,-39.3905],[-72.3663,-39.3931],[-72.3505,-39.3937],[-72.3452,-39.3947],[-72.346,-39.3968],[-72.3425,-39.3962],[-72.3396,-39.3991],[-72.3471,-39.4214],[-72.3384,-39.4214],[-72.3413,-39.4224],[-72.3406,-39.4322],[-72.346,-39.4413],[-72.3453,-39.4466],[-72.344,-39.4466],[-72.3446,-39.4506],[-72.3482,-39.4525],[-72.3547,-39.4606],[-72.3461,-39.4655],[-72.3426,-39.4694],[-72.3417,-39.4731],[-72.3436,-39.4761],[-72.3423,-39.4778],[-72.3317,-39.4825],[-72.3228,-39.4833],[-72.3132,-39.491],[-72.2997,-39.4978],[-72.3094,-39.4994],[-72.3235,-39.509],[-72.3432,-39.5093],[-72.3511,-39.5084],[-72.3564,-39.5059],[-72.3796,-39.5046],[-72.3908,-39.4987],[-72.4026,-39.489],[-72.4113,-39.4866],[-72.4174,-39.4802],[-72.4258,-39.4815],[-72.4399,-39.4749],[-72.4479,-39.4794],[-72.4571,-39.4798],[-72.4592,-39.4776],[-72.4644,-39.4767],[-72.4741,-39.4795],[-72.4806,-39.476],[-72.496,-39.4754],[-72.5057,-39.4717],[-72.5171,-39.477],[-72.5221,-39.472],[-72.5221,-39.4633],[-72.5267,-39.4463],[-72.5324,-39.4337],[-72.5355,-39.436],[-72.5582,-39.4431],[-72.5847,-39.4474],[-72.5919,-39.4501],[-72.6046,-39.4495],[-72.6206,-39.4447],[-72.6427,-39.4574],[-72.6524,-39.4582],[-72.658,-39.4603],[-72.665,-39.4572],[-72.6691,-39.4525],[-72.6745,-39.4519],[-72.6775,-39.447],[-72.6785,-39.4402],[-72.6887,-39.4329],[-72.7099,-39.4286],[-72.7134,-39.426],[-72.7221,-39.426],[-72.7277,-39.4283],[-72.7319,-39.4323],[-72.736,-39.4331],[-72.7364,-39.4348],[-72.7404,-39.4356],[-72.7354,-39.4374],[-72.7365,-39.4398],[-72.7403,-39.4417],[-72.7495,-39.4379],[-72.7513,-39.4353],[-72.7552,-39.4387],[-72.7629,-39.4345],[-72.7647,-39.4318],[-72.7713,-39.4326],[-72.7728,-39.4277],[-72.776,-39.4312],[-72.7866,-39.4311],[-72.7895,-39.4324],[-72.7897,-39.4306],[-72.7876,-39.429],[-72.7882,-39.4243],[-72.7839,-39.4259],[-72.7825,-39.4222],[-72.7857,-39.4216],[-72.7871,-39.4179],[-72.7907,-39.4164],[-72.7901,-39.4113],[-72.7932,-39.405],[-72.799,-39.4063],[-72.8034,-39.4099],[-72.8106,-39.4108],[-72.8174,-39.41],[-72.8203,-39.4073],[-72.8221,-39.4075],[-72.8393,-39.4137],[-72.8452,-39.4123],[-72.8468,-39.4077],[-72.8575,-39.3973],[-72.8619,-39.3991],[-72.8693,-39.3987],[-72.8712,-39.4101],[-72.8691,-39.4146],[-72.8776,-39.4149],[-72.8803,-39.4124],[-72.8835,-39.4122],[-72.8851,-39.4155],[-72.8853,-39.4243],[-72.8897,-39.4255],[-72.8968,-39.4327],[-72.9006,-39.4089],[-72.8962,-39.4],[-72.8982,-39.3961],[-72.8972,-39.3917],[-72.9018,-39.3883],[-72.9002,-39.3812],[-72.887,-39.374],[-72.8798,-39.3739],[-72.8748,-39.3716],[-72.8698,-39.3637],[-72.8571,-39.3566],[-72.8574,-39.3524],[-72.8614,-39.3465],[-72.8589,-39.3426],[-72.8582,-39.3349],[-72.8465,-39.3324],[-72.8364,-39.3225],[-72.8336,-39.3158],[-72.8335,-39.3108],[-72.8431,-39.3069],[-72.8424,-39.3034],[-72.8454,-39.295],[-72.8529,-39.2902]]]]}},{"type":"Feature","properties":{"comunaId":"CHL.3.1.10_1","nombre":"Melipeuco","provincia":"Cautín","regionGadm":"Araucanía","centerLat":-38.8406,"centerLon":-71.5928},"geometry":{"type":"MultiPolygon","coordinates":[[[[-71.3943,-38.9096],[-71.3931,-38.911],[-71.398,-38.9153],[-71.4047,-38.9171],[-71.4068,-38.9194],[-71.4105,-38.9197],[-71.4132,-38.9229],[-71.4247,-38.9214],[-71.4335,-38.9291],[-71.4329,-38.934],[-71.4387,-38.9422],[-71.4353,-38.9465],[-71.4376,-38.9531],[-71.4363,-38.9582],[-71.4323,-38.9618],[-71.4335,-38.9653],[-71.4317,-38.967],[-71.433,-38.969],[-71.4329,-38.9773],[-71.4406,-38.9778],[-71.4477,-38.9735],[-71.4592,-38.9735],[-71.4703,-38.9713],[-71.4792,-38.975],[-71.4879,-38.9738],[-71.4979,-38.9792],[-71.5025,-38.987],[-71.5144,-38.9915],[-71.5229,-38.9918],[-71.5287,-38.9993],[-71.5426,-39.0033],[-71.5541,-39.0017],[-71.5677,-39.0039],[-71.578,-39.0025],[-71.5906,-39.0038],[-71.5973,-39.0009],[-71.6022,-38.9957],[-71.608,-38.9973],[-71.614,-38.9953],[-71.6312,-38.9939],[-71.6375,-38.998],[-71.6426,-38.9984],[-71.6585,-39.0082],[-71.6663,-39.0072],[-71.6737,-39.0094],[-71.6804,-39.0095],[-71.6818,-39.0126],[-71.685,-39.0133],[-71.6961,-39.0064],[-71.7015,-38.9993],[-71.715,-38.9916],[-71.7112,-38.9841],[-71.713,-38.9812],[-71.7225,-38.9749],[-71.7219,-38.971],[-71.7276,-38.9655],[-71.7297,-38.959],[-71.7345,-38.9538],[-71.735,-38.9484],[-71.7469,-38.9482],[-71.7532,-38.9459],[-71.7602,-38.931],[-71.757,-38.9212],[-71.7576,-38.9186],[-71.7704,-38.9033],[-71.7814,-38.8998],[-71.7859,-38.8969],[-71.7901,-38.8911],[-71.7979,-38.8914],[-71.8035,-38.8883],[-71.8083,-38.8823],[-71.8093,-38.8743],[-71.8128,-38.8751],[-71.8147,-38.8767],[-71.814,-38.8781],[-71.8163,-38.8787],[-71.8136,-38.8802],[-71.8153,-38.8818],[-71.8182,-38.8809],[-71.8217,-38.8822],[-71.8273,-38.8792],[-71.8259,-38.881],[-71.8286,-38.8835],[-71.8391,-38.8818],[-71.8405,-38.8833],[-71.8425,-38.8821],[-71.8447,-38.8835],[-71.8515,-38.8828],[-71.8548,-38.8846],[-71.8483,-38.8748],[-71.8417,-38.8741],[-71.8365,-38.8678],[-71.8296,-38.864],[-71.8286,-38.854],[-71.8238,-38.8507],[-71.8186,-38.8412],[-71.8135,-38.8377],[-71.8121,-38.8331],[-71.8072,-38.8279],[-71.8071,-38.8226],[-71.8014,-38.8165],[-71.7978,-38.8065],[-71.7949,-38.7907],[-71.798,-38.7665],[-71.7887,-38.7529],[-71.7838,-38.7491],[-71.7775,-38.7406],[-71.7587,-38.7259],[-71.7396,-38.7255],[-71.7289,-38.7231],[-71.7255,-38.7115],[-71.7306,-38.6969],[-71.7239,-38.6942],[-71.7041,-38.6767],[-71.6939,-38.6709],[-71.6812,-38.6674],[-71.6818,-38.6636],[-71.6908,-38.6474],[-71.6862,-38.6415],[-71.6847,-38.6088],[-71.6788,-38.6052],[-71.6411,-38.5985],[-71.6356,-38.5932],[-71.6028,-38.598],[-71.5932,-38.5962],[-71.5909,-38.5932],[-71.5854,-38.6074],[-71.5788,-38.6128],[-71.571,-38.6165],[-71.5652,-38.6238],[-71.5475,-38.629],[-71.5464,-38.6342],[-71.5381,-38.6406],[-71.5319,-38.6504],[-71.52,-38.6489],[-71.5152,-38.6507],[-71.5135,-38.6549],[-71.5136,-38.6648],[-71.512,-38.6673],[-71.503,-38.664],[-71.4919,-38.6626],[-71.512,-38.6842],[-71.5145,-38.6889],[-71.5342,-38.7028],[-71.5375,-38.7111],[-71.5363,-38.716],[-71.5286,-38.7156],[-71.5276,-38.7226],[-71.5173,-38.7335],[-71.5134,-38.7338],[-71.506,-38.727],[-71.5014,-38.7296],[-71.4953,-38.7294],[-71.4946,-38.7365],[-71.5004,-38.7458],[-71.5132,-38.7532],[-71.5004,-38.7582],[-71.4935,-38.7631],[-71.4866,-38.7576],[-71.479,-38.7572],[-71.4765,-38.7645],[-71.4768,-38.7705],[-71.4687,-38.7725],[-71.4648,-38.7773],[-71.4618,-38.7786],[-71.4493,-38.7798],[-71.4438,-38.7822],[-71.4362,-38.7817],[-71.4345,-38.7835],[-71.4351,-38.7866],[-71.4281,-38.7947],[-71.4217,-38.796],[-71.4187,-38.8003],[-71.4125,-38.7998],[-71.4097,-38.8013],[-71.408,-38.8046],[-71.4082,-38.81],[-71.4029,-38.8126],[-71.4012,-38.8171],[-71.3942,-38.8205],[-71.3921,-38.8241],[-71.3916,-38.8295],[-71.3889,-38.8325],[-71.3924,-38.8355],[-71.3952,-38.8413],[-71.4006,-38.8437],[-71.4131,-38.8449],[-71.4163,-38.8472],[-71.4153,-38.8525],[-71.4103,-38.8561],[-71.4119,-38.8621],[-71.4047,-38.8775],[-71.4103,-38.8849],[-71.4143,-38.8867],[-71.4144,-38.8885],[-71.4084,-38.894],[-71.4094,-38.9007],[-71.4082,-38.904],[-71.4025,-38.9079],[-71.3983,-38.907],[-71.3943,-38.9096]]]]}},{"type":"Feature","properties":{"comunaId":"CHL.3.1.11_1","nombre":"NuevaImperial","provincia":"Cautín","regionGadm":"Araucanía","centerLat":-38.7255,"centerLon":-73.015},"geometry":{"type":"MultiPolygon","coordinates":[[[[-73.0949,-38.9017],[-73.0954,-38.897],[-73.0998,-38.8907],[-73.1002,-38.8745],[-73.1019,-38.8721],[-73.1003,-38.8686],[-73.1032,-38.8628],[-73.0992,-38.8547],[-73.0928,-38.8556],[-73.0915,-38.8522],[-73.0866,-38.8483],[-73.0889,-38.8427],[-73.0951,-38.8426],[-73.0984,-38.8406],[-73.0988,-38.8365],[-73.1014,-38.8328],[-73.1014,-38.8283],[-73.1,-38.8269],[-73.1008,-38.8215],[-73.0975,-38.8175],[-73.0989,-38.8146],[-73.0973,-38.812],[-73.0908,-38.8102],[-73.0847,-38.8106],[-73.0754,-38.8051],[-73.0744,-38.8019],[-73.0765,-38.7943],[-73.0746,-38.7933],[-73.0772,-38.7896],[-73.0754,-38.7883],[-73.077,-38.7862],[-73.0764,-38.7835],[-73.0733,-38.782],[-73.0725,-38.7797],[-73.0705,-38.7802],[-73.0691,-38.7787],[-73.0643,-38.7663],[-73.0668,-38.7661],[-73.0657,-38.7627],[-73.068,-38.7609],[-73.0674,-38.7566],[-73.0698,-38.7541],[-73.0726,-38.754],[-73.0725,-38.7519],[-73.0764,-38.7503],[-73.0784,-38.7467],[-73.0783,-38.7434],[-73.0805,-38.742],[-73.0813,-38.7331],[-73.0896,-38.7256],[-73.0961,-38.7149],[-73.0847,-38.7137],[-73.0799,-38.7172],[-73.075,-38.708],[-73.0708,-38.7041],[-73.0761,-38.699],[-73.0747,-38.6938],[-73.0782,-38.6858],[-73.0854,-38.6817],[-73.0852,-38.677],[-73.0886,-38.6754],[-73.093,-38.6701],[-73.0971,-38.6668],[-73.1012,-38.6659],[-73.1008,-38.6634],[-73.0965,-38.66],[-73.0965,-38.6573],[-73.0994,-38.6549],[-73.0977,-38.6531],[-73.0977,-38.6489],[-73.094,-38.6438],[-73.0964,-38.6416],[-73.0986,-38.6355],[-73.0978,-38.6345],[-73.0998,-38.6334],[-73.0995,-38.6205],[-73.1026,-38.6186],[-73.1038,-38.6157],[-73.1016,-38.6135],[-73.1003,-38.6076],[-73.1037,-38.6034],[-73.1145,-38.6025],[-73.1181,-38.5987],[-73.1226,-38.597],[-73.1236,-38.5947],[-73.1213,-38.5927],[-73.1228,-38.5907],[-73.1201,-38.5871],[-73.1257,-38.5806],[-73.1267,-38.5763],[-73.1242,-38.5757],[-73.1234,-38.5718],[-73.1261,-38.569],[-73.1172,-38.564],[-73.1124,-38.5635],[-73.1075,-38.5607],[-73.1015,-38.5608],[-73.0985,-38.5587],[-73.0999,-38.5456],[-73.0962,-38.539],[-73.095,-38.5306],[-73.0956,-38.5273],[-73.0999,-38.5249],[-73.1007,-38.5203],[-73.0952,-38.517],[-73.0868,-38.5172],[-73.074,-38.5231],[-73.0658,-38.5237],[-73.0632,-38.523],[-73.0601,-38.5189],[-73.0531,-38.5188],[-73.0512,-38.5177],[-73.0508,-38.5125],[-73.055,-38.5098],[-73.0522,-38.5005],[-73.0493,-38.4982],[-73.0506,-38.4962],[-73.0078,-38.5056],[-73.0419,-38.5975],[-73.035,-38.5992],[-73.0374,-38.6],[-73.0372,-38.604],[-73.0414,-38.611],[-73.0443,-38.6127],[-73.0435,-38.6143],[-73.0471,-38.6211],[-73.046,-38.6216],[-73.0474,-38.6233],[-73.047,-38.6269],[-73.0451,-38.629],[-73.0395,-38.6291],[-73.0359,-38.6318],[-73.0366,-38.6348],[-73.0335,-38.635],[-73.0322,-38.6385],[-73.0297,-38.6391],[-73.0296,-38.6406],[-73.0317,-38.6413],[-73.031,-38.6433],[-73.0067,-38.6487],[-73.0059,-38.6455],[-72.9964,-38.641],[-72.9933,-38.6413],[-72.9921,-38.6397],[-72.9866,-38.6426],[-72.9804,-38.6392],[-72.9792,-38.636],[-72.9695,-38.6349],[-72.9633,-38.6307],[-72.9629,-38.6264],[-72.9362,-38.6346],[-72.9286,-38.6407],[-72.9235,-38.6415],[-72.9155,-38.6456],[-72.9151,-38.648],[-72.9092,-38.6542],[-72.908,-38.6599],[-72.902,-38.6557],[-72.8944,-38.6537],[-72.8871,-38.648],[-72.8827,-38.6714],[-72.8736,-38.6872],[-72.855,-38.6978],[-72.8419,-38.7078],[-72.8368,-38.7101],[-72.8268,-38.7091],[-72.814,-38.7166],[-72.8131,-38.7245],[-72.8145,-38.7294],[-72.8182,-38.734],[-72.8186,-38.7387],[-72.8122,-38.7418],[-72.8176,-38.754],[-72.8201,-38.7669],[-72.8265,-38.7846],[-72.8373,-38.7995],[-72.8403,-38.8088],[-72.8301,-38.8115],[-72.8224,-38.8183],[-72.8142,-38.8213],[-72.8132,-38.8265],[-72.8164,-38.8285],[-72.8177,-38.835],[-72.8155,-38.8367],[-72.8122,-38.8354],[-72.8083,-38.8368],[-72.8085,-38.8472],[-72.7992,-38.8533],[-72.8175,-38.8973],[-72.8184,-38.9053],[-72.8263,-38.9115],[-72.8334,-38.91],[-72.8525,-38.9124],[-72.8583,-38.9092],[-72.8661,-38.9076],[-72.8697,-38.9089],[-72.8727,-38.9132],[-72.8808,-38.9029],[-72.8785,-38.8918],[-72.8888,-38.889],[-72.8988,-38.8934],[-72.9041,-38.8925],[-72.9161,-38.8955],[-72.9208,-38.8992],[-72.9293,-38.8995],[-72.9344,-38.9028],[-72.9359,-38.8975],[-72.9533,-38.8944],[-72.9552,-38.8929],[-72.9571,-38.893],[-72.9569,-38.8964],[-72.9605,-38.9],[-72.9602,-38.902],[-72.9939,-38.8947],[-72.998,-38.8989],[-73.0026,-38.8982],[-73.0031,-38.8998],[-73.0184,-38.897],[-73.0214,-38.9073],[-73.0294,-38.9129],[-73.0319,-38.9103],[-73.0347,-38.9124],[-73.0409,-38.8998],[-73.0487,-38.8966],[-73.0561,-38.8963],[-73.067,-38.8915],[-73.0738,-38.8928],[-73.0765,-38.8953],[-73.0949,-38.9017]]]]}},{"type":"Feature","properties":{"comunaId":"CHL.3.1.12_1","nombre":"PadreLasCasas","provincia":"Cautín","regionGadm":"Araucanía","centerLat":-38.8163,"centerLon":-72.5331},"geometry":{"type":"MultiPolygon","coordinates":[[[[-72.3439,-38.8507],[-72.3434,-38.8542],[-72.3375,-38.8601],[-72.3382,-38.8629],[-72.3345,-38.8651],[-72.3293,-38.8644],[-72.3293,-38.8659],[-72.3251,-38.8665],[-72.3294,-38.8783],[-72.3228,-38.8799],[-72.3338,-38.9081],[-72.3464,-38.9032],[-72.35,-38.899],[-72.3547,-38.8987],[-72.3583,-38.9002],[-72.3674,-38.8967],[-72.3721,-38.8981],[-72.3838,-38.8905],[-72.3868,-38.8925],[-72.3882,-38.8906],[-72.3962,-38.8917],[-72.4017,-38.8906],[-72.4077,-38.8891],[-72.4071,-38.8879],[-72.4093,-38.8858],[-72.4166,-38.8869],[-72.4229,-38.8823],[-72.4339,-38.8794],[-72.4407,-38.8812],[-72.4482,-38.8805],[-72.4545,-38.8843],[-72.4593,-38.8825],[-72.4684,-38.8826],[-72.4768,-38.8789],[-72.4854,-38.8796],[-72.492,-38.8767],[-72.5004,-38.8768],[-72.4993,-38.8777],[-72.5015,-38.8789],[-72.5055,-38.8779],[-72.5041,-38.8757],[-72.5068,-38.8777],[-72.5104,-38.8774],[-72.5081,-38.8759],[-72.5123,-38.8744],[-72.5116,-38.8709],[-72.5147,-38.8696],[-72.5098,-38.8677],[-72.5148,-38.8657],[-72.5178,-38.8663],[-72.5177,-38.8683],[-72.5204,-38.8658],[-72.5224,-38.8668],[-72.5321,-38.8653],[-72.5436,-38.8677],[-72.5443,-38.8712],[-72.5389,-38.8751],[-72.5425,-38.8765],[-72.5452,-38.8733],[-72.5455,-38.8752],[-72.5474,-38.8751],[-72.5502,-38.8678],[-72.5519,-38.8683],[-72.553,-38.872],[-72.5589,-38.8678],[-72.5609,-38.8687],[-72.5589,-38.8719],[-72.5662,-38.8731],[-72.5666,-38.8714],[-72.5632,-38.8693],[-72.5641,-38.868],[-72.5698,-38.8686],[-72.5698,-38.8708],[-72.5714,-38.8714],[-72.5771,-38.8668],[-72.587,-38.8636],[-72.6025,-38.8629],[-72.6039,-38.8591],[-72.601,-38.8553],[-72.6016,-38.8532],[-72.6053,-38.8527],[-72.6106,-38.8551],[-72.622,-38.8527],[-72.625,-38.8485],[-72.625,-38.8389],[-72.6278,-38.8365],[-72.6346,-38.8372],[-72.6353,-38.8302],[-72.6324,-38.8286],[-72.6367,-38.8258],[-72.6401,-38.8323],[-72.642,-38.8326],[-72.6445,-38.8287],[-72.6481,-38.829],[-72.653,-38.8333],[-72.6539,-38.837],[-72.6566,-38.8382],[-72.6702,-38.8309],[-72.6749,-38.8315],[-72.6775,-38.8348],[-72.6846,-38.838],[-72.6978,-38.8321],[-72.7042,-38.8318],[-72.7095,-38.8346],[-72.7108,-38.8369],[-72.7105,-38.8398],[-72.7069,-38.8442],[-72.7147,-38.8462],[-72.721,-38.8436],[-72.7212,-38.8382],[-72.7328,-38.8385],[-72.739,-38.836],[-72.756,-38.8366],[-72.776,-38.8422],[-72.7873,-38.839],[-72.7903,-38.8334],[-72.8047,-38.8333],[-72.8134,-38.8263],[-72.8142,-38.8213],[-72.8224,-38.8183],[-72.8301,-38.8115],[-72.8403,-38.8088],[-72.8391,-38.8028],[-72.8265,-38.7846],[-72.8248,-38.7782],[-72.8213,-38.7768],[-72.8124,-38.7823],[-72.8051,-38.7773],[-72.7972,-38.7812],[-72.79,-38.7822],[-72.7868,-38.7787],[-72.7811,-38.7801],[-72.7695,-38.7799],[-72.7539,-38.7753],[-72.7474,-38.7774],[-72.7325,-38.7745],[-72.7263,-38.7759],[-72.7238,-38.7751],[-72.7223,-38.7719],[-72.7221,-38.7664],[-72.7186,-38.7649],[-72.7095,-38.7673],[-72.7018,-38.7655],[-72.6977,-38.7677],[-72.6929,-38.7659],[-72.6888,-38.7663],[-72.6819,-38.7746],[-72.6685,-38.7678],[-72.6687,-38.7625],[-72.6648,-38.7588],[-72.6596,-38.7594],[-72.6525,-38.764],[-72.6476,-38.7647],[-72.6339,-38.762],[-72.6183,-38.7624],[-72.612,-38.7582],[-72.6047,-38.7581],[-72.5907,-38.7504],[-72.5787,-38.7481],[-72.5673,-38.7392],[-72.5503,-38.7324],[-72.5491,-38.7306],[-72.5503,-38.7246],[-72.5477,-38.72],[-72.5439,-38.7194],[-72.541,-38.717],[-72.5407,-38.7126],[-72.5373,-38.7087],[-72.5177,-38.6981],[-72.5106,-38.6879],[-72.5108,-38.6847],[-72.499,-38.6868],[-72.4933,-38.685],[-72.4774,-38.6908],[-72.473,-38.6956],[-72.4685,-38.6977],[-72.4564,-38.6985],[-72.4488,-38.7009],[-72.4491,-38.7044],[-72.4563,-38.7038],[-72.4591,-38.7105],[-72.461,-38.7101],[-72.4624,-38.7155],[-72.4671,-38.7142],[-72.4717,-38.7271],[-72.4688,-38.7261],[-72.4669,-38.7273],[-72.46,-38.7235],[-72.457,-38.7241],[-72.4471,-38.7208],[-72.4348,-38.7208],[-72.4258,-38.7241],[-72.4269,-38.7266],[-72.379,-38.7391],[-72.3876,-38.7429],[-72.3934,-38.7477],[-72.3928,-38.7487],[-72.3826,-38.7463],[-72.3864,-38.752],[-72.3948,-38.757],[-72.4034,-38.7547],[-72.4025,-38.7614],[-72.4142,-38.7665],[-72.4153,-38.7685],[-72.4144,-38.7725],[-72.4174,-38.7742],[-72.4124,-38.7772],[-72.4193,-38.781],[-72.4198,-38.7863],[-72.4134,-38.787],[-72.4131,-38.7895],[-72.4154,-38.7937],[-72.4238,-38.7966],[-72.421,-38.7987],[-72.4226,-38.8025],[-72.4242,-38.8033],[-72.4267,-38.8007],[-72.4307,-38.8034],[-72.4339,-38.8126],[-72.4383,-38.8109],[-72.4439,-38.8175],[-72.4479,-38.8167],[-72.4522,-38.8206],[-72.4456,-38.8228],[-72.4441,-38.8209],[-72.4415,-38.8231],[-72.4379,-38.8205],[-72.4342,-38.8213],[-72.43,-38.8196],[-72.4336,-38.8299],[-72.4302,-38.8306],[-72.4343,-38.8423],[-72.4315,-38.8417],[-72.4292,-38.8462],[-72.413,-38.8556],[-72.4015,-38.8559],[-72.4005,-38.8547],[-72.4029,-38.8545],[-72.4057,-38.8515],[-72.4054,-38.8489],[-72.3905,-38.8495],[-72.3882,-38.8485],[-72.3898,-38.8464],[-72.3861,-38.8429],[-72.3774,-38.8473],[-72.3783,-38.8491],[-72.3808,-38.8495],[-72.3774,-38.8509],[-72.3695,-38.8485],[-72.361,-38.8496],[-72.3552,-38.8482],[-72.3502,-38.8505],[-72.3439,-38.8507]]]]}},{"type":"Feature","properties":{"comunaId":"CHL.3.1.13_1","nombre":"Perquenco","provincia":"Cautín","regionGadm":"Araucanía","centerLat":-38.4394,"centerLon":-72.4701},"geometry":{"type":"MultiPolygon","coordinates":[[[[-72.6106,-38.4528],[-72.6096,-38.4487],[-72.6173,-38.4483],[-72.6186,-38.4443],[-72.6238,-38.4428],[-72.6223,-38.441],[-72.6271,-38.4387],[-72.6296,-38.4335],[-72.6403,-38.4275],[-72.6381,-38.4227],[-72.6344,-38.4212],[-72.6237,-38.4262],[-72.6109,-38.4267],[-72.6055,-38.4245],[-72.5987,-38.427],[-72.5876,-38.4269],[-72.576,-38.425],[-72.5707,-38.4257],[-72.5672,-38.4237],[-72.5668,-38.4216],[-72.5626,-38.4212],[-72.5565,-38.415],[-72.5487,-38.4185],[-72.5466,-38.4169],[-72.5446,-38.4051],[-72.539,-38.4008],[-72.5228,-38.359],[-72.5146,-38.3651],[-72.5127,-38.3652],[-72.5128,-38.3623],[-72.51,-38.3614],[-72.5045,-38.3662],[-72.4949,-38.37],[-72.4821,-38.3695],[-72.4714,-38.3656],[-72.4568,-38.3699],[-72.4526,-38.3671],[-72.4485,-38.3668],[-72.4472,-38.3634],[-72.443,-38.3636],[-72.4409,-38.3592],[-72.438,-38.3581],[-72.4264,-38.3574],[-72.4185,-38.3592],[-72.4131,-38.3571],[-72.4091,-38.3578],[-72.4004,-38.3519],[-72.3879,-38.3519],[-72.385,-38.3548],[-72.3774,-38.3568],[-72.3709,-38.3564],[-72.369,-38.3584],[-72.3665,-38.3575],[-72.361,-38.3599],[-72.3501,-38.3599],[-72.3581,-38.3832],[-72.2719,-38.4034],[-72.2659,-38.3986],[-72.266,-38.3962],[-72.2645,-38.3972],[-72.26,-38.3943],[-72.2564,-38.3946],[-72.2558,-38.3912],[-72.2425,-38.3865],[-72.242,-38.3837],[-72.237,-38.382],[-72.235,-38.3836],[-72.2538,-38.4321],[-72.2592,-38.431],[-72.2589,-38.4362],[-72.2564,-38.4373],[-72.2623,-38.4515],[-72.2758,-38.4476],[-72.2872,-38.4507],[-72.2928,-38.4554],[-72.2998,-38.457],[-72.3045,-38.4545],[-72.3109,-38.4595],[-72.3123,-38.4641],[-72.3169,-38.4661],[-72.3212,-38.4737],[-72.3253,-38.4747],[-72.3273,-38.477],[-72.3413,-38.4799],[-72.3466,-38.4826],[-72.3523,-38.4827],[-72.4233,-38.4659],[-72.4248,-38.4678],[-72.4308,-38.4677],[-72.431,-38.4714],[-72.4341,-38.4757],[-72.4415,-38.4772],[-72.4452,-38.4763],[-72.4464,-38.4794],[-72.4626,-38.4804],[-72.4721,-38.4761],[-72.4767,-38.4756],[-72.4852,-38.4785],[-72.4907,-38.4833],[-72.4913,-38.4865],[-72.4996,-38.4862],[-72.5027,-38.4876],[-72.502,-38.4922],[-72.5052,-38.4949],[-72.505,-38.4971],[-72.5099,-38.4976],[-72.5126,-38.5026],[-72.5171,-38.5049],[-72.5159,-38.5066],[-72.5187,-38.5093],[-72.5173,-38.5109],[-72.5191,-38.5114],[-72.5233,-38.5082],[-72.527,-38.5132],[-72.5312,-38.5142],[-72.5371,-38.5089],[-72.5464,-38.5112],[-72.5503,-38.5075],[-72.5506,-38.5053],[-72.547,-38.5047],[-72.5462,-38.5021],[-72.5552,-38.4947],[-72.5506,-38.4896],[-72.5507,-38.4874],[-72.5545,-38.4876],[-72.5588,-38.4915],[-72.5665,-38.4941],[-72.5691,-38.49],[-72.576,-38.4895],[-72.5719,-38.4967],[-72.5792,-38.4973],[-72.5783,-38.4899],[-72.5798,-38.4872],[-72.5781,-38.4854],[-72.5891,-38.4776],[-72.5835,-38.4728],[-72.5868,-38.4697],[-72.5925,-38.4704],[-72.5917,-38.4668],[-72.5974,-38.4611],[-72.6017,-38.4627],[-72.6053,-38.462],[-72.6047,-38.4585],[-72.6106,-38.4528]]]]}},{"type":"Feature","properties":{"comunaId":"CHL.3.1.14_1","nombre":"Pitrufquén","provincia":"Cautín","regionGadm":"Araucanía","centerLat":-39.0778,"centerLon":-72.6932},"geometry":{"type":"MultiPolygon","coordinates":[[[[-72.9148,-39.0221],[-72.9054,-39.025],[-72.8962,-39.0185],[-72.889,-39.0235],[-72.8783,-39.0229],[-72.8714,-39.0209],[-72.8573,-39.0223],[-72.8503,-39.0318],[-72.8214,-39.035],[-72.8169,-39.0338],[-72.8105,-39.0274],[-72.8103,-39.0202],[-72.8063,-39.0133],[-72.7996,-39.0136],[-72.7941,-39.0067],[-72.7855,-39.0043],[-72.78,-39.0018],[-72.7775,-38.9987],[-72.7701,-38.9959],[-72.7568,-38.9982],[-72.7507,-39.0011],[-72.7458,-39.0001],[-72.7406,-39.0056],[-72.7318,-39.0021],[-72.7241,-39.0068],[-72.7137,-39.003],[-72.7062,-39.0054],[-72.7016,-39.0036],[-72.695,-38.995],[-72.6911,-38.9956],[-72.6842,-38.9927],[-72.6832,-38.9878],[-72.6773,-38.9833],[-72.6675,-38.9847],[-72.6655,-38.9835],[-72.6664,-38.9794],[-72.665,-38.9771],[-72.6399,-38.972],[-72.6367,-38.973],[-72.6298,-38.9823],[-72.624,-38.9851],[-72.6129,-38.9844],[-72.6078,-38.9891],[-72.6007,-38.9907],[-72.5945,-38.9877],[-72.585,-38.987],[-72.5771,-38.9928],[-72.5632,-38.9972],[-72.5545,-39.0072],[-72.5467,-39.004],[-72.542,-39.0105],[-72.5301,-39.0084],[-72.5182,-39.016],[-72.5181,-39.02],[-72.5233,-39.0224],[-72.5211,-39.0272],[-72.5235,-39.0339],[-72.5172,-39.0374],[-72.5129,-39.0418],[-72.512,-39.0458],[-72.5037,-39.0553],[-72.5061,-39.0593],[-72.5059,-39.0623],[-72.4957,-39.0723],[-72.4831,-39.0696],[-72.4795,-39.0742],[-72.4751,-39.0767],[-72.4604,-39.0774],[-72.4375,-39.0862],[-72.4179,-39.0909],[-72.4162,-39.0917],[-72.4113,-39.1018],[-72.4037,-39.1029],[-72.3919,-39.108],[-72.381,-39.109],[-72.3809,-39.1137],[-72.3764,-39.1174],[-72.365,-39.1203],[-72.3612,-39.1192],[-72.3563,-39.1215],[-72.3532,-39.1312],[-72.348,-39.1335],[-72.3385,-39.1465],[-72.3405,-39.1486],[-72.3464,-39.1493],[-72.3353,-39.1569],[-72.3293,-39.1698],[-72.3332,-39.1753],[-72.3316,-39.1784],[-72.3286,-39.1799],[-72.3325,-39.1837],[-72.3335,-39.1892],[-72.3303,-39.191],[-72.3287,-39.1884],[-72.3259,-39.1911],[-72.3288,-39.1943],[-72.3295,-39.1994],[-72.3183,-39.212],[-72.3199,-39.2139],[-72.3192,-39.2167],[-72.3215,-39.2179],[-72.3194,-39.2185],[-72.32,-39.222],[-72.3149,-39.2259],[-72.3176,-39.2264],[-72.3165,-39.2293],[-72.3151,-39.2294],[-72.3136,-39.2263],[-72.3105,-39.2279],[-72.3165,-39.2325],[-72.3152,-39.235],[-72.3163,-39.2373],[-72.3199,-39.2381],[-72.3202,-39.2358],[-72.409,-39.2147],[-72.4027,-39.1971],[-72.4553,-39.1837],[-72.4491,-39.1675],[-72.4793,-39.161],[-72.4711,-39.1418],[-72.5112,-39.1329],[-72.5049,-39.1163],[-72.5964,-39.0946],[-72.5902,-39.0788],[-72.6227,-39.0721],[-72.6224,-39.0696],[-72.6319,-39.0669],[-72.7045,-39.0505],[-72.7017,-39.0429],[-72.7084,-39.0412],[-72.7123,-39.0522],[-72.7144,-39.0467],[-72.7189,-39.0426],[-72.7264,-39.0418],[-72.7284,-39.0442],[-72.7311,-39.0441],[-72.7294,-39.0396],[-72.7236,-39.0384],[-72.727,-39.0366],[-72.7322,-39.0385],[-72.7359,-39.0377],[-72.7358,-39.0365],[-72.7294,-39.0344],[-72.7299,-39.0323],[-72.7342,-39.0315],[-72.7388,-39.0339],[-72.7394,-39.0314],[-72.7413,-39.0308],[-72.7446,-39.0327],[-72.7425,-39.0357],[-72.75,-39.0357],[-72.7511,-39.0385],[-72.7526,-39.0383],[-72.752,-39.036],[-72.7534,-39.0349],[-72.7806,-39.1023],[-72.7914,-39.0994],[-72.7927,-39.104],[-72.8158,-39.0992],[-72.8222,-39.115],[-72.8223,-39.1218],[-72.8265,-39.1324],[-72.8254,-39.1406],[-72.8274,-39.1431],[-72.8266,-39.1462],[-72.8282,-39.1483],[-72.851,-39.1403],[-72.8566,-39.1362],[-72.8658,-39.1345],[-72.8743,-39.138],[-72.88,-39.1363],[-72.8893,-39.1391],[-72.8933,-39.1373],[-72.9109,-39.1416],[-72.9276,-39.1427],[-72.9315,-39.1465],[-72.9342,-39.1475],[-72.9387,-39.1464],[-72.9426,-39.1498],[-72.9631,-39.1396],[-72.967,-39.1384],[-72.97,-39.1394],[-72.9754,-39.1266],[-72.9752,-39.1233],[-72.9779,-39.1228],[-72.9796,-39.1166],[-72.9877,-39.1099],[-72.9843,-39.1033],[-72.9851,-39.0995],[-72.9837,-39.0967],[-72.9856,-39.0946],[-72.9839,-39.0921],[-72.9858,-39.0871],[-72.9846,-39.0807],[-72.987,-39.078],[-72.9872,-39.0746],[-72.9862,-39.0729],[-72.9835,-39.0728],[-72.9842,-39.0714],[-72.982,-39.0706],[-72.9802,-39.0663],[-72.9786,-39.0668],[-72.9799,-39.0648],[-72.9775,-39.0546],[-72.9785,-39.0525],[-72.982,-39.0526],[-72.9846,-39.0468],[-72.9835,-39.0436],[-72.9849,-39.042],[-72.9812,-39.042],[-72.9798,-39.0343],[-72.9771,-39.0347],[-72.9761,-39.0324],[-72.9768,-39.0301],[-72.9772,-39.0321],[-72.979,-39.0313],[-72.9793,-39.0246],[-72.9873,-39.0268],[-72.9917,-39.0256],[-72.9935,-39.0216],[-72.9969,-39.0202],[-72.9861,-39.0204],[-72.98,-39.0143],[-72.9726,-39.0116],[-72.9676,-39.0125],[-72.9657,-39.0156],[-72.9613,-39.0162],[-72.961,-39.0188],[-72.9477,-39.0213],[-72.9383,-39.0209],[-72.9311,-39.025],[-72.9148,-39.0221]]]]}},{"type":"Feature","properties":{"comunaId":"CHL.3.1.15_1","nombre":"Pucón","provincia":"Cautín","regionGadm":"Araucanía","centerLat":-39.2716,"centerLon":-71.7315},"geometry":{"type":"MultiPolygon","coordinates":[[[[-71.9102,-39.1607],[-71.9097,-39.1708],[-71.8978,-39.1826],[-71.8914,-39.1858],[-71.8737,-39.1822],[-71.8711,-39.1805],[-71.8704,-39.1734],[-71.8676,-39.1684],[-71.8682,-39.1615],[-71.8639,-39.157],[-71.8627,-39.1522],[-71.8557,-39.1475],[-71.8501,-39.1462],[-71.8433,-39.1497],[-71.8201,-39.15],[-71.8168,-39.1472],[-71.816,-39.1432],[-71.8112,-39.1368],[-71.8174,-39.1268],[-71.8092,-39.1245],[-71.803,-39.1269],[-71.7967,-39.1263],[-71.7425,-39.1],[-71.7377,-39.1012],[-71.7303,-39.1087],[-71.7222,-39.1093],[-71.7147,-39.1123],[-71.6974,-39.1129],[-71.6886,-39.1162],[-71.681,-39.1167],[-71.6727,-39.1237],[-71.6642,-39.1273],[-71.6579,-39.1252],[-71.6456,-39.1157],[-71.6241,-39.112],[-71.6183,-39.1101],[-71.6157,-39.1069],[-71.619,-39.1053],[-71.6191,-39.102],[-71.6233,-39.0998],[-71.6279,-39.091],[-71.6288,-39.0841],[-71.6322,-39.0801],[-71.6241,-39.0774],[-71.6169,-39.0788],[-71.5948,-39.0777],[-71.5645,-39.0666],[-71.5533,-39.0661],[-71.5386,-39.0702],[-71.5342,-39.0674],[-71.527,-39.0709],[-71.5213,-39.0763],[-71.5207,-39.0809],[-71.5242,-39.0891],[-71.5236,-39.0946],[-71.521,-39.0966],[-71.5205,-39.0991],[-71.5292,-39.1107],[-71.5289,-39.114],[-71.5247,-39.1179],[-71.5278,-39.124],[-71.5358,-39.1293],[-71.5348,-39.1381],[-71.5434,-39.1442],[-71.5425,-39.1523],[-71.5472,-39.1607],[-71.5423,-39.1644],[-71.5405,-39.1681],[-71.5323,-39.1726],[-71.5303,-39.1786],[-71.5245,-39.1845],[-71.52,-39.184],[-71.5152,-39.1793],[-71.5095,-39.1794],[-71.5073,-39.183],[-71.5034,-39.1852],[-71.5064,-39.1944],[-71.5018,-39.1961],[-71.5152,-39.2038],[-71.5163,-39.2091],[-71.5139,-39.211],[-71.5136,-39.2134],[-71.5174,-39.2263],[-71.52,-39.2294],[-71.53,-39.2312],[-71.5373,-39.2291],[-71.5492,-39.2363],[-71.5546,-39.2377],[-71.5604,-39.2426],[-71.5744,-39.2398],[-71.5879,-39.2411],[-71.5988,-39.2461],[-71.607,-39.2446],[-71.6125,-39.2489],[-71.6201,-39.2479],[-71.6196,-39.2581],[-71.6233,-39.2582],[-71.6309,-39.2636],[-71.6344,-39.2632],[-71.6379,-39.2602],[-71.6397,-39.2606],[-71.646,-39.2723],[-71.6424,-39.2751],[-71.6396,-39.2813],[-71.631,-39.2845],[-71.6276,-39.2879],[-71.6262,-39.2939],[-71.63,-39.3102],[-71.6289,-39.3128],[-71.6252,-39.3151],[-71.6164,-39.3177],[-71.6172,-39.3206],[-71.615,-39.3281],[-71.6166,-39.329],[-71.6168,-39.3275],[-71.6189,-39.3272],[-71.6252,-39.3349],[-71.6258,-39.3384],[-71.6356,-39.3463],[-71.6365,-39.3491],[-71.6335,-39.3504],[-71.6536,-39.3568],[-71.6565,-39.3555],[-71.6583,-39.3522],[-71.6612,-39.3559],[-71.6863,-39.3508],[-71.6931,-39.3514],[-71.6976,-39.3487],[-71.7048,-39.3472],[-71.7049,-39.3458],[-71.7017,-39.3445],[-71.7064,-39.3427],[-71.7171,-39.3457],[-71.7313,-39.3436],[-71.7314,-39.3404],[-71.7261,-39.3394],[-71.7332,-39.3363],[-71.7408,-39.3371],[-71.7446,-39.3344],[-71.7442,-39.3372],[-71.7418,-39.3378],[-71.7426,-39.3392],[-71.7408,-39.3398],[-71.7395,-39.3432],[-71.7351,-39.3424],[-71.7358,-39.3438],[-71.731,-39.3458],[-71.7286,-39.3494],[-71.7293,-39.3519],[-71.7217,-39.3565],[-71.7232,-39.357],[-71.7228,-39.3595],[-71.7158,-39.3632],[-71.7156,-39.3655],[-71.7179,-39.3669],[-71.7425,-39.3678],[-71.746,-39.3752],[-71.7428,-39.3837],[-71.7439,-39.3903],[-71.7427,-39.393],[-71.7299,-39.3967],[-71.7319,-39.4036],[-71.7378,-39.4074],[-71.7389,-39.4126],[-71.73,-39.4149],[-71.7302,-39.4195],[-71.7283,-39.4212],[-71.727,-39.4273],[-71.7182,-39.4367],[-71.7144,-39.4387],[-71.7141,-39.4447],[-71.7103,-39.4531],[-71.7137,-39.4585],[-71.7135,-39.4723],[-71.7178,-39.4769],[-71.7252,-39.4801],[-71.7258,-39.482],[-71.7235,-39.4884],[-71.7188,-39.4936],[-71.7231,-39.4963],[-71.738,-39.5003],[-71.7513,-39.5021],[-71.758,-39.508],[-71.7608,-39.5085],[-71.767,-39.5031],[-71.783,-39.4994],[-71.7943,-39.4901],[-71.811,-39.4896],[-71.8126,-39.486],[-71.8167,-39.4828],[-71.8173,-39.4776],[-71.8254,-39.4766],[-71.831,-39.4728],[-71.8422,-39.4698],[-71.8505,-39.4595],[-71.851,-39.4561],[-71.8588,-39.4433],[-71.8584,-39.4376],[-71.8614,-39.4352],[-71.8678,-39.434],[-71.8767,-39.4351],[-71.8879,-39.4294],[-71.9043,-39.4279],[-71.9225,-39.4211],[-71.9393,-39.4202],[-71.9864,-39.413],[-71.9854,-39.3877],[-71.9962,-39.3821],[-72.0055,-39.3719],[-72.0119,-39.3526],[-72.0193,-39.3486],[-72.0259,-39.3428],[-72.0268,-39.3401],[-72.0486,-39.3338],[-72.0541,-39.3294],[-72.0593,-39.3291],[-72.0653,-39.3245],[-72.0688,-39.3183],[-72.0682,-39.3034],[-72.0652,-39.2887],[-72.0465,-39.2161],[-72.0482,-39.2114],[-72.0459,-39.2079],[-72.0428,-39.2057],[-72.0257,-39.204],[-72.0203,-39.2014],[-72.0025,-39.1991],[-71.9971,-39.201],[-71.9716,-39.1972],[-71.9658,-39.1935],[-71.9697,-39.1892],[-71.9711,-39.1844],[-71.969,-39.1797],[-71.9426,-39.1771],[-71.9383,-39.169],[-71.933,-39.1648],[-71.9288,-39.1583],[-71.9221,-39.1587],[-71.9139,-39.1618],[-71.9102,-39.1607]]]]}},{"type":"Feature","properties":{"comunaId":"CHL.3.1.16_1","nombre":"Saavedra","provincia":"Cautín","regionGadm":"Araucanía","centerLat":-38.8319,"centerLon":-73.2726},"geometry":{"type":"MultiPolygon","coordinates":[[[[-73.4278,-38.7631],[-73.4208,-38.7517],[-73.4149,-38.749],[-73.4012,-38.7478],[-73.3818,-38.754],[-73.3682,-38.7534],[-73.3617,-38.7516],[-73.3557,-38.7442],[-73.3526,-38.7343],[-73.3534,-38.7262],[-73.358,-38.7121],[-73.358,-38.7056],[-73.3552,-38.7015],[-73.3478,-38.697],[-73.3129,-38.6947],[-73.2971,-38.6979],[-73.2793,-38.699],[-73.2707,-38.702],[-73.2685,-38.7046],[-73.2692,-38.7111],[-73.2669,-38.7154],[-73.2544,-38.7226],[-73.2435,-38.7224],[-73.2428,-38.7256],[-73.2438,-38.7318],[-73.2537,-38.7513],[-73.2553,-38.7608],[-73.2631,-38.7819],[-73.2607,-38.7816],[-73.2572,-38.7842],[-73.2529,-38.784],[-73.2488,-38.7864],[-73.2482,-38.79],[-73.2452,-38.7916],[-73.2469,-38.7939],[-73.2461,-38.7991],[-73.2275,-38.7974],[-73.2218,-38.8002],[-73.2253,-38.8108],[-73.2097,-38.814],[-73.2083,-38.8125],[-73.1994,-38.8139],[-73.1931,-38.8156],[-73.1914,-38.8181],[-73.1723,-38.8225],[-73.1781,-38.8282],[-73.175,-38.831],[-73.1783,-38.8355],[-73.1727,-38.838],[-73.1774,-38.8535],[-73.1912,-38.8567],[-73.1948,-38.859],[-73.1921,-38.865],[-73.1858,-38.8697],[-73.1858,-38.8754],[-73.1834,-38.8813],[-73.1863,-38.8891],[-73.1859,-38.8905],[-73.1824,-38.8902],[-73.1852,-38.8974],[-73.1841,-38.9045],[-73.1863,-38.9093],[-73.185,-38.9144],[-73.1862,-38.9214],[-73.1821,-38.9318],[-73.1829,-38.9348],[-73.1882,-38.9372],[-73.1975,-38.9492],[-73.2092,-38.9591],[-73.2187,-38.9614],[-73.2236,-38.9597],[-73.2337,-38.9523],[-73.2388,-38.9525],[-73.2493,-38.9489],[-73.2588,-38.9376],[-73.2668,-38.9373],[-73.2841,-38.929],[-73.2895,-38.9284],[-73.2941,-38.9319],[-73.2978,-38.938],[-73.3069,-38.9444],[-73.3089,-38.9482],[-73.315,-38.9511],[-73.3217,-38.9506],[-73.3278,-38.9532],[-73.3292,-38.9586],[-73.3247,-38.9664],[-73.3304,-38.9665],[-73.3697,-38.8854],[-73.3772,-38.8743],[-73.3781,-38.8689],[-73.3948,-38.8293],[-73.4119,-38.7934],[-73.4114,-38.7895],[-73.4076,-38.7891],[-73.4079,-38.7872],[-73.4167,-38.7815],[-73.4278,-38.7631]]]]}},{"type":"Feature","properties":{"comunaId":"CHL.3.1.17_1","nombre":"Temuco","provincia":"Cautín","regionGadm":"Araucanía","centerLat":-38.6659,"centerLon":-72.6719},"geometry":{"type":"MultiPolygon","coordinates":[[[[-72.8156,-38.7145],[-72.8111,-38.7135],[-72.8083,-38.7106],[-72.7997,-38.7085],[-72.7933,-38.7003],[-72.7917,-38.6907],[-72.788,-38.6865],[-72.7885,-38.6838],[-72.7789,-38.678],[-72.7782,-38.6749],[-72.7752,-38.6756],[-72.7714,-38.6727],[-72.77,-38.6685],[-72.7626,-38.6614],[-72.7635,-38.6534],[-72.7567,-38.6539],[-72.7592,-38.6414],[-72.769,-38.6322],[-72.7674,-38.6285],[-72.7682,-38.6201],[-72.7646,-38.6146],[-72.7629,-38.6079],[-72.7611,-38.6065],[-72.762,-38.5999],[-72.7579,-38.5963],[-72.7587,-38.5932],[-72.7641,-38.5894],[-72.764,-38.5857],[-72.7658,-38.5839],[-72.7617,-38.58],[-72.7625,-38.5842],[-72.7556,-38.5802],[-72.7533,-38.5821],[-72.749,-38.5762],[-72.748,-38.5697],[-72.7408,-38.5643],[-72.7283,-38.5674],[-72.7158,-38.5657],[-72.7122,-38.5607],[-72.7125,-38.5579],[-72.7083,-38.5492],[-72.705,-38.5511],[-72.6954,-38.5496],[-72.6905,-38.5532],[-72.6851,-38.5499],[-72.6819,-38.5524],[-72.6772,-38.5512],[-72.6736,-38.5527],[-72.6677,-38.5503],[-72.6633,-38.5502],[-72.6601,-38.5526],[-72.6411,-38.5514],[-72.635,-38.5545],[-72.6298,-38.5552],[-72.6196,-38.5642],[-72.6134,-38.5735],[-72.607,-38.5759],[-72.6039,-38.579],[-72.5962,-38.5792],[-72.5897,-38.5818],[-72.5892,-38.5847],[-72.5921,-38.5904],[-72.5867,-38.5989],[-72.5871,-38.6056],[-72.59,-38.6114],[-72.5869,-38.6138],[-72.5864,-38.6179],[-72.5784,-38.6209],[-72.5779,-38.6236],[-72.5799,-38.6263],[-72.577,-38.6307],[-72.5725,-38.6332],[-72.5702,-38.6369],[-72.5627,-38.639],[-72.5621,-38.6404],[-72.5478,-38.6428],[-72.5418,-38.6408],[-72.5329,-38.6326],[-72.5295,-38.6341],[-72.5272,-38.6404],[-72.5237,-38.6427],[-72.5248,-38.646],[-72.5218,-38.6496],[-72.5182,-38.6476],[-72.5149,-38.6401],[-72.5079,-38.6349],[-72.4694,-38.6451],[-72.4849,-38.6629],[-72.5122,-38.674],[-72.5195,-38.6788],[-72.5116,-38.6806],[-72.5136,-38.6837],[-72.5105,-38.686],[-72.5117,-38.69],[-72.5177,-38.6981],[-72.5227,-38.6998],[-72.5262,-38.7033],[-72.5394,-38.7103],[-72.541,-38.717],[-72.5439,-38.7194],[-72.5475,-38.7198],[-72.5496,-38.7227],[-72.5505,-38.7266],[-72.5491,-38.7306],[-72.5503,-38.7324],[-72.5673,-38.7392],[-72.5787,-38.7481],[-72.5907,-38.7504],[-72.6047,-38.7581],[-72.612,-38.7582],[-72.6183,-38.7624],[-72.6339,-38.762],[-72.6501,-38.7646],[-72.658,-38.76],[-72.6638,-38.7587],[-72.6682,-38.7615],[-72.6685,-38.7678],[-72.6815,-38.7746],[-72.6901,-38.7659],[-72.6977,-38.7677],[-72.7006,-38.7655],[-72.7095,-38.7673],[-72.7186,-38.7649],[-72.7221,-38.7664],[-72.7223,-38.7719],[-72.7256,-38.7759],[-72.7325,-38.7745],[-72.7474,-38.7774],[-72.7539,-38.7753],[-72.7695,-38.7799],[-72.7811,-38.7801],[-72.7868,-38.7787],[-72.79,-38.7822],[-72.7972,-38.7812],[-72.8051,-38.7773],[-72.8124,-38.7823],[-72.8198,-38.7768],[-72.8248,-38.7782],[-72.8201,-38.7669],[-72.8176,-38.754],[-72.8122,-38.7418],[-72.8186,-38.7387],[-72.8182,-38.734],[-72.8145,-38.7294],[-72.8131,-38.7245],[-72.814,-38.7166],[-72.8156,-38.7145]]]]}},{"type":"Feature","properties":{"comunaId":"CHL.3.1.18_1","nombre":"TeodoroSchmidt","provincia":"Cautín","regionGadm":"Araucanía","centerLat":-39.0002,"centerLon":-73.1215},"geometry":{"type":"MultiPolygon","coordinates":[[[[-73.1846,-38.901],[-73.1771,-38.8947],[-73.1684,-38.9013],[-73.1549,-38.8948],[-73.1469,-38.897],[-73.1461,-38.8948],[-73.1365,-38.8967],[-73.134,-38.8924],[-73.1318,-38.8919],[-73.1128,-38.896],[-73.1087,-38.8996],[-73.0979,-38.9026],[-73.0765,-38.8953],[-73.0738,-38.8928],[-73.067,-38.8915],[-73.0561,-38.8963],[-73.0487,-38.8966],[-73.0409,-38.8998],[-73.0347,-38.9124],[-73.0319,-38.9103],[-73.0294,-38.9129],[-73.0214,-38.9073],[-73.0184,-38.897],[-73.0031,-38.8998],[-73.0026,-38.8982],[-72.998,-38.8989],[-72.9939,-38.8947],[-72.9602,-38.902],[-72.9605,-38.9],[-72.9569,-38.8964],[-72.9571,-38.893],[-72.9552,-38.8929],[-72.9533,-38.8944],[-72.9359,-38.8975],[-72.9344,-38.9028],[-72.9293,-38.8995],[-72.9208,-38.8992],[-72.9161,-38.8955],[-72.9041,-38.8925],[-72.8988,-38.8934],[-72.8888,-38.889],[-72.8785,-38.8918],[-72.8808,-38.9029],[-72.8727,-38.9133],[-72.9148,-39.0221],[-72.9311,-39.025],[-72.9383,-39.0209],[-72.9477,-39.0213],[-72.961,-39.0188],[-72.9613,-39.0162],[-72.9657,-39.0156],[-72.9676,-39.0125],[-72.9726,-39.0116],[-72.98,-39.0143],[-72.9861,-39.0204],[-73.001,-39.0196],[-73.0144,-39.0224],[-73.021,-39.02],[-73.0341,-39.0192],[-73.0444,-39.0214],[-73.0691,-39.0133],[-73.0741,-39.0089],[-73.0845,-39.0146],[-73.0938,-39.0228],[-73.1035,-39.0262],[-73.1026,-39.0288],[-73.1083,-39.0333],[-73.1102,-39.0411],[-73.122,-39.0431],[-73.1234,-39.0472],[-73.1203,-39.0573],[-73.1294,-39.0625],[-73.1389,-39.0714],[-73.1421,-39.0829],[-73.1486,-39.0863],[-73.1602,-39.0881],[-73.1644,-39.0902],[-73.1704,-39.0986],[-73.1773,-39.1032],[-73.1853,-39.1165],[-73.1827,-39.1257],[-73.1679,-39.1378],[-73.1614,-39.1486],[-73.1687,-39.1572],[-73.1672,-39.1643],[-73.1774,-39.1802],[-73.1801,-39.188],[-73.1817,-39.1892],[-73.2055,-39.1903],[-73.2098,-39.1945],[-73.2127,-39.2044],[-73.2258,-39.2034],[-73.2312,-39.2053],[-73.2332,-39.2078],[-73.2325,-39.2146],[-73.2156,-39.2328],[-73.216,-39.238],[-73.2232,-39.248],[-73.2252,-39.256],[-73.2416,-39.2145],[-73.2526,-39.1736],[-73.2578,-39.1601],[-73.267,-39.1427],[-73.2755,-39.1089],[-73.2821,-39.0909],[-73.2828,-39.0841],[-73.3132,-39.0094],[-73.3198,-38.9902],[-73.3192,-38.9879],[-73.3304,-38.9665],[-73.3247,-38.9664],[-73.3292,-38.9586],[-73.3278,-38.9532],[-73.3217,-38.9506],[-73.315,-38.9511],[-73.3099,-38.9488],[-73.3047,-38.9423],[-73.2978,-38.938],[-73.2923,-38.9299],[-73.2881,-38.9282],[-73.2668,-38.9373],[-73.2586,-38.9377],[-73.2493,-38.9489],[-73.2388,-38.9525],[-73.2337,-38.9523],[-73.2211,-38.9608],[-73.2176,-38.9614],[-73.2092,-38.9591],[-73.1975,-38.9492],[-73.1882,-38.9372],[-73.1824,-38.9339],[-73.1862,-38.9214],[-73.185,-38.9144],[-73.1863,-38.9089],[-73.1841,-38.9045],[-73.1846,-38.901]]]]}},{"type":"Feature","properties":{"comunaId":"CHL.3.1.19_1","nombre":"Toltén","provincia":"Cautín","regionGadm":"Araucanía","centerLat":-39.218,"centerLon":-73.0688},"geometry":{"type":"MultiPolygon","coordinates":[[[[-72.9287,-39.144],[-72.9231,-39.146],[-72.9146,-39.1553],[-72.9108,-39.1629],[-72.8943,-39.1707],[-72.8894,-39.175],[-72.8869,-39.183],[-72.8771,-39.1885],[-72.8766,-39.192],[-72.8825,-39.1971],[-72.887,-39.2061],[-72.8783,-39.2123],[-72.8682,-39.214],[-72.8642,-39.2166],[-72.8635,-39.2242],[-72.8615,-39.2278],[-72.8611,-39.24],[-72.8545,-39.247],[-72.852,-39.2601],[-72.8587,-39.2636],[-72.8577,-39.2675],[-72.8643,-39.2765],[-72.8643,-39.2846],[-72.8668,-39.2878],[-72.8955,-39.2879],[-72.908,-39.2894],[-72.9197,-39.3022],[-72.9461,-39.3173],[-72.9565,-39.3163],[-72.9599,-39.3144],[-72.9623,-39.3102],[-72.9694,-39.3079],[-72.9779,-39.3005],[-72.9838,-39.2986],[-72.9905,-39.2998],[-73.0057,-39.2917],[-73.0099,-39.2928],[-73.0117,-39.297],[-73.0182,-39.2986],[-73.0235,-39.298],[-73.0283,-39.3056],[-73.0279,-39.3095],[-73.0312,-39.3117],[-73.0314,-39.3162],[-73.028,-39.3202],[-73.0277,-39.3242],[-73.0331,-39.33],[-73.0323,-39.3329],[-73.0337,-39.3371],[-73.0464,-39.3374],[-73.0628,-39.3579],[-73.0715,-39.3608],[-73.0742,-39.3655],[-73.0737,-39.3678],[-73.0771,-39.3717],[-73.0766,-39.3739],[-73.0803,-39.3768],[-73.0827,-39.3833],[-73.0859,-39.3844],[-73.0864,-39.3887],[-73.0996,-39.3947],[-73.1329,-39.3933],[-73.1365,-39.3957],[-73.1403,-39.4041],[-73.1447,-39.4072],[-73.1453,-39.4098],[-73.16,-39.4159],[-73.1712,-39.4179],[-73.1794,-39.4108],[-73.1859,-39.4131],[-73.1943,-39.411],[-73.2018,-39.4131],[-73.2067,-39.4101],[-73.2137,-39.4025],[-73.2224,-39.3985],[-73.2262,-39.3932],[-73.2312,-39.3911],[-73.2427,-39.3903],[-73.2411,-39.3901],[-73.2422,-39.3883],[-73.2405,-39.3864],[-73.2384,-39.3872],[-73.2383,-39.3842],[-73.2337,-39.3828],[-73.2328,-39.3839],[-73.234,-39.3856],[-73.2322,-39.3883],[-73.2221,-39.3941],[-73.2214,-39.3918],[-73.2087,-39.3826],[-73.2045,-39.3757],[-73.2039,-39.3701],[-73.207,-39.3537],[-73.213,-39.3381],[-73.2153,-39.3357],[-73.2146,-39.3341],[-73.2207,-39.3179],[-73.2247,-39.3133],[-73.2269,-39.3137],[-73.2287,-39.3119],[-73.2287,-39.308],[-73.2324,-39.3065],[-73.2289,-39.3036],[-73.2297,-39.3021],[-73.2281,-39.2993],[-73.2219,-39.2942],[-73.2223,-39.2832],[-73.226,-39.2636],[-73.2241,-39.2615],[-73.2252,-39.256],[-73.2232,-39.248],[-73.216,-39.238],[-73.2156,-39.2328],[-73.2325,-39.2146],[-73.2332,-39.2078],[-73.2312,-39.2053],[-73.2258,-39.2034],[-73.2127,-39.2044],[-73.2098,-39.1945],[-73.2055,-39.1903],[-73.1817,-39.1892],[-73.1801,-39.188],[-73.1774,-39.1802],[-73.1672,-39.1643],[-73.1687,-39.1572],[-73.1614,-39.1486],[-73.1679,-39.1378],[-73.1827,-39.1257],[-73.1853,-39.1188],[-73.1844,-39.1147],[-73.1773,-39.1032],[-73.1704,-39.0986],[-73.1644,-39.0902],[-73.1602,-39.0881],[-73.1486,-39.0863],[-73.1421,-39.0829],[-73.1389,-39.0714],[-73.1294,-39.0625],[-73.1203,-39.0573],[-73.1234,-39.0472],[-73.1228,-39.044],[-73.121,-39.0423],[-73.1102,-39.0411],[-73.1083,-39.0333],[-73.1026,-39.0288],[-73.1035,-39.0262],[-73.0938,-39.0228],[-73.0845,-39.0146],[-73.0732,-39.0088],[-73.0701,-39.0129],[-73.0444,-39.0214],[-73.0327,-39.0193],[-73.021,-39.02],[-73.0144,-39.0224],[-73.0004,-39.0196],[-72.9946,-39.0208],[-72.9929,-39.0246],[-72.9873,-39.0268],[-72.9793,-39.0246],[-72.979,-39.0313],[-72.9772,-39.0321],[-72.9768,-39.0301],[-72.9763,-39.0332],[-72.9775,-39.0348],[-72.9798,-39.0343],[-72.9812,-39.042],[-72.9849,-39.042],[-72.9835,-39.0436],[-72.9846,-39.0468],[-72.982,-39.0526],[-72.9777,-39.0534],[-72.9799,-39.0648],[-72.9785,-39.0666],[-72.9802,-39.0663],[-72.982,-39.0706],[-72.9842,-39.0714],[-72.9835,-39.0728],[-72.9862,-39.0729],[-72.9872,-39.0746],[-72.987,-39.078],[-72.9846,-39.0807],[-72.9858,-39.0871],[-72.9839,-39.0921],[-72.9856,-39.0946],[-72.9837,-39.0967],[-72.9851,-39.0995],[-72.9843,-39.1033],[-72.9877,-39.1099],[-72.9796,-39.1166],[-72.9779,-39.1228],[-72.9752,-39.1233],[-72.9754,-39.1266],[-72.97,-39.1394],[-72.967,-39.1384],[-72.9631,-39.1396],[-72.9426,-39.1498],[-72.9393,-39.1466],[-72.9342,-39.1475],[-72.9287,-39.144]]]]}},{"type":"Feature","properties":{"comunaId":"CHL.3.1.20_1","nombre":"Vilcún","provincia":"Cautín","regionGadm":"Araucanía","centerLat":-38.7198,"centerLon":-72.1774},"geometry":{"type":"MultiPolygon","coordinates":[[[[-71.7587,-38.7259],[-71.7796,-38.728],[-71.7929,-38.736],[-71.7941,-38.7394],[-71.8083,-38.7507],[-71.8096,-38.7586],[-71.8175,-38.7635],[-71.8272,-38.7739],[-71.8292,-38.7804],[-71.8461,-38.7745],[-71.8507,-38.7742],[-71.8631,-38.7781],[-71.8709,-38.7783],[-71.8744,-38.7817],[-71.8754,-38.7851],[-71.8825,-38.7836],[-71.8874,-38.7847],[-71.8914,-38.79],[-71.8841,-38.7987],[-71.8844,-38.8051],[-71.8815,-38.8079],[-71.8775,-38.8168],[-71.8777,-38.8199],[-71.8811,-38.8239],[-71.8882,-38.8165],[-71.8931,-38.8173],[-71.8954,-38.8132],[-71.9006,-38.8131],[-71.9026,-38.8147],[-71.9085,-38.8117],[-71.9154,-38.8109],[-71.9153,-38.8083],[-71.9187,-38.8065],[-71.9235,-38.8069],[-71.9344,-38.7999],[-71.9496,-38.7964],[-71.9522,-38.7981],[-71.9688,-38.7967],[-71.9934,-38.8058],[-72.0045,-38.8068],[-72.0074,-38.8087],[-72.0116,-38.8066],[-72.0214,-38.8082],[-72.0262,-38.8112],[-72.0306,-38.8116],[-72.0344,-38.8155],[-72.039,-38.8163],[-72.0393,-38.8183],[-72.0484,-38.8232],[-72.0544,-38.8245],[-72.0579,-38.8272],[-72.067,-38.827],[-72.0704,-38.8294],[-72.079,-38.8281],[-72.0806,-38.8267],[-72.087,-38.8273],[-72.0866,-38.8247],[-72.0888,-38.8232],[-72.0938,-38.8231],[-72.0939,-38.821],[-72.099,-38.8228],[-72.1012,-38.8216],[-72.1014,-38.8237],[-72.1088,-38.8245],[-72.1114,-38.823],[-72.1218,-38.8233],[-72.1298,-38.8222],[-72.1299,-38.8209],[-72.1367,-38.821],[-72.1359,-38.8197],[-72.1404,-38.8164],[-72.1438,-38.815],[-72.1494,-38.8158],[-72.1522,-38.8118],[-72.1562,-38.8093],[-72.1638,-38.8083],[-72.1646,-38.8057],[-72.1739,-38.8045],[-72.1766,-38.806],[-72.1785,-38.8037],[-72.1792,-38.8055],[-72.182,-38.8051],[-72.186,-38.8086],[-72.1925,-38.8086],[-72.1946,-38.8059],[-72.1993,-38.8089],[-72.2052,-38.8099],[-72.2128,-38.8081],[-72.2164,-38.8092],[-72.2191,-38.8073],[-72.2223,-38.8094],[-72.2263,-38.8077],[-72.2268,-38.8109],[-72.2281,-38.8101],[-72.2294,-38.8129],[-72.2334,-38.8151],[-72.2417,-38.8144],[-72.2376,-38.8159],[-72.2413,-38.8204],[-72.2489,-38.821],[-72.2473,-38.8226],[-72.2477,-38.8256],[-72.2522,-38.8241],[-72.2565,-38.8276],[-72.2561,-38.8288],[-72.2599,-38.8287],[-72.2637,-38.8328],[-72.2671,-38.8291],[-72.2696,-38.8293],[-72.2713,-38.8318],[-72.2727,-38.8311],[-72.272,-38.8298],[-72.2749,-38.8294],[-72.2749,-38.8312],[-72.2777,-38.8299],[-72.2792,-38.8324],[-72.2833,-38.8328],[-72.2823,-38.8344],[-72.2873,-38.8334],[-72.2875,-38.8356],[-72.2929,-38.8351],[-72.292,-38.8387],[-72.295,-38.8414],[-72.2997,-38.8395],[-72.3056,-38.8423],[-72.3148,-38.8414],[-72.3215,-38.8519],[-72.3264,-38.8502],[-72.3264,-38.8516],[-72.3228,-38.8531],[-72.3265,-38.8551],[-72.3351,-38.8537],[-72.3344,-38.8498],[-72.3496,-38.8506],[-72.3552,-38.8482],[-72.361,-38.8496],[-72.3695,-38.8485],[-72.3794,-38.8505],[-72.3808,-38.8495],[-72.3783,-38.8491],[-72.3774,-38.8473],[-72.3861,-38.8429],[-72.3898,-38.8464],[-72.3882,-38.8485],[-72.3905,-38.8495],[-72.4054,-38.8489],[-72.4057,-38.8515],[-72.4029,-38.8545],[-72.4005,-38.8547],[-72.4015,-38.8559],[-72.4121,-38.8556],[-72.4177,-38.8537],[-72.4292,-38.8462],[-72.4315,-38.8417],[-72.4343,-38.8423],[-72.4302,-38.8306],[-72.4336,-38.8299],[-72.43,-38.8196],[-72.4342,-38.8213],[-72.4379,-38.8205],[-72.4415,-38.8231],[-72.4441,-38.8209],[-72.4456,-38.8228],[-72.4522,-38.8206],[-72.4479,-38.8167],[-72.4439,-38.8175],[-72.4383,-38.8109],[-72.4339,-38.8126],[-72.4307,-38.8034],[-72.4267,-38.8007],[-72.4242,-38.8033],[-72.4226,-38.8025],[-72.421,-38.7987],[-72.4238,-38.7966],[-72.4154,-38.7937],[-72.4131,-38.7895],[-72.4134,-38.787],[-72.4198,-38.7863],[-72.4193,-38.781],[-72.4124,-38.7772],[-72.4174,-38.7742],[-72.4144,-38.7725],[-72.4153,-38.7685],[-72.4142,-38.7665],[-72.4025,-38.7614],[-72.4034,-38.7547],[-72.3948,-38.757],[-72.3864,-38.752],[-72.3826,-38.7463],[-72.3928,-38.7487],[-72.3934,-38.7477],[-72.3876,-38.7429],[-72.3792,-38.7396],[-72.3795,-38.738],[-72.4269,-38.7266],[-72.4258,-38.7241],[-72.4348,-38.7208],[-72.4471,-38.7208],[-72.457,-38.7241],[-72.46,-38.7235],[-72.4669,-38.7273],[-72.4688,-38.7261],[-72.4717,-38.7271],[-72.4671,-38.7142],[-72.4624,-38.7155],[-72.461,-38.7101],[-72.4591,-38.7105],[-72.4563,-38.7038],[-72.4491,-38.7044],[-72.4488,-38.7009],[-72.4564,-38.6985],[-72.4685,-38.6977],[-72.473,-38.6956],[-72.4774,-38.6908],[-72.4891,-38.6856],[-72.4933,-38.685],[-72.499,-38.6868],[-72.5131,-38.685],[-72.5135,-38.6831],[-72.5116,-38.6806],[-72.5195,-38.6788],[-72.5122,-38.674],[-72.4849,-38.6629],[-72.4694,-38.6451],[-72.4541,-38.6485],[-72.4608,-38.6653],[-72.4406,-38.6702],[-72.4325,-38.6588],[-72.4301,-38.658],[-72.4284,-38.6604],[-72.4197,-38.654],[-72.4188,-38.655],[-72.4086,-38.6529],[-72.4042,-38.6424],[-72.3965,-38.6373],[-72.3902,-38.6374],[-72.3774,-38.633],[-72.3698,-38.6329],[-72.3698,-38.6291],[-72.3661,-38.6255],[-72.3545,-38.625],[-72.3398,-38.6151],[-72.3321,-38.6129],[-72.3284,-38.6135],[-72.3249,-38.6102],[-72.3216,-38.6105],[-72.3158,-38.5943],[-72.3102,-38.5923],[-72.3067,-38.5818],[-72.3107,-38.5793],[-72.3085,-38.575],[-72.3099,-38.5738],[-72.3064,-38.5733],[-72.3063,-38.575],[-72.3019,-38.5746],[-72.2993,-38.5762],[-72.3015,-38.5709],[-72.2972,-38.5663],[-72.2883,-38.5685],[-72.2807,-38.5643],[-72.2688,-38.5627],[-72.2658,-38.565],[-72.2601,-38.5634],[-72.2613,-38.566],[-72.2584,-38.5667],[-72.2578,-38.5652],[-72.255,-38.565],[-72.2564,-38.5609],[-72.2534,-38.5576],[-72.2488,-38.5581],[-72.2501,-38.5602],[-72.2442,-38.5616],[-72.2423,-38.561],[-72.2423,-38.5579],[-72.2308,-38.5615],[-72.2268,-38.5578],[-72.2218,-38.5577],[-72.2186,-38.5618],[-72.212,-38.562],[-72.2015,-38.5667],[-72.1602,-38.5757],[-72.157,-38.5672],[-72.1352,-38.5722],[-72.136,-38.5743],[-72.1408,-38.5762],[-72.1463,-38.5816],[-72.1452,-38.5866],[-72.1489,-38.5897],[-72.1528,-38.5903],[-72.1606,-38.5872],[-72.1549,-38.591],[-72.1571,-38.5958],[-72.1459,-38.5969],[-72.1422,-38.5998],[-72.1331,-38.6001],[-72.1299,-38.6021],[-72.1288,-38.5986],[-72.125,-38.6001],[-72.1239,-38.5969],[-72.1191,-38.5974],[-72.1146,-38.5944],[-72.1111,-38.5952],[-72.1031,-38.5869],[-72.1007,-38.5915],[-72.0985,-38.5908],[-72.0944,-38.5938],[-72.0929,-38.5978],[-72.0859,-38.6003],[-72.0789,-38.5983],[-72.0699,-38.6023],[-72.0641,-38.6026],[-72.0576,-38.6022],[-72.0534,-38.5992],[-72.0489,-38.6017],[-72.0455,-38.5997],[-72.0433,-38.602],[-72.0394,-38.6006],[-72.0371,-38.6032],[-72.0327,-38.6027],[-72.0239,-38.6091],[-72.0169,-38.6097],[-72.0097,-38.6194],[-72.0059,-38.6207],[-72.0005,-38.6205],[-71.9891,-38.6156],[-71.9732,-38.6134],[-71.9678,-38.6105],[-71.9647,-38.6112],[-71.9641,-38.6095],[-71.9571,-38.6103],[-71.9475,-38.6067],[-71.9427,-38.6065],[-71.9396,-38.6084],[-71.9366,-38.6075],[-71.9344,-38.6091],[-71.9292,-38.6065],[-71.9239,-38.6079],[-71.9199,-38.6069],[-71.9186,-38.6082],[-71.9022,-38.605],[-71.8951,-38.6058],[-71.8861,-38.6021],[-71.8857,-38.5977],[-71.8782,-38.5882],[-71.8794,-38.5841],[-71.8745,-38.5782],[-71.8544,-38.5701],[-71.84,-38.5692],[-71.8385,-38.5706],[-71.8387,-38.5742],[-71.8345,-38.5768],[-71.8359,-38.5808],[-71.8346,-38.5839],[-71.8392,-38.5897],[-71.8393,-38.5944],[-71.8234,-38.5946],[-71.8184,-38.5969],[-71.8153,-38.6121],[-71.8131,-38.6158],[-71.8056,-38.62],[-71.799,-38.6203],[-71.7946,-38.6234],[-71.8,-38.6369],[-71.7683,-38.6379],[-71.7024,-38.6643],[-71.6821,-38.6684],[-71.6939,-38.6709],[-71.7041,-38.6767],[-71.7239,-38.6942],[-71.7306,-38.6969],[-71.7255,-38.7115],[-71.7289,-38.7231],[-71.7396,-38.7255],[-71.7587,-38.7259]]]]}},{"type":"Feature","properties":{"comunaId":"CHL.3.1.21_1","nombre":"Villarrica","provincia":"Cautín","regionGadm":"Araucanía","centerLat":-39.2858,"centerLon":-72.2287},"geometry":{"type":"MultiPolygon","coordinates":[[[[-72.3111,-39.0615],[-72.3097,-39.0711],[-72.3027,-39.0724],[-72.3021,-39.0746],[-72.2988,-39.0753],[-72.2916,-39.0825],[-72.2864,-39.083],[-72.2811,-39.0868],[-72.2777,-39.0899],[-72.2773,-39.093],[-72.2751,-39.0921],[-72.275,-39.0949],[-72.2722,-39.0966],[-72.2721,-39.1056],[-72.2706,-39.1084],[-72.2676,-39.1083],[-72.2671,-39.1113],[-72.2583,-39.1081],[-72.2527,-39.1082],[-72.2467,-39.1049],[-72.2448,-39.1021],[-72.2432,-39.103],[-72.2408,-39.0997],[-72.2328,-39.1005],[-72.2283,-39.1026],[-72.2237,-39.1009],[-72.2225,-39.0983],[-72.2148,-39.0965],[-72.2074,-39.0967],[-72.1944,-39.1036],[-72.1828,-39.1055],[-72.1646,-39.1002],[-72.1579,-39.1015],[-72.1566,-39.1001],[-72.1518,-39.1007],[-72.1458,-39.1039],[-72.1391,-39.1025],[-72.1305,-39.1048],[-72.1259,-39.1087],[-72.1106,-39.1116],[-72.108,-39.1143],[-72.1058,-39.114],[-72.0942,-39.1193],[-72.0919,-39.1223],[-72.0822,-39.127],[-72.0734,-39.1276],[-72.0676,-39.1243],[-72.0632,-39.1251],[-72.0575,-39.1277],[-72.0553,-39.1327],[-72.0446,-39.1416],[-72.0356,-39.1405],[-72.0077,-39.1319],[-71.9949,-39.1306],[-71.9891,-39.1268],[-71.9805,-39.1259],[-71.9785,-39.1215],[-71.9756,-39.1203],[-71.9621,-39.1203],[-71.9585,-39.1221],[-71.9507,-39.1332],[-71.9443,-39.1344],[-71.942,-39.1371],[-71.9371,-39.1375],[-71.9328,-39.1413],[-71.9251,-39.1415],[-71.9171,-39.148],[-71.9093,-39.1558],[-71.9102,-39.1607],[-71.9139,-39.1618],[-71.9221,-39.1587],[-71.9288,-39.1583],[-71.933,-39.1648],[-71.9383,-39.169],[-71.9426,-39.1771],[-71.969,-39.1797],[-71.9711,-39.1844],[-71.9697,-39.1892],[-71.9658,-39.1935],[-71.9706,-39.1969],[-71.9971,-39.201],[-72.0025,-39.1991],[-72.0203,-39.2014],[-72.0257,-39.204],[-72.0428,-39.2057],[-72.0459,-39.2079],[-72.0482,-39.2114],[-72.0465,-39.2161],[-72.0652,-39.2887],[-72.0694,-39.3159],[-72.0653,-39.3245],[-72.0593,-39.3291],[-72.0541,-39.3294],[-72.0486,-39.3338],[-72.0268,-39.3401],[-72.0259,-39.3428],[-72.0193,-39.3486],[-72.0119,-39.3526],[-72.0055,-39.3719],[-71.9962,-39.3821],[-71.9854,-39.3877],[-71.9864,-39.413],[-71.9393,-39.4202],[-71.9555,-39.4332],[-71.9583,-39.4374],[-71.9697,-39.4438],[-71.9767,-39.4454],[-72.0049,-39.4451],[-72.0102,-39.4466],[-72.0253,-39.4587],[-72.0374,-39.4648],[-72.0478,-39.4664],[-72.0611,-39.4756],[-72.0638,-39.4753],[-72.065,-39.478],[-72.0716,-39.4791],[-72.077,-39.4827],[-72.0847,-39.4921],[-72.0885,-39.4933],[-72.0893,-39.4966],[-72.1113,-39.505],[-72.1178,-39.5108],[-72.127,-39.5102],[-72.1469,-39.5209],[-72.1586,-39.5198],[-72.1851,-39.5211],[-72.1941,-39.5238],[-72.2075,-39.5306],[-72.2152,-39.5311],[-72.2313,-39.5236],[-72.259,-39.519],[-72.2703,-39.5112],[-72.2644,-39.5042],[-72.2591,-39.5006],[-72.2551,-39.5004],[-72.254,-39.4975],[-72.2583,-39.4915],[-72.2463,-39.486],[-72.243,-39.4859],[-72.2431,-39.483],[-72.2392,-39.4797],[-72.2367,-39.4712],[-72.2164,-39.4692],[-72.2186,-39.4675],[-72.2278,-39.4693],[-72.2408,-39.4659],[-72.2516,-39.4684],[-72.2535,-39.4726],[-72.2643,-39.4709],[-72.2715,-39.48],[-72.2758,-39.4819],[-72.2761,-39.4862],[-72.2788,-39.49],[-72.2837,-39.4894],[-72.2919,-39.4948],[-72.3011,-39.4973],[-72.3132,-39.491],[-72.3228,-39.4833],[-72.3317,-39.4825],[-72.3423,-39.4778],[-72.3436,-39.4761],[-72.3417,-39.4731],[-72.3426,-39.4694],[-72.3461,-39.4655],[-72.3547,-39.4606],[-72.3445,-39.4501],[-72.344,-39.4466],[-72.3453,-39.4466],[-72.346,-39.4413],[-72.3406,-39.4322],[-72.3413,-39.4224],[-72.3384,-39.4214],[-72.3471,-39.4214],[-72.3396,-39.3991],[-72.3425,-39.3962],[-72.346,-39.3968],[-72.3452,-39.3947],[-72.3663,-39.3931],[-72.3685,-39.3905],[-72.3668,-39.3884],[-72.3727,-39.3846],[-72.3763,-39.3861],[-72.3752,-39.3846],[-72.3769,-39.3767],[-72.3795,-39.3755],[-72.3797,-39.3735],[-72.3819,-39.3744],[-72.3827,-39.3721],[-72.3881,-39.3716],[-72.3887,-39.3739],[-72.391,-39.3742],[-72.3954,-39.3699],[-72.4096,-39.3722],[-72.4135,-39.3708],[-72.4136,-39.3678],[-72.4202,-39.3659],[-72.422,-39.3674],[-72.4279,-39.3671],[-72.4308,-39.3659],[-72.4314,-39.3638],[-72.4362,-39.3639],[-72.4368,-39.3627],[-72.4353,-39.3612],[-72.4322,-39.3622],[-72.4134,-39.361],[-72.4103,-39.3593],[-72.3956,-39.3597],[-72.3888,-39.3572],[-72.3858,-39.3504],[-72.3754,-39.3493],[-72.3741,-39.3512],[-72.3732,-39.3494],[-72.3646,-39.346],[-72.3635,-39.3428],[-72.3579,-39.3431],[-72.3509,-39.3367],[-72.3479,-39.3369],[-72.3502,-39.335],[-72.3502,-39.3323],[-72.3533,-39.3301],[-72.3504,-39.3228],[-72.3518,-39.314],[-72.3483,-39.3081],[-72.3501,-39.306],[-72.349,-39.3037],[-72.351,-39.3001],[-72.3633,-39.297],[-72.3674,-39.2933],[-72.3728,-39.2938],[-72.3739,-39.2897],[-72.3832,-39.2854],[-72.3843,-39.2828],[-72.3861,-39.2865],[-72.3881,-39.287],[-72.3905,-39.2811],[-72.3877,-39.2788],[-72.3893,-39.2772],[-72.388,-39.2766],[-72.3893,-39.2738],[-72.3925,-39.2729],[-72.3935,-39.2691],[-72.387,-39.2677],[-72.3802,-39.2685],[-72.3729,-39.2666],[-72.3676,-39.2632],[-72.3606,-39.2644],[-72.3469,-39.2292],[-72.3202,-39.2358],[-72.3199,-39.2381],[-72.3163,-39.2373],[-72.3152,-39.235],[-72.3165,-39.2325],[-72.3105,-39.2279],[-72.3136,-39.2263],[-72.3151,-39.2294],[-72.3165,-39.2293],[-72.3176,-39.2264],[-72.3149,-39.2259],[-72.32,-39.222],[-72.3194,-39.2185],[-72.3215,-39.2179],[-72.3192,-39.2167],[-72.3199,-39.2139],[-72.3183,-39.212],[-72.3295,-39.1994],[-72.3288,-39.1943],[-72.3259,-39.1911],[-72.3287,-39.1884],[-72.3303,-39.191],[-72.3335,-39.1892],[-72.3325,-39.1837],[-72.3286,-39.1799],[-72.3316,-39.1784],[-72.3332,-39.1753],[-72.3292,-39.1703],[-72.3353,-39.1569],[-72.3463,-39.1497],[-72.3388,-39.1476],[-72.3408,-39.1422],[-72.348,-39.1335],[-72.3527,-39.132],[-72.3563,-39.1215],[-72.3612,-39.1192],[-72.3694,-39.1196],[-72.3581,-39.0882],[-72.3321,-39.0941],[-72.3188,-39.0597],[-72.3111,-39.0615]]]]}},{"type":"Feature","properties":{"comunaId":"CHL.3.2.1_1","nombre":"Angol","provincia":"Malleco","regionGadm":"Araucanía","centerLat":-37.7886,"centerLon":-72.7708},"geometry":{"type":"MultiPolygon","coordinates":[[[[-72.4965,-37.8266],[-72.4921,-37.8287],[-72.4864,-37.8289],[-72.4824,-37.841],[-72.4907,-37.8468],[-72.5081,-37.8515],[-72.5178,-37.8568],[-72.5075,-37.8703],[-72.5142,-37.8781],[-72.5294,-37.8894],[-72.5172,-37.8921],[-72.5136,-37.8944],[-72.5279,-37.918],[-72.526,-37.9194],[-72.5229,-37.9174],[-72.5204,-37.9192],[-72.5166,-37.9191],[-72.5079,-37.9169],[-72.5047,-37.9197],[-72.507,-37.9213],[-72.5051,-37.9226],[-72.5058,-37.9255],[-72.5117,-37.9292],[-72.5148,-37.9347],[-72.522,-37.936],[-72.5338,-37.9325],[-72.5473,-37.9396],[-72.5579,-37.942],[-72.5511,-37.9467],[-72.5508,-37.9479],[-72.5545,-37.9486],[-72.555,-37.9509],[-72.5532,-37.9586],[-72.5451,-37.9667],[-72.5449,-37.9748],[-72.5411,-37.9859],[-72.5424,-37.9953],[-72.5464,-38.0027],[-72.5655,-38],[-72.5628,-38.0093],[-72.5631,-38.0163],[-72.5673,-38.0202],[-72.5707,-38.021],[-72.5707,-38.0234],[-72.5757,-38.022],[-72.5781,-38.0243],[-72.5788,-38.0207],[-72.5892,-38.0185],[-72.594,-38.0204],[-72.6001,-38.0196],[-72.6004,-38.0226],[-72.6032,-38.0211],[-72.6045,-38.0177],[-72.6018,-38.0125],[-72.6029,-38.0099],[-72.6014,-38.0078],[-72.606,-38.0027],[-72.606,-37.9985],[-72.6037,-37.9962],[-72.6097,-37.9915],[-72.6149,-37.9908],[-72.6193,-37.987],[-72.6202,-37.9825],[-72.6186,-37.9801],[-72.6232,-37.9776],[-72.6221,-37.9744],[-72.6191,-37.9721],[-72.6198,-37.9703],[-72.6215,-37.9701],[-72.6247,-37.9731],[-72.6273,-37.9714],[-72.6244,-37.9682],[-72.6238,-37.9647],[-72.6212,-37.9634],[-72.6225,-37.9601],[-72.6207,-37.9591],[-72.6206,-37.9568],[-72.6231,-37.9535],[-72.6226,-37.9517],[-72.6194,-37.9512],[-72.6204,-37.945],[-72.622,-37.9427],[-72.6248,-37.9424],[-72.6258,-37.9442],[-72.629,-37.943],[-72.6295,-37.9419],[-72.6263,-37.9401],[-72.6265,-37.9387],[-72.6337,-37.9376],[-72.6342,-37.9349],[-72.6364,-37.9346],[-72.6335,-37.9321],[-72.6346,-37.9272],[-72.6321,-37.9252],[-72.632,-37.9226],[-72.6423,-37.9207],[-72.6405,-37.9161],[-72.6421,-37.9132],[-72.6402,-37.9117],[-72.6403,-37.9092],[-72.6453,-37.903],[-72.6499,-37.9032],[-72.6518,-37.8963],[-72.6588,-37.8914],[-72.6752,-37.8975],[-72.6745,-37.8991],[-72.6901,-37.9071],[-72.6915,-37.9167],[-72.711,-37.9036],[-72.7252,-37.9061],[-72.7294,-37.9036],[-72.7333,-37.9043],[-72.7365,-37.9007],[-72.741,-37.9016],[-72.7463,-37.8996],[-72.752,-37.8956],[-72.7569,-37.8967],[-72.7577,-37.895],[-72.7654,-37.8944],[-72.7674,-37.8927],[-72.7774,-37.8936],[-72.7817,-37.8918],[-72.7826,-37.8894],[-72.7844,-37.8814],[-72.7842,-37.8714],[-72.7803,-37.8717],[-72.7745,-37.8691],[-72.7721,-37.8676],[-72.7719,-37.8651],[-72.7758,-37.8662],[-72.7818,-37.8628],[-72.7823,-37.8608],[-72.784,-37.8613],[-72.7846,-37.8585],[-72.79,-37.8531],[-72.791,-37.8493],[-72.7962,-37.847],[-72.7991,-37.8404],[-72.803,-37.8376],[-72.9362,-37.8397],[-72.9377,-37.8417],[-72.941,-37.8417],[-72.9509,-37.8458],[-72.9551,-37.8456],[-72.9583,-37.8517],[-72.963,-37.8538],[-72.965,-37.8537],[-72.9624,-37.849],[-72.9629,-37.847],[-72.992,-37.857],[-73.0002,-37.8571],[-73.0091,-37.8593],[-73.0134,-37.8592],[-73.0125,-37.8496],[-73.0299,-37.8408],[-73.0335,-37.8374],[-73.0383,-37.8408],[-73.0432,-37.8403],[-73.0454,-37.8423],[-73.0452,-37.8389],[-73.0477,-37.8373],[-73.0384,-37.8307],[-73.0348,-37.8245],[-73.0346,-37.8212],[-73.0314,-37.8182],[-73.03,-37.8106],[-73.0244,-37.8082],[-73.0234,-37.8044],[-73.0325,-37.7913],[-73.0334,-37.7863],[-73.0416,-37.7812],[-73.0395,-37.777],[-73.0397,-37.7732],[-73.0243,-37.7644],[-73.0233,-37.7574],[-73.0177,-37.7554],[-73.0163,-37.7529],[-73.0156,-37.7473],[-73.0189,-37.7409],[-73.019,-37.7358],[-73.0245,-37.7281],[-73.0237,-37.721],[-73.0267,-37.7187],[-73.035,-37.7175],[-73.0378,-37.7153],[-73.0398,-37.7104],[-73.0446,-37.7089],[-73.0501,-37.7101],[-73.0687,-37.7094],[-73.0725,-37.7099],[-73.0817,-37.721],[-73.0928,-37.7221],[-73.103,-37.7263],[-73.1067,-37.7223],[-73.1106,-37.7212],[-73.1097,-37.7191],[-73.1142,-37.7115],[-73.1133,-37.707],[-73.1158,-37.6965],[-73.1244,-37.689],[-73.1188,-37.6888],[-73.1156,-37.6868],[-73.106,-37.6875],[-73.1036,-37.6828],[-73.1045,-37.6772],[-73.0802,-37.6763],[-73.0789,-37.6721],[-73.0801,-37.6679],[-73.0783,-37.6623],[-73.0682,-37.6599],[-73.0673,-37.6571],[-73.0698,-37.6502],[-73.0648,-37.6486],[-73.0622,-37.6432],[-73.0586,-37.6402],[-73.0641,-37.6349],[-73.0683,-37.6353],[-73.0702,-37.6316],[-73.0741,-37.6293],[-73.0708,-37.6209],[-73.0666,-37.6245],[-73.0592,-37.6249],[-73.057,-37.6262],[-73.0531,-37.6217],[-73.0419,-37.6176],[-73.0405,-37.6203],[-73.0359,-37.6191],[-73.0342,-37.6213],[-73.0292,-37.6218],[-73.0288,-37.6253],[-73.0237,-37.6262],[-73.0238,-37.6288],[-73.0222,-37.6297],[-73.0121,-37.6304],[-73.004,-37.6252],[-73.007,-37.6204],[-72.9962,-37.618],[-72.9814,-37.619],[-72.969,-37.6153],[-72.9662,-37.6149],[-72.9638,-37.6164],[-72.9576,-37.6143],[-72.9537,-37.6157],[-72.9462,-37.6134],[-72.9392,-37.6163],[-72.9376,-37.6144],[-72.9324,-37.6147],[-72.9299,-37.6163],[-72.9297,-37.6194],[-72.9274,-37.6197],[-72.9248,-37.6163],[-72.9221,-37.6164],[-72.9193,-37.6135],[-72.9156,-37.6135],[-72.9152,-37.6112],[-72.9106,-37.6068],[-72.8816,-37.606],[-72.8739,-37.6044],[-72.8714,-37.6059],[-72.8703,-37.604],[-72.8671,-37.6037],[-72.8687,-37.5996],[-72.8652,-37.5985],[-72.8637,-37.5996],[-72.8607,-37.5934],[-72.8527,-37.5902],[-72.8431,-37.5936],[-72.8403,-37.5964],[-72.8362,-37.5953],[-72.82,-37.5958],[-72.812,-37.5935],[-72.8081,-37.5961],[-72.8024,-37.596],[-72.7959,-37.5923],[-72.7929,-37.5926],[-72.7914,-37.5903],[-72.7843,-37.5912],[-72.7761,-37.5817],[-72.7716,-37.5831],[-72.7724,-37.5889],[-72.7748,-37.5921],[-72.7737,-37.5943],[-72.7759,-37.5961],[-72.766,-37.5958],[-72.7643,-37.6014],[-72.7593,-37.6057],[-72.7568,-37.6122],[-72.7521,-37.6141],[-72.7486,-37.6125],[-72.7451,-37.6169],[-72.7414,-37.6182],[-72.7369,-37.6186],[-72.7359,-37.6167],[-72.7319,-37.6162],[-72.7308,-37.6181],[-72.7287,-37.6182],[-72.7295,-37.6225],[-72.7272,-37.6261],[-72.7228,-37.6234],[-72.7138,-37.6261],[-72.7095,-37.6244],[-72.7076,-37.6258],[-72.708,-37.628],[-72.6995,-37.635],[-72.6996,-37.6379],[-72.7019,-37.6404],[-72.6971,-37.6498],[-72.7022,-37.6562],[-72.6998,-37.6574],[-72.7044,-37.6751],[-72.7023,-37.6841],[-72.7047,-37.6883],[-72.71,-37.6926],[-72.7031,-37.6954],[-72.7001,-37.6985],[-72.6931,-37.6967],[-72.6919,-37.6994],[-72.6928,-37.7029],[-72.6798,-37.7123],[-72.6798,-37.7159],[-72.6657,-37.722],[-72.666,-37.7262],[-72.6645,-37.7287],[-72.6537,-37.7361],[-72.6479,-37.7362],[-72.6452,-37.7325],[-72.6395,-37.7314],[-72.625,-37.7347],[-72.6267,-37.7365],[-72.6216,-37.7404],[-72.6228,-37.7474],[-72.6244,-37.7481],[-72.6239,-37.7522],[-72.6219,-37.7534],[-72.6233,-37.7553],[-72.6204,-37.7596],[-72.6205,-37.7628],[-72.6176,-37.7659],[-72.6134,-37.7671],[-72.6137,-37.7699],[-72.6094,-37.7725],[-72.6102,-37.7743],[-72.6084,-37.7764],[-72.6018,-37.7797],[-72.601,-37.7839],[-72.597,-37.7892],[-72.5943,-37.7912],[-72.5914,-37.786],[-72.5773,-37.7892],[-72.5793,-37.7935],[-72.5678,-37.7969],[-72.5692,-37.8002],[-72.5621,-37.802],[-72.5639,-37.8072],[-72.5464,-37.7997],[-72.5445,-37.8045],[-72.5444,-37.8133],[-72.5423,-37.8137],[-72.5285,-37.8366],[-72.5235,-37.8364],[-72.5181,-37.8263],[-72.5137,-37.827],[-72.513,-37.8248],[-72.5051,-37.8309],[-72.5038,-37.828],[-72.5062,-37.8213],[-72.5045,-37.8196],[-72.5021,-37.8195],[-72.4965,-37.8266]]]]}},{"type":"Feature","properties":{"comunaId":"CHL.3.2.2_1","nombre":"Collipulli","provincia":"Malleco","regionGadm":"Araucanía","centerLat":-38.0133,"centerLon":-72.1414},"geometry":{"type":"MultiPolygon","coordinates":[[[[-72.5379,-37.9353],[-72.532,-37.9325],[-72.522,-37.936],[-72.5148,-37.9347],[-72.5117,-37.9292],[-72.5058,-37.9255],[-72.5051,-37.9226],[-72.507,-37.9213],[-72.5047,-37.9197],[-72.5079,-37.9169],[-72.5166,-37.9191],[-72.5204,-37.9192],[-72.5229,-37.9174],[-72.526,-37.9194],[-72.5279,-37.918],[-72.5136,-37.8944],[-72.5172,-37.8921],[-72.5294,-37.8894],[-72.5142,-37.8781],[-72.5075,-37.8703],[-72.5178,-37.8568],[-72.5081,-37.8515],[-72.4907,-37.8468],[-72.4821,-37.84],[-72.4864,-37.8289],[-72.4921,-37.8287],[-72.4965,-37.8266],[-72.4916,-37.8119],[-72.4918,-37.8065],[-72.5031,-37.7986],[-72.5102,-37.7983],[-72.5135,-37.7964],[-72.5203,-37.7832],[-72.5256,-37.7778],[-72.5044,-37.7749],[-72.4943,-37.7795],[-72.4913,-37.7769],[-72.4857,-37.7759],[-72.4617,-37.7846],[-72.4617,-37.7798],[-72.4597,-37.7753],[-72.4625,-37.765],[-72.459,-37.7689],[-72.4493,-37.7731],[-72.4466,-37.7834],[-72.4415,-37.7848],[-72.4393,-37.7887],[-72.4356,-37.7895],[-72.4259,-37.7965],[-72.4266,-37.8014],[-72.4241,-37.8072],[-72.4171,-37.8117],[-72.416,-37.8164],[-72.4128,-37.8204],[-72.4153,-37.8228],[-72.4032,-37.8288],[-72.4046,-37.8334],[-72.4002,-37.8426],[-72.3925,-37.8432],[-72.3868,-37.8502],[-72.3554,-37.8519],[-72.3513,-37.8554],[-72.3509,-37.8585],[-72.3467,-37.8586],[-72.3448,-37.8609],[-72.3423,-37.8602],[-72.33,-37.8711],[-72.326,-37.8723],[-72.3219,-37.8789],[-72.3177,-37.8816],[-72.3063,-37.8755],[-72.2988,-37.8768],[-72.2877,-37.8754],[-72.2853,-37.8789],[-72.278,-37.8797],[-72.2761,-37.8827],[-72.2731,-37.8803],[-72.2699,-37.8799],[-72.2659,-37.8824],[-72.2564,-37.8835],[-72.2518,-37.8769],[-72.2452,-37.8785],[-72.2376,-37.889],[-72.2266,-37.8932],[-72.2252,-37.8976],[-72.2076,-37.9047],[-72.2068,-37.9076],[-72.2025,-37.9093],[-72.2017,-37.9131],[-72.1985,-37.9141],[-72.196,-37.9217],[-72.1931,-37.9216],[-72.1893,-37.9265],[-72.1861,-37.9279],[-72.1856,-37.9263],[-72.1832,-37.9259],[-72.1778,-37.9274],[-72.1733,-37.9347],[-72.1659,-37.9379],[-72.1622,-37.9417],[-72.1581,-37.9432],[-72.1515,-37.9412],[-72.1461,-37.944],[-72.1436,-37.9467],[-72.143,-37.9533],[-72.1324,-37.9519],[-72.1291,-37.9531],[-72.1292,-37.9576],[-72.1352,-37.9621],[-72.1273,-37.9637],[-72.1262,-37.9655],[-72.1287,-37.9695],[-72.1273,-37.972],[-72.1216,-37.9747],[-72.1204,-37.9774],[-72.1226,-37.981],[-72.1157,-37.98],[-72.1129,-37.9816],[-72.1114,-37.9845],[-72.1135,-37.9888],[-72.113,-37.9927],[-72.1116,-37.9939],[-72.1085,-37.9919],[-72.1045,-37.9921],[-72.102,-37.9987],[-72.089,-37.9975],[-72.0813,-38.0023],[-72.0686,-38.0034],[-72.0671,-38.0082],[-72.0588,-38.0095],[-72.0492,-38.0142],[-72.0475,-38.0123],[-72.0427,-38.0112],[-72.0381,-38.0126],[-72.0315,-38.0085],[-72.0238,-38.0102],[-72.0233,-38.0062],[-72.0208,-38.0035],[-72.0157,-38.0079],[-72.0081,-38.007],[-71.9966,-37.9992],[-71.9963,-37.9968],[-71.9884,-37.9982],[-71.9839,-37.9968],[-71.9822,-37.9923],[-71.9663,-37.9939],[-71.965,-37.9968],[-71.966,-38.0005],[-71.9566,-38.0023],[-71.9558,-38.0064],[-71.9476,-38.0172],[-71.9471,-38.02],[-71.9437,-38.0202],[-71.9375,-38.0246],[-71.9353,-38.0286],[-71.9303,-38.0298],[-71.9295,-38.0337],[-71.934,-38.0393],[-71.9311,-38.0454],[-71.9287,-38.0473],[-71.9266,-38.0466],[-71.9248,-38.0484],[-71.919,-38.0495],[-71.9173,-38.0538],[-71.9088,-38.0568],[-71.9075,-38.059],[-71.9042,-38.0592],[-71.9041,-38.0617],[-71.8993,-38.0643],[-71.9007,-38.0679],[-71.8952,-38.0735],[-71.8877,-38.0757],[-71.8848,-38.0742],[-71.8791,-38.0783],[-71.8722,-38.0762],[-71.8697,-38.0713],[-71.8634,-38.0675],[-71.8633,-38.0653],[-71.8542,-38.0613],[-71.8478,-38.0545],[-71.8429,-38.0549],[-71.8313,-38.0519],[-71.8212,-38.0443],[-71.8152,-38.0419],[-71.808,-38.043],[-71.806,-38.0414],[-71.8031,-38.0417],[-71.8015,-38.0387],[-71.7959,-38.0373],[-71.7875,-38.0376],[-71.7855,-38.0339],[-71.777,-38.032],[-71.7766,-38.0303],[-71.7697,-38.0302],[-71.7622,-38.0346],[-71.7531,-38.0357],[-71.7379,-38.0413],[-71.7366,-38.0435],[-71.7347,-38.0429],[-71.7325,-38.0472],[-71.7231,-38.0526],[-71.7202,-38.0575],[-71.7166,-38.059],[-71.7121,-38.0641],[-71.7006,-38.0698],[-71.7,-38.0814],[-71.698,-38.0843],[-71.6998,-38.0859],[-71.699,-38.089],[-71.7012,-38.0895],[-71.6997,-38.093],[-71.7021,-38.0929],[-71.7016,-38.0953],[-71.7035,-38.0963],[-71.7025,-38.0993],[-71.7053,-38.1023],[-71.705,-38.1153],[-71.7073,-38.1205],[-71.7059,-38.124],[-71.7088,-38.126],[-71.7091,-38.1349],[-71.7214,-38.1462],[-71.714,-38.1557],[-71.7055,-38.1585],[-71.6942,-38.1687],[-71.6935,-38.1764],[-71.7039,-38.1846],[-71.7078,-38.1859],[-71.7067,-38.1886],[-71.7092,-38.1916],[-71.71,-38.1957],[-71.7068,-38.1999],[-71.7074,-38.2031],[-71.7172,-38.2103],[-71.7223,-38.2081],[-71.7242,-38.2044],[-71.7319,-38.2045],[-71.7336,-38.2008],[-71.7414,-38.1988],[-71.7537,-38.2002],[-71.7629,-38.2046],[-71.7658,-38.2032],[-71.7783,-38.2046],[-71.7854,-38.2003],[-71.7932,-38.2019],[-71.8051,-38.1997],[-71.8174,-38.2002],[-71.8365,-38.2073],[-71.839,-38.2038],[-71.8365,-38.1991],[-71.8424,-38.1997],[-71.8529,-38.1956],[-71.8607,-38.1973],[-71.8741,-38.1954],[-71.8881,-38.2013],[-71.9154,-38.2019],[-71.9445,-38.1917],[-71.9477,-38.1873],[-71.9455,-38.185],[-71.9457,-38.1776],[-71.9488,-38.1745],[-71.9536,-38.1745],[-71.9541,-38.1723],[-71.9677,-38.1788],[-71.985,-38.1771],[-71.9885,-38.1757],[-71.9894,-38.1722],[-71.9916,-38.1704],[-71.9997,-38.1681],[-72.0059,-38.1713],[-72.0141,-38.1712],[-72.0208,-38.1734],[-72.0272,-38.1722],[-72.0349,-38.1731],[-72.0528,-38.1617],[-72.0539,-38.1589],[-72.0581,-38.1571],[-72.0578,-38.1548],[-72.0611,-38.1554],[-72.0648,-38.1515],[-72.07,-38.1524],[-72.0731,-38.1515],[-72.075,-38.149],[-72.0786,-38.1494],[-72.0862,-38.1407],[-72.0891,-38.1411],[-72.0906,-38.1383],[-72.0964,-38.1377],[-72.0989,-38.134],[-72.1064,-38.1325],[-72.1171,-38.1233],[-72.1332,-38.1191],[-72.1354,-38.1208],[-72.1414,-38.1213],[-72.1437,-38.1162],[-72.1472,-38.1158],[-72.149,-38.1136],[-72.1534,-38.1124],[-72.1568,-38.1147],[-72.1587,-38.1097],[-72.1741,-38.1075],[-72.1791,-38.1044],[-72.1816,-38.1005],[-72.1855,-38.0993],[-72.1858,-38.0969],[-72.191,-38.094],[-72.1926,-38.0905],[-72.1998,-38.0901],[-72.207,-38.0864],[-72.215,-38.0892],[-72.2193,-38.0847],[-72.2233,-38.0851],[-72.2257,-38.0816],[-72.2317,-38.0825],[-72.245,-38.076],[-72.2547,-38.0755],[-72.2571,-38.0729],[-72.2639,-38.0716],[-72.2656,-38.0659],[-72.2696,-38.0621],[-72.2762,-38.0621],[-72.2808,-38.0602],[-72.2851,-38.0641],[-72.2941,-38.0649],[-72.3,-38.0617],[-72.3025,-38.0585],[-72.3173,-38.0573],[-72.322,-38.052],[-72.3273,-38.0527],[-72.3301,-38.0516],[-72.3312,-38.0489],[-72.3391,-38.0504],[-72.3408,-38.0433],[-72.3494,-38.0397],[-72.351,-38.0358],[-72.3581,-38.0286],[-72.3606,-38.0285],[-72.362,-38.0265],[-72.3695,-38.0261],[-72.3737,-38.022],[-72.3816,-38.0235],[-72.3799,-38.0218],[-72.3813,-38.0179],[-72.3854,-38.0165],[-72.3844,-38.0151],[-72.3921,-38.0067],[-72.4062,-38.0017],[-72.4075,-37.996],[-72.416,-37.9929],[-72.42,-37.9887],[-72.421,-37.9815],[-72.4256,-37.9772],[-72.4289,-37.9695],[-72.4321,-37.9669],[-72.4322,-37.9686],[-72.4373,-37.9688],[-72.4362,-37.9741],[-72.4323,-37.9789],[-72.4472,-37.9833],[-72.4521,-37.9695],[-72.4558,-37.97],[-72.457,-37.9686],[-72.4566,-37.9644],[-72.459,-37.9665],[-72.4649,-37.9677],[-72.4655,-37.9707],[-72.4689,-37.9742],[-72.4684,-37.9771],[-72.4699,-37.9799],[-72.4772,-37.9865],[-72.4809,-37.9963],[-72.4821,-37.9963],[-72.4915,-37.9843],[-72.5018,-37.9798],[-72.5026,-37.9779],[-72.4957,-37.9719],[-72.4935,-37.967],[-72.4847,-37.9576],[-72.4809,-37.9452],[-72.5032,-37.9469],[-72.5125,-37.9455],[-72.5191,-37.9426],[-72.5232,-37.9441],[-72.5379,-37.9353]]]]}},{"type":"Feature","properties":{"comunaId":"CHL.3.2.3_1","nombre":"Curacautín","provincia":"Malleco","regionGadm":"Araucanía","centerLat":-38.4236,"centerLon":-71.7803},"geometry":{"type":"MultiPolygon","coordinates":[[[[-71.8524,-38.57],[-71.8543,-38.5614],[-71.8606,-38.5595],[-71.8666,-38.5507],[-71.8777,-38.5508],[-71.8824,-38.5526],[-71.8962,-38.5497],[-71.8996,-38.5472],[-71.9004,-38.5437],[-71.9064,-38.5401],[-71.9095,-38.5399],[-71.913,-38.5419],[-71.9263,-38.5373],[-71.9303,-38.5373],[-71.9339,-38.5336],[-71.9369,-38.5335],[-71.9398,-38.5321],[-71.9401,-38.5302],[-71.9444,-38.529],[-71.9535,-38.5297],[-71.9624,-38.5272],[-71.9673,-38.5279],[-71.9697,-38.5256],[-71.9738,-38.5267],[-71.9765,-38.5249],[-71.9884,-38.5256],[-71.9946,-38.5242],[-72.0055,-38.5262],[-72.018,-38.5249],[-72.0278,-38.5191],[-72.0335,-38.5188],[-72.0353,-38.5159],[-72.0393,-38.514],[-72.045,-38.5145],[-72.0477,-38.5121],[-72.0535,-38.5115],[-72.0601,-38.5138],[-72.0683,-38.5136],[-72.0733,-38.5111],[-72.0812,-38.5112],[-72.0896,-38.5081],[-72.0945,-38.5094],[-72.1008,-38.5049],[-72.1042,-38.5054],[-72.1051,-38.5033],[-72.107,-38.5052],[-72.1067,-38.5086],[-72.1114,-38.508],[-72.0876,-38.4478],[-72.0932,-38.4465],[-72.0866,-38.4276],[-72.0859,-38.4192],[-72.0737,-38.4165],[-72.0524,-38.4157],[-72.0486,-38.4136],[-72.0395,-38.4127],[-72.029,-38.4004],[-72.0195,-38.3985],[-72.0199,-38.397],[-72.0115,-38.393],[-72.0113,-38.3883],[-72.0076,-38.3879],[-72.0075,-38.3865],[-72.0016,-38.3837],[-72.0031,-38.3782],[-72.001,-38.377],[-72.0007,-38.3741],[-72.0027,-38.3724],[-71.9999,-38.3712],[-71.9988,-38.3656],[-71.9957,-38.3663],[-71.9898,-38.3608],[-71.9872,-38.3649],[-71.9856,-38.3649],[-71.9842,-38.363],[-71.985,-38.3606],[-71.9813,-38.3582],[-71.978,-38.3582],[-71.9796,-38.3503],[-71.9855,-38.353],[-71.9867,-38.3492],[-71.9822,-38.3478],[-71.9849,-38.3419],[-71.9814,-38.3364],[-71.972,-38.3307],[-71.9712,-38.3253],[-71.9694,-38.3248],[-71.9703,-38.3219],[-71.9579,-38.2951],[-71.9438,-38.2539],[-71.926,-38.2093],[-71.9281,-38.204],[-71.928,-38.1993],[-71.9302,-38.1973],[-71.9154,-38.2019],[-71.8993,-38.202],[-71.8881,-38.2013],[-71.8741,-38.1954],[-71.8607,-38.1973],[-71.8529,-38.1956],[-71.8424,-38.1997],[-71.8365,-38.1991],[-71.839,-38.2038],[-71.8365,-38.2073],[-71.8174,-38.2002],[-71.8088,-38.1996],[-71.7953,-38.2019],[-71.7847,-38.2004],[-71.776,-38.2047],[-71.7658,-38.2032],[-71.7616,-38.2045],[-71.7537,-38.2002],[-71.7414,-38.1988],[-71.7336,-38.2008],[-71.7319,-38.2045],[-71.7242,-38.2044],[-71.7223,-38.2081],[-71.715,-38.2108],[-71.7119,-38.2208],[-71.7074,-38.223],[-71.7036,-38.2276],[-71.6977,-38.2301],[-71.6971,-38.2326],[-71.6886,-38.2414],[-71.688,-38.25],[-71.6921,-38.2549],[-71.7008,-38.2583],[-71.7064,-38.255],[-71.71,-38.2587],[-71.7106,-38.2604],[-71.7085,-38.2639],[-71.7094,-38.266],[-71.7065,-38.2699],[-71.6904,-38.2865],[-71.684,-38.2915],[-71.6807,-38.2922],[-71.6738,-38.2993],[-71.6638,-38.2995],[-71.6569,-38.3083],[-71.6523,-38.3091],[-71.6494,-38.3144],[-71.643,-38.3136],[-71.6319,-38.318],[-71.629,-38.3212],[-71.619,-38.3242],[-71.6125,-38.3324],[-71.6068,-38.3469],[-71.6034,-38.3503],[-71.6046,-38.3527],[-71.6031,-38.3577],[-71.5929,-38.3772],[-71.5805,-38.3825],[-71.5754,-38.3831],[-71.5691,-38.3831],[-71.5539,-38.3793],[-71.5487,-38.3811],[-71.5396,-38.3751],[-71.5363,-38.3677],[-71.5219,-38.3636],[-71.5085,-38.3714],[-71.5087,-38.3804],[-71.4936,-38.3817],[-71.4912,-38.3873],[-71.4874,-38.3896],[-71.4801,-38.3873],[-71.4768,-38.3888],[-71.4763,-38.3913],[-71.4804,-38.3992],[-71.4803,-38.4021],[-71.4745,-38.4051],[-71.4719,-38.4111],[-71.4642,-38.4153],[-71.4702,-38.4203],[-71.4737,-38.4283],[-71.4809,-38.4304],[-71.4848,-38.4356],[-71.4787,-38.4442],[-71.4653,-38.4481],[-71.4605,-38.4513],[-71.4597,-38.4534],[-71.4619,-38.4569],[-71.4571,-38.4586],[-71.4567,-38.4648],[-71.4493,-38.4721],[-71.4512,-38.4773],[-71.4591,-38.4859],[-71.4641,-38.4883],[-71.4593,-38.4959],[-71.4626,-38.5014],[-71.458,-38.5047],[-71.4597,-38.5072],[-71.4597,-38.5199],[-71.4626,-38.5202],[-71.4695,-38.5301],[-71.4823,-38.5335],[-71.4846,-38.5379],[-71.4903,-38.5419],[-71.4975,-38.5406],[-71.5013,-38.5469],[-71.5114,-38.5509],[-71.5353,-38.5489],[-71.5398,-38.5523],[-71.559,-38.5573],[-71.5757,-38.5688],[-71.5872,-38.5734],[-71.5899,-38.5818],[-71.5883,-38.5893],[-71.5932,-38.5962],[-71.6052,-38.598],[-71.6116,-38.5959],[-71.6356,-38.5932],[-71.6411,-38.5985],[-71.6808,-38.6061],[-71.6854,-38.6107],[-71.6861,-38.6405],[-71.6872,-38.644],[-71.6908,-38.6474],[-71.6818,-38.6636],[-71.681,-38.6667],[-71.6821,-38.6684],[-71.7024,-38.6643],[-71.7683,-38.6379],[-71.8,-38.6369],[-71.7944,-38.624],[-71.7951,-38.6228],[-71.799,-38.6203],[-71.8056,-38.62],[-71.8131,-38.6158],[-71.8195,-38.5958],[-71.8288,-38.594],[-71.8393,-38.5944],[-71.8392,-38.5897],[-71.8346,-38.5839],[-71.8359,-38.5808],[-71.8345,-38.5763],[-71.8387,-38.5742],[-71.8388,-38.5697],[-71.8524,-38.57]]]]}},{"type":"Feature","properties":{"comunaId":"CHL.3.2.4_1","nombre":"Ercilla","provincia":"Malleco","regionGadm":"Araucanía","centerLat":-38.0883,"centerLon":-72.3071},"geometry":{"type":"MultiPolygon","coordinates":[[[[-72.5739,-38.0226],[-72.5707,-38.0234],[-72.5707,-38.021],[-72.5673,-38.0202],[-72.5631,-38.0163],[-72.5628,-38.0093],[-72.5655,-38],[-72.5464,-38.0027],[-72.542,-37.994],[-72.5411,-37.9859],[-72.5449,-37.9748],[-72.5451,-37.9667],[-72.551,-37.9621],[-72.5549,-37.9515],[-72.5545,-37.9486],[-72.5508,-37.9479],[-72.5511,-37.9467],[-72.5579,-37.942],[-72.5473,-37.9396],[-72.5379,-37.9353],[-72.5232,-37.9441],[-72.5191,-37.9426],[-72.5125,-37.9455],[-72.5032,-37.9469],[-72.4809,-37.9452],[-72.4847,-37.9576],[-72.4935,-37.967],[-72.4957,-37.9719],[-72.5026,-37.9779],[-72.5018,-37.9798],[-72.4915,-37.9843],[-72.4821,-37.9963],[-72.4809,-37.9963],[-72.4772,-37.9865],[-72.4699,-37.9799],[-72.4684,-37.9771],[-72.4689,-37.9742],[-72.4655,-37.9707],[-72.4649,-37.9677],[-72.459,-37.9665],[-72.4566,-37.9644],[-72.457,-37.9686],[-72.4558,-37.97],[-72.4521,-37.9695],[-72.4472,-37.9833],[-72.4323,-37.9789],[-72.4362,-37.9741],[-72.4373,-37.9688],[-72.4322,-37.9686],[-72.4321,-37.9669],[-72.4289,-37.9695],[-72.4256,-37.9772],[-72.421,-37.9815],[-72.42,-37.9887],[-72.416,-37.9929],[-72.4075,-37.996],[-72.4062,-38.0017],[-72.3921,-38.0067],[-72.3844,-38.0151],[-72.3854,-38.0165],[-72.3813,-38.0179],[-72.3799,-38.0218],[-72.3816,-38.0235],[-72.3737,-38.022],[-72.3695,-38.0261],[-72.362,-38.0265],[-72.3606,-38.0285],[-72.3581,-38.0286],[-72.351,-38.0358],[-72.3494,-38.0397],[-72.3408,-38.0433],[-72.3391,-38.0504],[-72.3312,-38.0489],[-72.3301,-38.0516],[-72.3273,-38.0527],[-72.322,-38.052],[-72.3173,-38.0573],[-72.3025,-38.0585],[-72.3,-38.0617],[-72.2941,-38.0649],[-72.2851,-38.0641],[-72.2808,-38.0602],[-72.2762,-38.0621],[-72.2696,-38.0621],[-72.2656,-38.0659],[-72.2639,-38.0716],[-72.2571,-38.0729],[-72.2547,-38.0755],[-72.245,-38.076],[-72.2317,-38.0825],[-72.2257,-38.0816],[-72.2233,-38.0851],[-72.2193,-38.0847],[-72.215,-38.0892],[-72.207,-38.0864],[-72.1998,-38.0901],[-72.1926,-38.0905],[-72.191,-38.094],[-72.1858,-38.0969],[-72.1855,-38.0993],[-72.1816,-38.1005],[-72.1791,-38.1044],[-72.1741,-38.1075],[-72.1587,-38.1097],[-72.1568,-38.1147],[-72.1534,-38.1124],[-72.149,-38.1136],[-72.1472,-38.1158],[-72.1437,-38.1162],[-72.1414,-38.1213],[-72.1354,-38.1208],[-72.1332,-38.1191],[-72.1171,-38.1233],[-72.1064,-38.1325],[-72.0989,-38.134],[-72.0964,-38.1377],[-72.0906,-38.1383],[-72.0891,-38.1411],[-72.0862,-38.1407],[-72.0786,-38.1494],[-72.075,-38.149],[-72.0731,-38.1515],[-72.07,-38.1524],[-72.0648,-38.1515],[-72.0611,-38.1554],[-72.0578,-38.1548],[-72.0581,-38.1571],[-72.0539,-38.1589],[-72.0528,-38.1617],[-72.0349,-38.1731],[-72.0272,-38.1722],[-72.0208,-38.1734],[-72.0141,-38.1712],[-72.0059,-38.1713],[-71.9997,-38.1681],[-71.9916,-38.1704],[-71.9894,-38.1722],[-71.9885,-38.1757],[-71.9845,-38.1772],[-71.9898,-38.1881],[-72.0025,-38.1842],[-72.0077,-38.1876],[-72.0099,-38.1868],[-72.0137,-38.1883],[-72.0159,-38.1869],[-72.0317,-38.1864],[-72.0363,-38.1824],[-72.0416,-38.1831],[-72.0495,-38.1816],[-72.0533,-38.1787],[-72.0839,-38.175],[-72.0906,-38.1762],[-72.0934,-38.1744],[-72.0944,-38.1757],[-72.1004,-38.175],[-72.117,-38.1777],[-72.1189,-38.175],[-72.1251,-38.1732],[-72.1277,-38.1756],[-72.1356,-38.1764],[-72.1387,-38.174],[-72.1506,-38.1742],[-72.155,-38.1719],[-72.1572,-38.1732],[-72.1587,-38.1703],[-72.1647,-38.1744],[-72.175,-38.1736],[-72.1793,-38.1759],[-72.1827,-38.1747],[-72.1833,-38.1729],[-72.1904,-38.1731],[-72.1922,-38.171],[-72.1989,-38.1698],[-72.2104,-38.1699],[-72.2138,-38.1681],[-72.2229,-38.1687],[-72.2267,-38.1659],[-72.2255,-38.1622],[-72.2315,-38.1599],[-72.2453,-38.1638],[-72.2471,-38.1625],[-72.2495,-38.1641],[-72.2553,-38.1615],[-72.2634,-38.1634],[-72.266,-38.1603],[-72.2701,-38.1615],[-72.2755,-38.1605],[-72.2769,-38.156],[-72.2806,-38.1556],[-72.2868,-38.1607],[-72.2904,-38.1552],[-72.2937,-38.156],[-72.298,-38.1541],[-72.3047,-38.1505],[-72.3058,-38.1475],[-72.3117,-38.1484],[-72.3118,-38.1507],[-72.3133,-38.1512],[-72.3181,-38.1467],[-72.32,-38.1494],[-72.3285,-38.151],[-72.3329,-38.1477],[-72.3419,-38.1508],[-72.3574,-38.1509],[-72.3611,-38.1546],[-72.3685,-38.1578],[-72.3884,-38.154],[-72.3889,-38.1521],[-72.3956,-38.1478],[-72.4103,-38.1522],[-72.4178,-38.1462],[-72.4261,-38.1428],[-72.4312,-38.1457],[-72.4361,-38.1449],[-72.4405,-38.1487],[-72.4501,-38.1477],[-72.4534,-38.1393],[-72.4491,-38.1332],[-72.4464,-38.1319],[-72.4435,-38.1217],[-72.45,-38.1155],[-72.4557,-38.1053],[-72.4632,-38.0981],[-72.4695,-38.0978],[-72.488,-38.0918],[-72.4968,-38.0855],[-72.5038,-38.0862],[-72.5098,-38.0829],[-72.522,-38.0858],[-72.5388,-38.07],[-72.5472,-38.0697],[-72.5634,-38.0735],[-72.5724,-38.0619],[-72.5724,-38.0464],[-72.5737,-38.043],[-72.5723,-38.0345],[-72.5762,-38.0272],[-72.5757,-38.0249],[-72.5731,-38.0233],[-72.5739,-38.0226]]]]}},{"type":"Feature","properties":{"comunaId":"CHL.3.2.5_1","nombre":"Lonquimay","provincia":"Malleco","regionGadm":"Araucanía","centerLat":-38.4987,"centerLon":-71.2834},"geometry":{"type":"MultiPolygon","coordinates":[[[[-70.9031,-38.7268],[-70.9066,-38.7301],[-70.9134,-38.748],[-70.9181,-38.7559],[-70.9268,-38.764],[-70.9521,-38.7612],[-70.9566,-38.7631],[-70.9678,-38.7632],[-70.9742,-38.7595],[-70.987,-38.7637],[-70.9943,-38.7636],[-71.0024,-38.7693],[-71.0229,-38.7598],[-71.0512,-38.7578],[-71.0587,-38.7596],[-71.0615,-38.7636],[-71.069,-38.769],[-71.0719,-38.767],[-71.0772,-38.7665],[-71.084,-38.7599],[-71.0945,-38.7547],[-71.0982,-38.7575],[-71.0969,-38.7613],[-71.0978,-38.7635],[-71.105,-38.7683],[-71.1074,-38.7714],[-71.1077,-38.7745],[-71.116,-38.7746],[-71.1186,-38.7769],[-71.1163,-38.7794],[-71.1184,-38.7811],[-71.1238,-38.7772],[-71.1346,-38.7815],[-71.1421,-38.7947],[-71.1504,-38.7998],[-71.1742,-38.8002],[-71.1812,-38.8028],[-71.1839,-38.8063],[-71.1859,-38.8145],[-71.2118,-38.8164],[-71.2315,-38.8094],[-71.2345,-38.8072],[-71.2358,-38.803],[-71.2385,-38.8022],[-71.2412,-38.8093],[-71.2513,-38.8158],[-71.2586,-38.815],[-71.2604,-38.8235],[-71.266,-38.826],[-71.2693,-38.8357],[-71.2685,-38.8408],[-71.2645,-38.8473],[-71.2669,-38.8492],[-71.2677,-38.8527],[-71.2747,-38.8545],[-71.2782,-38.8588],[-71.2845,-38.8571],[-71.2854,-38.8638],[-71.2958,-38.8719],[-71.3076,-38.8747],[-71.3144,-38.8796],[-71.3217,-38.8801],[-71.3287,-38.8744],[-71.3389,-38.8771],[-71.3497,-38.8847],[-71.3629,-38.8913],[-71.3744,-38.9063],[-71.3799,-38.9053],[-71.3811,-38.9081],[-71.3837,-38.9089],[-71.3896,-38.9069],[-71.3943,-38.9096],[-71.3983,-38.907],[-71.402,-38.908],[-71.4062,-38.9057],[-71.4094,-38.902],[-71.4084,-38.894],[-71.4145,-38.8876],[-71.4057,-38.8801],[-71.4047,-38.8775],[-71.4119,-38.8621],[-71.4103,-38.8561],[-71.4153,-38.8525],[-71.4163,-38.8472],[-71.4131,-38.8449],[-71.4012,-38.8438],[-71.3955,-38.8417],[-71.3924,-38.8355],[-71.3889,-38.8325],[-71.3916,-38.8295],[-71.3926,-38.8229],[-71.396,-38.8187],[-71.4024,-38.8161],[-71.4032,-38.8123],[-71.4082,-38.81],[-71.4092,-38.8016],[-71.4125,-38.7998],[-71.4187,-38.8003],[-71.4217,-38.796],[-71.4277,-38.7951],[-71.4351,-38.7866],[-71.4345,-38.7835],[-71.4362,-38.7817],[-71.4438,-38.7822],[-71.4487,-38.7799],[-71.4644,-38.7776],[-71.4678,-38.7731],[-71.4775,-38.7697],[-71.4765,-38.7645],[-71.479,-38.7572],[-71.4866,-38.7576],[-71.4935,-38.7631],[-71.5004,-38.7582],[-71.5132,-38.7532],[-71.5004,-38.7458],[-71.4947,-38.737],[-71.495,-38.7299],[-71.5014,-38.7296],[-71.506,-38.727],[-71.5134,-38.7338],[-71.5173,-38.7335],[-71.5276,-38.7226],[-71.5286,-38.7156],[-71.5359,-38.7166],[-71.5373,-38.7102],[-71.5342,-38.7028],[-71.5145,-38.6889],[-71.512,-38.6842],[-71.4919,-38.6626],[-71.503,-38.664],[-71.512,-38.6673],[-71.5136,-38.6648],[-71.5135,-38.6549],[-71.5152,-38.6507],[-71.52,-38.6489],[-71.5319,-38.6504],[-71.5381,-38.6406],[-71.5464,-38.6342],[-71.5475,-38.629],[-71.5652,-38.6238],[-71.571,-38.6165],[-71.5788,-38.6128],[-71.5854,-38.6074],[-71.5909,-38.5932],[-71.5883,-38.5893],[-71.5899,-38.5818],[-71.5872,-38.5734],[-71.5757,-38.5688],[-71.559,-38.5573],[-71.5475,-38.555],[-71.5337,-38.5486],[-71.5114,-38.5509],[-71.5009,-38.5467],[-71.4975,-38.5406],[-71.4903,-38.5419],[-71.4846,-38.5379],[-71.4823,-38.5335],[-71.4695,-38.5301],[-71.4626,-38.5202],[-71.4597,-38.5199],[-71.4597,-38.5072],[-71.458,-38.5047],[-71.4626,-38.5014],[-71.4593,-38.4959],[-71.4641,-38.4883],[-71.4591,-38.4859],[-71.4512,-38.4773],[-71.4493,-38.4721],[-71.4567,-38.4648],[-71.4571,-38.4586],[-71.4619,-38.4569],[-71.4597,-38.4534],[-71.4605,-38.4513],[-71.4653,-38.4481],[-71.4787,-38.4442],[-71.4848,-38.4356],[-71.4809,-38.4304],[-71.4737,-38.4283],[-71.4702,-38.4203],[-71.4642,-38.4153],[-71.4719,-38.4111],[-71.4745,-38.4051],[-71.4803,-38.4021],[-71.4804,-38.3992],[-71.4763,-38.3913],[-71.4768,-38.3888],[-71.4801,-38.3873],[-71.4874,-38.3896],[-71.4912,-38.3873],[-71.4936,-38.3817],[-71.5087,-38.3804],[-71.5085,-38.3714],[-71.5219,-38.3636],[-71.5363,-38.3677],[-71.5396,-38.3751],[-71.5487,-38.3811],[-71.5539,-38.3793],[-71.5691,-38.3831],[-71.5754,-38.3831],[-71.5805,-38.3825],[-71.5929,-38.3772],[-71.6031,-38.3577],[-71.6046,-38.3527],[-71.6034,-38.3503],[-71.6068,-38.3469],[-71.6125,-38.3324],[-71.619,-38.3242],[-71.629,-38.3212],[-71.6319,-38.318],[-71.643,-38.3136],[-71.6339,-38.2953],[-71.6349,-38.289],[-71.6332,-38.275],[-71.6253,-38.2671],[-71.6263,-38.2606],[-71.6189,-38.2599],[-71.6096,-38.251],[-71.6084,-38.2484],[-71.6115,-38.2439],[-71.6086,-38.2409],[-71.5817,-38.231],[-71.5799,-38.2311],[-71.5728,-38.239],[-71.5667,-38.2412],[-71.5647,-38.2434],[-71.5592,-38.2436],[-71.5537,-38.2461],[-71.5502,-38.2413],[-71.5433,-38.2386],[-71.5392,-38.2338],[-71.5339,-38.2317],[-71.5305,-38.2264],[-71.5313,-38.2233],[-71.5339,-38.2226],[-71.5341,-38.2146],[-71.5361,-38.2129],[-71.5318,-38.204],[-71.5108,-38.2098],[-71.5049,-38.2051],[-71.4986,-38.2024],[-71.4954,-38.1968],[-71.4885,-38.1918],[-71.4785,-38.1913],[-71.4753,-38.1875],[-71.4673,-38.1837],[-71.4604,-38.1845],[-71.4575,-38.1808],[-71.449,-38.1765],[-71.436,-38.177],[-71.4325,-38.1707],[-71.4319,-38.1662],[-71.4285,-38.1638],[-71.4289,-38.1596],[-71.4256,-38.1587],[-71.4191,-38.1431],[-71.411,-38.1344],[-71.411,-38.1273],[-71.4131,-38.1261],[-71.4102,-38.1236],[-71.4135,-38.122],[-71.4127,-38.1166],[-71.4105,-38.114],[-71.4134,-38.11],[-71.4131,-38.1073],[-71.4085,-38.107],[-71.4008,-38.1014],[-71.3926,-38.0979],[-71.3774,-38.0853],[-71.3741,-38.0854],[-71.3709,-38.0889],[-71.3677,-38.0896],[-71.3597,-38.0853],[-71.3541,-38.0842],[-71.3465,-38.0862],[-71.346,-38.0887],[-71.3411,-38.0915],[-71.3347,-38.0899],[-71.3025,-38.0904],[-71.2977,-38.0962],[-71.2957,-38.1084],[-71.289,-38.1084],[-71.2829,-38.1104],[-71.2745,-38.1053],[-71.2688,-38.1057],[-71.2652,-38.0982],[-71.2588,-38.0971],[-71.2381,-38.098],[-71.2271,-38.1006],[-71.2264,-38.103],[-71.2088,-38.1005],[-71.2044,-38.1033],[-71.1972,-38.1019],[-71.1922,-38.1058],[-71.1858,-38.1012],[-71.1802,-38.1005],[-71.1709,-38.1091],[-71.1632,-38.1114],[-71.1529,-38.1107],[-71.1451,-38.1094],[-71.135,-38.1022],[-71.1202,-38.1056],[-71.1165,-38.1021],[-71.1137,-38.0939],[-71.1094,-38.0916],[-71.0959,-38.095],[-71.0853,-38.0896],[-71.0725,-38.1027],[-71.0618,-38.1088],[-71.0435,-38.1226],[-71.0435,-38.1242],[-71.032,-38.131],[-71.0235,-38.1441],[-71.0248,-38.1497],[-71.0106,-38.1537],[-71.0097,-38.1627],[-70.9956,-38.1707],[-70.9968,-38.2026],[-71.0011,-38.2106],[-71.0153,-38.2105],[-71.021,-38.2142],[-71.0154,-38.2264],[-71.0178,-38.2319],[-71.0177,-38.2388],[-71.0225,-38.245],[-71.0326,-38.2495],[-71.0093,-38.2624],[-71.0103,-38.2704],[-71.0087,-38.278],[-71.0099,-38.282],[-70.997,-38.2915],[-70.9971,-38.2978],[-70.9994,-38.3042],[-71.0031,-38.3075],[-71.0026,-38.3247],[-70.9997,-38.3283],[-70.9958,-38.342],[-70.9966,-38.3555],[-70.9863,-38.3606],[-70.9821,-38.3649],[-70.9863,-38.3753],[-70.984,-38.3874],[-70.9861,-38.3971],[-70.9845,-38.4055],[-70.9799,-38.4147],[-70.9839,-38.4302],[-70.9801,-38.4345],[-70.9772,-38.4433],[-70.9722,-38.4447],[-70.9689,-38.4421],[-70.9574,-38.4444],[-70.9463,-38.4567],[-70.944,-38.4623],[-70.9282,-38.4736],[-70.9276,-38.4845],[-70.9208,-38.4912],[-70.9115,-38.4973],[-70.9103,-38.5039],[-70.8982,-38.5094],[-70.8751,-38.5112],[-70.8641,-38.5161],[-70.8638,-38.5252],[-70.8445,-38.5367],[-70.8417,-38.5395],[-70.8357,-38.5536],[-70.8374,-38.5587],[-70.8332,-38.569],[-70.8368,-38.5782],[-70.8362,-38.5841],[-70.8345,-38.5877],[-70.8294,-38.5887],[-70.8275,-38.5964],[-70.8304,-38.6009],[-70.8353,-38.6036],[-70.834,-38.6092],[-70.836,-38.6123],[-70.8516,-38.6178],[-70.8612,-38.6241],[-70.866,-38.6336],[-70.873,-38.6395],[-70.8808,-38.6409],[-70.885,-38.6433],[-70.8911,-38.6524],[-70.8957,-38.6557],[-70.8966,-38.6635],[-70.9033,-38.6678],[-70.9025,-38.67],[-70.9059,-38.6761],[-70.9022,-38.6785],[-70.899,-38.6902],[-70.8926,-38.6956],[-70.8849,-38.6971],[-70.8835,-38.7018],[-70.8881,-38.7073],[-70.8867,-38.7121],[-70.8905,-38.7204],[-70.8968,-38.7215],[-70.9031,-38.7268]]]]}},{"type":"Feature","properties":{"comunaId":"CHL.3.2.6_1","nombre":"LosSauces","provincia":"Malleco","regionGadm":"Araucanía","centerLat":-37.9816,"centerLon":-72.7928},"geometry":{"type":"MultiPolygon","coordinates":[[[[-73.0134,-37.8592],[-72.992,-37.857],[-72.9629,-37.847],[-72.9624,-37.849],[-72.965,-37.8537],[-72.963,-37.8538],[-72.9583,-37.8517],[-72.9551,-37.8456],[-72.9509,-37.8458],[-72.941,-37.8417],[-72.9377,-37.8417],[-72.9362,-37.8397],[-72.803,-37.8376],[-72.7991,-37.8404],[-72.7962,-37.847],[-72.791,-37.8493],[-72.79,-37.8531],[-72.7846,-37.8585],[-72.784,-37.8613],[-72.7823,-37.8608],[-72.7818,-37.8628],[-72.7758,-37.8662],[-72.7719,-37.8651],[-72.7721,-37.8676],[-72.7745,-37.8691],[-72.7803,-37.8717],[-72.7842,-37.8714],[-72.7844,-37.8814],[-72.7826,-37.8894],[-72.7817,-37.8918],[-72.7774,-37.8936],[-72.7674,-37.8927],[-72.7654,-37.8944],[-72.7577,-37.895],[-72.7569,-37.8967],[-72.752,-37.8956],[-72.7463,-37.8996],[-72.741,-37.9016],[-72.7365,-37.9007],[-72.7333,-37.9043],[-72.7294,-37.9036],[-72.7252,-37.9061],[-72.711,-37.9036],[-72.6915,-37.9167],[-72.6901,-37.9071],[-72.6745,-37.8991],[-72.6752,-37.8975],[-72.6588,-37.8914],[-72.6518,-37.8963],[-72.6499,-37.9032],[-72.6453,-37.903],[-72.6403,-37.9092],[-72.6402,-37.9117],[-72.6421,-37.9132],[-72.6405,-37.9161],[-72.6423,-37.9207],[-72.632,-37.9226],[-72.6321,-37.9252],[-72.6346,-37.9272],[-72.6335,-37.9321],[-72.6364,-37.9346],[-72.6342,-37.9349],[-72.6337,-37.9376],[-72.6265,-37.9387],[-72.6263,-37.9401],[-72.6295,-37.9419],[-72.629,-37.943],[-72.6258,-37.9442],[-72.6248,-37.9424],[-72.622,-37.9427],[-72.6204,-37.945],[-72.6194,-37.9512],[-72.6226,-37.9517],[-72.6231,-37.9535],[-72.6206,-37.9568],[-72.6207,-37.9591],[-72.6225,-37.9601],[-72.6212,-37.9634],[-72.6238,-37.9647],[-72.6244,-37.9682],[-72.6273,-37.9714],[-72.6247,-37.9731],[-72.6215,-37.9701],[-72.6198,-37.9703],[-72.6191,-37.9721],[-72.6221,-37.9744],[-72.6232,-37.9776],[-72.6186,-37.9801],[-72.6202,-37.9825],[-72.6193,-37.987],[-72.6149,-37.9908],[-72.6097,-37.9915],[-72.6037,-37.9962],[-72.606,-37.9985],[-72.606,-38.0027],[-72.6014,-38.0078],[-72.6029,-38.0099],[-72.6018,-38.0125],[-72.6046,-38.017],[-72.6032,-38.0211],[-72.6004,-38.0226],[-72.6001,-38.0196],[-72.594,-38.0204],[-72.5892,-38.0185],[-72.5788,-38.0207],[-72.5781,-38.0243],[-72.5757,-38.022],[-72.573,-38.023],[-72.5762,-38.0272],[-72.5723,-38.0345],[-72.5737,-38.043],[-72.5724,-38.0464],[-72.5724,-38.0619],[-72.5626,-38.0742],[-72.5611,-38.08],[-72.5659,-38.0841],[-72.5733,-38.0866],[-72.5754,-38.0897],[-72.5809,-38.0897],[-72.5838,-38.0962],[-72.5882,-38.0965],[-72.5931,-38.0993],[-72.5951,-38.1028],[-72.6007,-38.1048],[-72.6019,-38.1073],[-72.6055,-38.1078],[-72.614,-38.1034],[-72.6237,-38.11],[-72.6307,-38.1119],[-72.6337,-38.1108],[-72.6309,-38.1164],[-72.64,-38.122],[-72.6584,-38.1201],[-72.6664,-38.1237],[-72.6695,-38.1169],[-72.6719,-38.1145],[-72.674,-38.1153],[-72.6758,-38.1116],[-72.6841,-38.1105],[-72.6871,-38.1078],[-72.6998,-38.1083],[-72.7052,-38.1101],[-72.7075,-38.1068],[-72.7108,-38.1074],[-72.7272,-38.0968],[-72.74,-38.0913],[-72.7469,-38.0956],[-72.7553,-38.1093],[-72.7581,-38.1057],[-72.7618,-38.1055],[-72.764,-38.111],[-72.7667,-38.1102],[-72.7741,-38.1142],[-72.7885,-38.1241],[-72.7982,-38.1249],[-72.8088,-38.1212],[-72.8173,-38.1298],[-72.82,-38.1281],[-72.8264,-38.1277],[-72.8337,-38.1337],[-72.8414,-38.1316],[-72.8432,-38.1335],[-72.8465,-38.1326],[-72.8527,-38.1353],[-72.8586,-38.133],[-72.8602,-38.1286],[-72.8621,-38.1277],[-72.8622,-38.125],[-72.8666,-38.1233],[-72.8713,-38.1172],[-72.8843,-38.1093],[-72.8907,-38.1082],[-72.8874,-38.1053],[-72.8817,-38.096],[-72.8813,-38.0914],[-72.875,-38.0847],[-72.8759,-38.0832],[-72.8733,-38.0805],[-72.8846,-38.0713],[-72.8905,-38.0736],[-72.8954,-38.0705],[-72.8981,-38.0655],[-72.9006,-38.0643],[-72.9009,-38.0609],[-72.8945,-38.0531],[-72.8969,-38.0511],[-72.8984,-38.0518],[-72.9025,-38.0477],[-72.902,-38.0448],[-72.9044,-38.0418],[-72.923,-38.0291],[-72.9333,-38.0186],[-72.9367,-38.0196],[-72.9376,-38.0169],[-72.9428,-38.0155],[-72.9471,-38.0173],[-72.9554,-38.012],[-72.9568,-38.0056],[-72.9543,-37.9995],[-72.9547,-37.9906],[-72.9499,-37.9869],[-72.9581,-37.9868],[-72.9591,-37.9838],[-72.9685,-37.9845],[-72.9706,-37.9781],[-72.9751,-37.9764],[-72.9764,-37.9734],[-72.9808,-37.9708],[-72.9887,-37.9617],[-72.9949,-37.9592],[-72.9911,-37.948],[-72.9992,-37.9406],[-72.9999,-37.9355],[-72.9922,-37.9366],[-72.9908,-37.9306],[-72.9936,-37.9313],[-72.9938,-37.9334],[-72.9963,-37.9332],[-72.9963,-37.9318],[-73.0271,-37.9189],[-73.0286,-37.9167],[-73.0275,-37.9143],[-73.0314,-37.9118],[-73.0284,-37.9109],[-73.0282,-37.9094],[-73.033,-37.9075],[-73.033,-37.9057],[-73.0262,-37.9078],[-73.0274,-37.9042],[-73.0215,-37.9045],[-73.0209,-37.903],[-73.0282,-37.8989],[-73.0251,-37.8985],[-73.0247,-37.8947],[-73.0197,-37.8961],[-73.0196,-37.894],[-73.0176,-37.893],[-73.0128,-37.8953],[-73.0115,-37.893],[-73.0143,-37.89],[-73.0185,-37.8885],[-73.0241,-37.8892],[-73.0246,-37.8867],[-73.0309,-37.8872],[-73.0319,-37.8854],[-73.0285,-37.8833],[-73.03,-37.8806],[-73.0293,-37.8779],[-73.0201,-37.8745],[-73.0208,-37.87],[-73.018,-37.8679],[-73.0202,-37.8653],[-73.0166,-37.863],[-73.0182,-37.8603],[-73.0134,-37.8592]]]]}},{"type":"Feature","properties":{"comunaId":"CHL.3.2.7_1","nombre":"Lumaco","provincia":"Malleco","regionGadm":"Araucanía","centerLat":-38.3004,"centerLon":-73.0303},"geometry":{"type":"MultiPolygon","coordinates":[[[[-73.0589,-38.4775],[-73.061,-38.4783],[-73.0698,-38.475],[-73.0869,-38.4538],[-73.0958,-38.4479],[-73.1053,-38.4478],[-73.1153,-38.4425],[-73.1201,-38.4434],[-73.1237,-38.4491],[-73.1218,-38.4511],[-73.1223,-38.4539],[-73.1254,-38.4614],[-73.1253,-38.4668],[-73.1281,-38.4711],[-73.1356,-38.4721],[-73.1369,-38.4689],[-73.14,-38.4676],[-73.1399,-38.4513],[-73.1426,-38.4402],[-73.1369,-38.4401],[-73.1354,-38.4375],[-73.1444,-38.4282],[-73.1435,-38.4248],[-73.145,-38.4167],[-73.1507,-38.4063],[-73.1499,-38.4033],[-73.1472,-38.4023],[-73.15,-38.3987],[-73.1515,-38.401],[-73.1549,-38.402],[-73.1588,-38.4027],[-73.1624,-38.4002],[-73.1728,-38.4062],[-73.178,-38.4044],[-73.181,-38.407],[-73.1985,-38.4026],[-73.2044,-38.4026],[-73.2108,-38.3946],[-73.2222,-38.3968],[-73.2286,-38.4008],[-73.2275,-38.4041],[-73.2284,-38.4196],[-73.2245,-38.4221],[-73.2261,-38.4312],[-73.2306,-38.4354],[-73.232,-38.4412],[-73.2382,-38.4486],[-73.2466,-38.4475],[-73.2558,-38.4488],[-73.2598,-38.4518],[-73.2755,-38.4499],[-73.2827,-38.4541],[-73.2858,-38.458],[-73.2884,-38.4509],[-73.2833,-38.4458],[-73.2727,-38.4398],[-73.2722,-38.4354],[-73.2744,-38.4338],[-73.2797,-38.4339],[-73.2815,-38.4297],[-73.2867,-38.4249],[-73.2997,-38.4229],[-73.3013,-38.4205],[-73.3001,-38.4169],[-73.3059,-38.4153],[-73.309,-38.4118],[-73.3101,-38.4052],[-73.3037,-38.3948],[-73.3012,-38.3831],[-73.3089,-38.381],[-73.3076,-38.3753],[-73.3092,-38.3739],[-73.3193,-38.3735],[-73.33,-38.3687],[-73.3374,-38.3693],[-73.3404,-38.3674],[-73.3409,-38.365],[-73.3236,-38.3363],[-73.3068,-38.3217],[-73.2829,-38.3054],[-73.2799,-38.2981],[-73.2738,-38.2956],[-73.2655,-38.2853],[-73.246,-38.2792],[-73.2425,-38.2758],[-73.2298,-38.2754],[-73.2253,-38.2744],[-73.222,-38.2717],[-73.2223,-38.2577],[-73.212,-38.2516],[-73.2058,-38.2502],[-73.199,-38.2418],[-73.2015,-38.2313],[-73.1944,-38.2316],[-73.174,-38.2272],[-73.1615,-38.2204],[-73.1615,-38.2169],[-73.1535,-38.2197],[-73.1384,-38.2157],[-73.1334,-38.2054],[-73.1346,-38.1965],[-73.1328,-38.1947],[-73.1323,-38.1844],[-73.1296,-38.1828],[-73.1232,-38.1841],[-73.1224,-38.1884],[-73.1123,-38.1861],[-73.1049,-38.1911],[-73.0993,-38.1902],[-73.0924,-38.1919],[-73.0848,-38.18],[-73.0777,-38.1769],[-73.0769,-38.1721],[-73.0847,-38.1543],[-73.089,-38.1508],[-73.0886,-38.1425],[-73.0645,-38.1544],[-73.0485,-38.1566],[-73.0452,-38.1543],[-73.0452,-38.1512],[-73.0404,-38.1488],[-73.0407,-38.1375],[-73.037,-38.1303],[-73.0317,-38.1289],[-73.0316,-38.127],[-73.0272,-38.1232],[-72.9926,-38.1101],[-72.9889,-38.113],[-72.9818,-38.1139],[-72.9797,-38.116],[-72.974,-38.1153],[-72.9728,-38.1137],[-72.9731,-38.1175],[-72.9772,-38.121],[-72.9808,-38.1278],[-72.9683,-38.1279],[-72.9597,-38.1235],[-72.9453,-38.1227],[-72.9432,-38.1247],[-72.9409,-38.1212],[-72.9361,-38.1189],[-72.9336,-38.1145],[-72.9285,-38.1125],[-72.9254,-38.1052],[-72.9264,-38.0974],[-72.9149,-38.0717],[-72.9087,-38.0754],[-72.8973,-38.0761],[-72.8918,-38.0748],[-72.8858,-38.0709],[-72.8734,-38.0801],[-72.8759,-38.0832],[-72.875,-38.0847],[-72.8813,-38.0914],[-72.8817,-38.096],[-72.8907,-38.1082],[-72.8843,-38.1093],[-72.8713,-38.1172],[-72.8666,-38.1233],[-72.8622,-38.125],[-72.8621,-38.1277],[-72.8602,-38.1286],[-72.8586,-38.133],[-72.8527,-38.1353],[-72.8465,-38.1326],[-72.8432,-38.1335],[-72.8414,-38.1316],[-72.8337,-38.1337],[-72.8264,-38.1277],[-72.82,-38.1281],[-72.8173,-38.1298],[-72.8088,-38.1212],[-72.7982,-38.1249],[-72.7885,-38.1241],[-72.7939,-38.1335],[-72.7908,-38.1491],[-72.7874,-38.1571],[-72.7894,-38.1648],[-72.7881,-38.177],[-72.7905,-38.1833],[-72.8119,-38.1824],[-72.8236,-38.1878],[-72.816,-38.1914],[-72.8156,-38.2047],[-72.8124,-38.2046],[-72.8099,-38.2072],[-72.8137,-38.2074],[-72.8093,-38.2134],[-72.8073,-38.2317],[-72.8146,-38.2438],[-72.8102,-38.254],[-72.8099,-38.2649],[-72.8066,-38.2686],[-72.8063,-38.277],[-72.8175,-38.2774],[-72.8177,-38.2708],[-72.8218,-38.2739],[-72.8272,-38.2737],[-72.8346,-38.2762],[-72.8546,-38.2733],[-72.8609,-38.2768],[-72.8702,-38.277],[-72.8762,-38.2795],[-72.8789,-38.2775],[-72.8832,-38.2802],[-72.8893,-38.2784],[-72.8929,-38.2825],[-72.8942,-38.2812],[-72.8975,-38.2821],[-72.8977,-38.2838],[-72.8956,-38.2851],[-72.8866,-38.287],[-72.8879,-38.2896],[-72.8903,-38.2869],[-72.8932,-38.288],[-72.8905,-38.2904],[-72.8938,-38.2934],[-72.8921,-38.2947],[-72.8928,-38.2975],[-72.8902,-38.298],[-72.8887,-38.3003],[-72.8901,-38.3063],[-72.8934,-38.3086],[-72.9005,-38.3098],[-72.8981,-38.3184],[-72.8921,-38.317],[-72.8927,-38.3187],[-72.8905,-38.3231],[-72.8945,-38.324],[-72.8942,-38.3252],[-72.8837,-38.3266],[-72.8969,-38.3315],[-72.8941,-38.3391],[-72.8947,-38.342],[-72.8914,-38.3456],[-72.8911,-38.3511],[-72.8936,-38.3513],[-72.8998,-38.3574],[-72.906,-38.358],[-72.9133,-38.3558],[-72.9219,-38.3625],[-72.9271,-38.3638],[-72.9366,-38.3623],[-72.9462,-38.3636],[-72.9522,-38.3595],[-72.9557,-38.3603],[-72.9561,-38.3742],[-72.9588,-38.3752],[-72.9599,-38.3781],[-72.9573,-38.3825],[-72.9589,-38.3862],[-72.9572,-38.3891],[-72.9641,-38.3892],[-72.9673,-38.3919],[-72.9761,-38.3941],[-72.9805,-38.4049],[-72.9849,-38.4077],[-72.9918,-38.4064],[-73.0007,-38.4079],[-73.0041,-38.4103],[-73.0047,-38.4121],[-73.0017,-38.4138],[-72.9952,-38.4148],[-72.9909,-38.4202],[-72.9816,-38.4206],[-72.9793,-38.4328],[-72.9842,-38.4371],[-72.9826,-38.4409],[-72.9888,-38.4511],[-72.9903,-38.4589],[-72.9877,-38.4622],[-72.9892,-38.4655],[-72.9878,-38.468],[-72.9923,-38.4753],[-72.9967,-38.4791],[-73.0067,-38.4794],[-73.0103,-38.4811],[-73.0171,-38.4774],[-73.0224,-38.4798],[-73.0272,-38.4769],[-73.0342,-38.478],[-73.0393,-38.4757],[-73.0497,-38.4784],[-73.0529,-38.4766],[-73.0589,-38.4775]]]]}},{"type":"Feature","properties":{"comunaId":"CHL.3.2.8_1","nombre":"Purén","provincia":"Malleco","regionGadm":"Araucanía","centerLat":-37.9929,"centerLon":-73.0465},"geometry":{"type":"MultiPolygon","coordinates":[[[[-73.0454,-37.8423],[-73.0432,-37.8403],[-73.0383,-37.8408],[-73.0335,-37.8374],[-73.0299,-37.8408],[-73.0125,-37.8496],[-73.013,-37.8586],[-73.0179,-37.8599],[-73.0167,-37.8633],[-73.0202,-37.8653],[-73.018,-37.8679],[-73.0208,-37.87],[-73.0201,-37.8745],[-73.0293,-37.8779],[-73.03,-37.8806],[-73.0285,-37.8833],[-73.0319,-37.8854],[-73.0309,-37.8872],[-73.0246,-37.8867],[-73.0241,-37.8892],[-73.0185,-37.8885],[-73.0143,-37.89],[-73.0115,-37.893],[-73.0128,-37.8953],[-73.0176,-37.893],[-73.0196,-37.894],[-73.0197,-37.8961],[-73.0247,-37.8947],[-73.0251,-37.8985],[-73.0267,-37.8977],[-73.0281,-37.8998],[-73.0209,-37.903],[-73.0215,-37.9045],[-73.0274,-37.9042],[-73.0262,-37.9078],[-73.033,-37.9057],[-73.033,-37.9075],[-73.0282,-37.9094],[-73.0284,-37.9109],[-73.0314,-37.9118],[-73.0275,-37.9143],[-73.0278,-37.9179],[-72.9963,-37.9318],[-72.9963,-37.9332],[-72.9938,-37.9334],[-72.9936,-37.9313],[-72.9908,-37.9306],[-72.9922,-37.9366],[-72.9999,-37.9355],[-72.9992,-37.9406],[-72.9911,-37.948],[-72.9949,-37.9592],[-72.9887,-37.9617],[-72.9808,-37.9708],[-72.9764,-37.9734],[-72.9751,-37.9764],[-72.9706,-37.9781],[-72.9685,-37.9845],[-72.9591,-37.9838],[-72.9581,-37.9868],[-72.9499,-37.9869],[-72.9547,-37.9906],[-72.9543,-37.9995],[-72.9568,-38.0056],[-72.9554,-38.012],[-72.9471,-38.0173],[-72.9428,-38.0155],[-72.9376,-38.0169],[-72.9367,-38.0196],[-72.9333,-38.0186],[-72.923,-38.0291],[-72.9044,-38.0418],[-72.902,-38.0448],[-72.9025,-38.0477],[-72.8942,-38.0535],[-72.9002,-38.0598],[-72.901,-38.0636],[-72.8981,-38.0655],[-72.8954,-38.0705],[-72.8905,-38.0736],[-72.8966,-38.076],[-72.9044,-38.0759],[-72.9087,-38.0754],[-72.9149,-38.0717],[-72.9264,-38.0974],[-72.9254,-38.1052],[-72.9285,-38.1125],[-72.9336,-38.1145],[-72.9361,-38.1189],[-72.9409,-38.1212],[-72.9432,-38.1247],[-72.9453,-38.1227],[-72.9597,-38.1235],[-72.9683,-38.1279],[-72.9808,-38.1278],[-72.9772,-38.121],[-72.9731,-38.1175],[-72.9728,-38.1137],[-72.974,-38.1153],[-72.9797,-38.116],[-72.9818,-38.1139],[-72.9883,-38.1132],[-72.9915,-38.1102],[-72.994,-38.1103],[-73.0272,-38.1232],[-73.0316,-38.127],[-73.0317,-38.1289],[-73.037,-38.1303],[-73.0407,-38.1375],[-73.0404,-38.1488],[-73.0452,-38.1512],[-73.0463,-38.1554],[-73.0504,-38.1567],[-73.0645,-38.1544],[-73.0886,-38.1425],[-73.079,-38.1393],[-73.0732,-38.1282],[-73.073,-38.1224],[-73.0768,-38.1153],[-73.0778,-38.1003],[-73.0806,-38.0984],[-73.0807,-38.0957],[-73.0932,-38.0965],[-73.0996,-38.095],[-73.1058,-38.0888],[-73.1146,-38.0833],[-73.1202,-38.0831],[-73.1218,-38.0784],[-73.124,-38.0767],[-73.1455,-38.0777],[-73.1556,-38.0755],[-73.1595,-38.073],[-73.1616,-38.0644],[-73.1649,-38.0629],[-73.1659,-38.0591],[-73.169,-38.0568],[-73.1743,-38.0581],[-73.1762,-38.0624],[-73.1828,-38.0635],[-73.1908,-38.0589],[-73.1925,-38.0561],[-73.2015,-38.053],[-73.2063,-38.0531],[-73.2061,-38.0507],[-73.202,-38.0466],[-73.2063,-38.0407],[-73.2029,-38.03],[-73.1956,-38.0222],[-73.1937,-38.0133],[-73.1859,-38.0091],[-73.1812,-38.0038],[-73.1824,-37.9964],[-73.1866,-37.9893],[-73.1849,-37.9868],[-73.1765,-37.9852],[-73.1708,-37.9863],[-73.1624,-37.9843],[-73.1601,-37.9829],[-73.1597,-37.9799],[-73.1569,-37.9789],[-73.1402,-37.9783],[-73.1401,-37.9747],[-73.1286,-37.9729],[-73.1286,-37.97],[-73.12,-37.9594],[-73.1192,-37.9537],[-73.1223,-37.9468],[-73.1203,-37.9426],[-73.1131,-37.9395],[-73.114,-37.932],[-73.1103,-37.9288],[-73.1106,-37.9252],[-73.1133,-37.9215],[-73.1133,-37.91],[-73.1105,-37.9079],[-73.1119,-37.906],[-73.1228,-37.9024],[-73.1272,-37.8971],[-73.1303,-37.8958],[-73.1234,-37.8848],[-73.1249,-37.8771],[-73.1189,-37.8754],[-73.1173,-37.8714],[-73.1111,-37.8698],[-73.1068,-37.8714],[-73.0937,-37.8713],[-73.0815,-37.8669],[-73.0708,-37.8542],[-73.0572,-37.8474],[-73.0482,-37.8453],[-73.0454,-37.8423]]]]}},{"type":"Feature","properties":{"comunaId":"CHL.3.2.9_1","nombre":"Renaico","provincia":"Malleco","regionGadm":"Araucanía","centerLat":-37.7127,"centerLon":-72.5799},"geometry":{"type":"MultiPolygon","coordinates":[[[[-72.4965,-37.8266],[-72.5021,-37.8195],[-72.5045,-37.8196],[-72.5062,-37.8213],[-72.5038,-37.828],[-72.5051,-37.8309],[-72.513,-37.8248],[-72.5137,-37.827],[-72.5181,-37.8263],[-72.5235,-37.8364],[-72.5285,-37.8366],[-72.5423,-37.8137],[-72.5444,-37.8133],[-72.5445,-37.8045],[-72.5464,-37.7997],[-72.5639,-37.8072],[-72.5621,-37.802],[-72.5692,-37.8002],[-72.5678,-37.7969],[-72.5793,-37.7935],[-72.5773,-37.7892],[-72.5914,-37.786],[-72.5943,-37.7912],[-72.597,-37.7892],[-72.601,-37.7839],[-72.6018,-37.7797],[-72.6084,-37.7764],[-72.6102,-37.7743],[-72.6094,-37.7725],[-72.6137,-37.7699],[-72.6134,-37.7671],[-72.6176,-37.7659],[-72.6205,-37.7628],[-72.6204,-37.7596],[-72.6233,-37.7553],[-72.6219,-37.7534],[-72.6239,-37.7522],[-72.6244,-37.7481],[-72.6228,-37.7474],[-72.6216,-37.7404],[-72.6267,-37.7365],[-72.625,-37.7347],[-72.6395,-37.7314],[-72.6452,-37.7325],[-72.6479,-37.7362],[-72.6537,-37.7361],[-72.6645,-37.7287],[-72.666,-37.7262],[-72.6657,-37.722],[-72.6798,-37.7159],[-72.6798,-37.7123],[-72.6928,-37.7029],[-72.6919,-37.6994],[-72.6931,-37.6967],[-72.7001,-37.6985],[-72.7031,-37.6954],[-72.71,-37.6926],[-72.7047,-37.6883],[-72.7023,-37.6841],[-72.7044,-37.6751],[-72.6998,-37.6574],[-72.7022,-37.6562],[-72.6971,-37.6498],[-72.7019,-37.6404],[-72.6996,-37.6379],[-72.6995,-37.635],[-72.708,-37.628],[-72.7076,-37.6258],[-72.7095,-37.6244],[-72.7045,-37.6224],[-72.6912,-37.6209],[-72.6857,-37.6178],[-72.683,-37.6193],[-72.6811,-37.6236],[-72.6708,-37.6236],[-72.6689,-37.6265],[-72.666,-37.626],[-72.6651,-37.6295],[-72.6551,-37.6254],[-72.6534,-37.6207],[-72.6508,-37.6247],[-72.6532,-37.6302],[-72.6403,-37.6415],[-72.6466,-37.6475],[-72.648,-37.6532],[-72.6455,-37.6574],[-72.6509,-37.6647],[-72.644,-37.6648],[-72.6397,-37.6629],[-72.633,-37.6668],[-72.632,-37.6689],[-72.6187,-37.6638],[-72.6157,-37.664],[-72.613,-37.6618],[-72.6099,-37.663],[-72.6049,-37.6602],[-72.5943,-37.6658],[-72.5949,-37.6674],[-72.6007,-37.6677],[-72.5992,-37.6707],[-72.5959,-37.6719],[-72.5838,-37.6676],[-72.5829,-37.664],[-72.5791,-37.6618],[-72.5755,-37.6649],[-72.5679,-37.663],[-72.5683,-37.6661],[-72.566,-37.6666],[-72.563,-37.6599],[-72.5585,-37.661],[-72.5587,-37.6589],[-72.557,-37.6582],[-72.5424,-37.6612],[-72.5407,-37.6651],[-72.5375,-37.6656],[-72.5367,-37.6594],[-72.5329,-37.6543],[-72.5247,-37.6546],[-72.5235,-37.6518],[-72.5267,-37.6493],[-72.5256,-37.6475],[-72.5144,-37.6504],[-72.5061,-37.6434],[-72.4987,-37.6465],[-72.4932,-37.646],[-72.4923,-37.6545],[-72.4861,-37.6599],[-72.4854,-37.6624],[-72.4854,-37.6646],[-72.4882,-37.6651],[-72.484,-37.6746],[-72.4859,-37.6764],[-72.4797,-37.6801],[-72.483,-37.6852],[-72.4836,-37.6924],[-72.4791,-37.6938],[-72.4746,-37.6975],[-72.4791,-37.7051],[-72.4769,-37.7066],[-72.4749,-37.7052],[-72.4724,-37.7088],[-72.4726,-37.7126],[-72.4743,-37.7147],[-72.4848,-37.7216],[-72.4835,-37.7301],[-72.4785,-37.7405],[-72.4797,-37.7473],[-72.4726,-37.7499],[-72.4699,-37.7526],[-72.4625,-37.765],[-72.4597,-37.7753],[-72.4617,-37.7798],[-72.4617,-37.7846],[-72.4857,-37.7759],[-72.4913,-37.7769],[-72.4943,-37.7795],[-72.5044,-37.7749],[-72.5256,-37.7778],[-72.5203,-37.7832],[-72.5135,-37.7964],[-72.5102,-37.7983],[-72.5031,-37.7986],[-72.4918,-37.8065],[-72.4916,-37.8119],[-72.4965,-37.8266]]]]}},{"type":"Feature","properties":{"comunaId":"CHL.3.2.10_1","nombre":"Traiguén","provincia":"Malleco","regionGadm":"Araucanía","centerLat":-38.2623,"centerLon":-72.7028},"geometry":{"type":"MultiPolygon","coordinates":[[[[-72.6403,-38.4275],[-72.6509,-38.4222],[-72.6608,-38.4228],[-72.6648,-38.417],[-72.6696,-38.4174],[-72.6716,-38.4156],[-72.6768,-38.4166],[-72.6804,-38.4155],[-72.6808,-38.4195],[-72.6866,-38.4175],[-72.6904,-38.418],[-72.6915,-38.4081],[-72.6821,-38.3929],[-72.6824,-38.3902],[-72.6737,-38.3872],[-72.7009,-38.3657],[-72.7117,-38.3642],[-72.7158,-38.367],[-72.7194,-38.3671],[-72.7371,-38.364],[-72.7387,-38.3665],[-72.7425,-38.368],[-72.7452,-38.3648],[-72.7498,-38.3637],[-72.7555,-38.3584],[-72.763,-38.3459],[-72.7506,-38.3457],[-72.75,-38.3431],[-72.7573,-38.3377],[-72.7596,-38.3405],[-72.7621,-38.3403],[-72.7671,-38.3336],[-72.7723,-38.3353],[-72.7756,-38.3342],[-72.7762,-38.3322],[-72.7733,-38.3314],[-72.7748,-38.325],[-72.7776,-38.3209],[-72.784,-38.321],[-72.7902,-38.3236],[-72.7946,-38.3219],[-72.7987,-38.3239],[-72.8042,-38.327],[-72.807,-38.3319],[-72.8044,-38.3336],[-72.8089,-38.3373],[-72.8156,-38.3323],[-72.8253,-38.3374],[-72.8287,-38.3362],[-72.841,-38.3386],[-72.8434,-38.3401],[-72.8444,-38.3433],[-72.851,-38.3441],[-72.8495,-38.349],[-72.8605,-38.3463],[-72.872,-38.3498],[-72.8746,-38.3451],[-72.8787,-38.347],[-72.8788,-38.352],[-72.888,-38.3546],[-72.8904,-38.3573],[-72.8935,-38.358],[-72.8985,-38.3558],[-72.8936,-38.3513],[-72.8911,-38.3511],[-72.8907,-38.3488],[-72.8914,-38.3456],[-72.8947,-38.342],[-72.8941,-38.3391],[-72.8969,-38.3315],[-72.8837,-38.3266],[-72.8942,-38.3252],[-72.8945,-38.324],[-72.8905,-38.3231],[-72.8927,-38.3187],[-72.8921,-38.317],[-72.8975,-38.3186],[-72.8987,-38.3172],[-72.9004,-38.3095],[-72.8934,-38.3086],[-72.8904,-38.3066],[-72.8887,-38.3006],[-72.8902,-38.298],[-72.8928,-38.2975],[-72.8921,-38.2947],[-72.8938,-38.2934],[-72.8905,-38.2904],[-72.8932,-38.288],[-72.8903,-38.2869],[-72.8879,-38.2896],[-72.8866,-38.287],[-72.8956,-38.2851],[-72.8977,-38.2838],[-72.8975,-38.2821],[-72.8942,-38.2812],[-72.8929,-38.2825],[-72.8893,-38.2784],[-72.8832,-38.2802],[-72.8789,-38.2775],[-72.8762,-38.2795],[-72.8702,-38.277],[-72.8609,-38.2768],[-72.8546,-38.2733],[-72.8346,-38.2762],[-72.8272,-38.2737],[-72.8218,-38.2739],[-72.8177,-38.2708],[-72.8175,-38.2774],[-72.8063,-38.277],[-72.8066,-38.2686],[-72.8099,-38.2649],[-72.8102,-38.254],[-72.8146,-38.2438],[-72.8073,-38.2317],[-72.8093,-38.2134],[-72.8137,-38.2074],[-72.8099,-38.2072],[-72.8124,-38.2046],[-72.8156,-38.2047],[-72.816,-38.1914],[-72.8236,-38.1878],[-72.8119,-38.1824],[-72.7905,-38.1833],[-72.7881,-38.177],[-72.7894,-38.1648],[-72.7874,-38.1571],[-72.7908,-38.1491],[-72.7939,-38.1335],[-72.7906,-38.1264],[-72.7868,-38.1222],[-72.7741,-38.1142],[-72.7667,-38.1102],[-72.764,-38.111],[-72.7618,-38.1055],[-72.7581,-38.1057],[-72.7553,-38.1093],[-72.7469,-38.0956],[-72.74,-38.0913],[-72.7272,-38.0968],[-72.7108,-38.1074],[-72.7075,-38.1068],[-72.7052,-38.1101],[-72.6998,-38.1083],[-72.6871,-38.1078],[-72.6841,-38.1105],[-72.6758,-38.1116],[-72.674,-38.1153],[-72.6719,-38.1145],[-72.6695,-38.1169],[-72.6676,-38.1226],[-72.6651,-38.1239],[-72.6629,-38.121],[-72.6584,-38.1201],[-72.6392,-38.1218],[-72.6309,-38.1164],[-72.6337,-38.1108],[-72.6307,-38.1119],[-72.6237,-38.11],[-72.614,-38.1034],[-72.6055,-38.1078],[-72.6019,-38.1073],[-72.6007,-38.1048],[-72.5951,-38.1028],[-72.5931,-38.0993],[-72.5882,-38.0965],[-72.5838,-38.0962],[-72.5809,-38.0897],[-72.5754,-38.0897],[-72.5733,-38.0866],[-72.5623,-38.0813],[-72.5608,-38.0789],[-72.5628,-38.073],[-72.5545,-38.0723],[-72.5472,-38.0697],[-72.5367,-38.0711],[-72.522,-38.0858],[-72.5098,-38.0829],[-72.5038,-38.0862],[-72.4968,-38.0855],[-72.488,-38.0918],[-72.4695,-38.0978],[-72.4632,-38.0981],[-72.4557,-38.1053],[-72.45,-38.1155],[-72.4435,-38.1217],[-72.4464,-38.1319],[-72.4491,-38.1332],[-72.4534,-38.1393],[-72.4502,-38.1476],[-72.4549,-38.1507],[-72.4652,-38.1497],[-72.4851,-38.1552],[-72.4949,-38.1607],[-72.5098,-38.1638],[-72.5048,-38.1736],[-72.5059,-38.1783],[-72.5042,-38.1871],[-72.5178,-38.1965],[-72.5219,-38.1959],[-72.5332,-38.2466],[-72.537,-38.2474],[-72.5389,-38.2501],[-72.533,-38.2554],[-72.532,-38.2592],[-72.5402,-38.2601],[-72.5393,-38.2746],[-72.5339,-38.2715],[-72.529,-38.2718],[-72.5283,-38.27],[-72.5253,-38.2703],[-72.5223,-38.2681],[-72.512,-38.2659],[-72.5088,-38.2621],[-72.5052,-38.275],[-72.5064,-38.2827],[-72.5066,-38.3063],[-72.5048,-38.308],[-72.5055,-38.3233],[-72.5149,-38.322],[-72.5134,-38.3458],[-72.5095,-38.3504],[-72.5176,-38.3509],[-72.5177,-38.3549],[-72.5233,-38.3584],[-72.539,-38.4008],[-72.5446,-38.4051],[-72.5444,-38.4094],[-72.5471,-38.4175],[-72.5506,-38.4186],[-72.5565,-38.415],[-72.5626,-38.4212],[-72.5668,-38.4216],[-72.5672,-38.4237],[-72.5707,-38.4257],[-72.576,-38.425],[-72.5876,-38.4269],[-72.5987,-38.427],[-72.6055,-38.4245],[-72.6109,-38.4267],[-72.6237,-38.4262],[-72.6351,-38.4211],[-72.6381,-38.4227],[-72.6403,-38.4275]]]]}},{"type":"Feature","properties":{"comunaId":"CHL.3.2.11_1","nombre":"Victoria","provincia":"Malleco","regionGadm":"Araucanía","centerLat":-38.2834,"centerLon":-72.2386},"geometry":{"type":"MultiPolygon","coordinates":[[[[-72.0865,-38.425],[-72.0899,-38.4248],[-72.0973,-38.4212],[-72.1112,-38.4225],[-72.1206,-38.4196],[-72.1448,-38.4222],[-72.1496,-38.4244],[-72.1546,-38.4236],[-72.1593,-38.4262],[-72.163,-38.4233],[-72.171,-38.425],[-72.183,-38.4311],[-72.1889,-38.4399],[-72.1971,-38.4441],[-72.2032,-38.4429],[-72.2098,-38.449],[-72.2184,-38.4485],[-72.2276,-38.4534],[-72.2363,-38.4525],[-72.2417,-38.4553],[-72.2488,-38.4502],[-72.2526,-38.4492],[-72.2552,-38.4493],[-72.2562,-38.4519],[-72.2623,-38.4515],[-72.2564,-38.4373],[-72.2589,-38.4362],[-72.2592,-38.431],[-72.2538,-38.4321],[-72.235,-38.3836],[-72.2364,-38.3822],[-72.242,-38.3837],[-72.2425,-38.3865],[-72.2556,-38.3911],[-72.2564,-38.3946],[-72.26,-38.3943],[-72.2645,-38.3972],[-72.266,-38.3962],[-72.2659,-38.3986],[-72.2719,-38.4034],[-72.3581,-38.3832],[-72.3501,-38.3599],[-72.361,-38.3599],[-72.3665,-38.3575],[-72.369,-38.3584],[-72.3709,-38.3564],[-72.3774,-38.3568],[-72.385,-38.3548],[-72.3879,-38.3519],[-72.4004,-38.3519],[-72.4091,-38.3578],[-72.4131,-38.3571],[-72.4185,-38.3592],[-72.4264,-38.3574],[-72.438,-38.3581],[-72.4409,-38.3592],[-72.443,-38.3636],[-72.4472,-38.3634],[-72.4485,-38.3668],[-72.4526,-38.3671],[-72.4568,-38.3699],[-72.4714,-38.3656],[-72.4821,-38.3695],[-72.4949,-38.37],[-72.5045,-38.3662],[-72.51,-38.3614],[-72.5128,-38.3623],[-72.5132,-38.3654],[-72.5165,-38.364],[-72.5235,-38.3589],[-72.52,-38.3553],[-72.5177,-38.3549],[-72.5176,-38.3509],[-72.5095,-38.3504],[-72.5134,-38.3458],[-72.5149,-38.322],[-72.5055,-38.3233],[-72.5048,-38.308],[-72.5066,-38.3063],[-72.5064,-38.2827],[-72.5052,-38.275],[-72.5088,-38.2621],[-72.512,-38.2659],[-72.5223,-38.2681],[-72.5253,-38.2703],[-72.5283,-38.27],[-72.529,-38.2718],[-72.5339,-38.2715],[-72.5393,-38.2746],[-72.5402,-38.2601],[-72.532,-38.2592],[-72.533,-38.2554],[-72.5389,-38.2501],[-72.537,-38.2474],[-72.5332,-38.2466],[-72.5219,-38.1959],[-72.5178,-38.1965],[-72.5042,-38.1871],[-72.5059,-38.1783],[-72.5048,-38.1736],[-72.5098,-38.1638],[-72.4949,-38.1607],[-72.4851,-38.1552],[-72.4652,-38.1497],[-72.4549,-38.1507],[-72.4502,-38.1476],[-72.4405,-38.1487],[-72.4361,-38.1449],[-72.4312,-38.1457],[-72.4261,-38.1428],[-72.4178,-38.1462],[-72.4103,-38.1522],[-72.3956,-38.1478],[-72.3889,-38.1521],[-72.3884,-38.154],[-72.3685,-38.1578],[-72.3611,-38.1546],[-72.3574,-38.1509],[-72.3419,-38.1508],[-72.3329,-38.1477],[-72.3285,-38.151],[-72.32,-38.1494],[-72.3181,-38.1467],[-72.3133,-38.1512],[-72.3118,-38.1507],[-72.3117,-38.1484],[-72.3058,-38.1475],[-72.3047,-38.1505],[-72.298,-38.1541],[-72.2937,-38.156],[-72.2904,-38.1552],[-72.2868,-38.1607],[-72.2806,-38.1556],[-72.2769,-38.156],[-72.2755,-38.1605],[-72.2701,-38.1615],[-72.266,-38.1603],[-72.2634,-38.1634],[-72.2553,-38.1615],[-72.2495,-38.1641],[-72.2471,-38.1625],[-72.2453,-38.1638],[-72.2315,-38.1599],[-72.2255,-38.1622],[-72.2267,-38.1659],[-72.2229,-38.1687],[-72.2138,-38.1681],[-72.2104,-38.1699],[-72.1989,-38.1698],[-72.1922,-38.171],[-72.1904,-38.1731],[-72.1833,-38.1729],[-72.1827,-38.1747],[-72.1793,-38.1759],[-72.175,-38.1736],[-72.1647,-38.1744],[-72.1587,-38.1703],[-72.1572,-38.1732],[-72.155,-38.1719],[-72.1506,-38.1742],[-72.1387,-38.174],[-72.1356,-38.1764],[-72.1277,-38.1756],[-72.1251,-38.1732],[-72.1189,-38.175],[-72.117,-38.1777],[-72.1004,-38.175],[-72.0944,-38.1757],[-72.0934,-38.1744],[-72.0906,-38.1762],[-72.0839,-38.175],[-72.0533,-38.1787],[-72.0495,-38.1816],[-72.0416,-38.1831],[-72.0363,-38.1824],[-72.0317,-38.1864],[-72.0159,-38.1869],[-72.0137,-38.1883],[-72.0099,-38.1868],[-72.0077,-38.1876],[-72.0025,-38.1842],[-71.9898,-38.1881],[-71.9845,-38.1772],[-71.9677,-38.1788],[-71.9548,-38.1723],[-71.9536,-38.1745],[-71.9488,-38.1745],[-71.9457,-38.1776],[-71.9451,-38.1814],[-71.9455,-38.185],[-71.9477,-38.1873],[-71.9445,-38.1917],[-71.9331,-38.1951],[-71.9281,-38.199],[-71.926,-38.2093],[-71.9438,-38.2539],[-71.9579,-38.2951],[-71.9703,-38.3219],[-71.9694,-38.3248],[-71.9712,-38.3253],[-71.972,-38.3307],[-71.9814,-38.3364],[-71.9849,-38.3419],[-71.9822,-38.3478],[-71.9867,-38.3492],[-71.9855,-38.353],[-71.9796,-38.3503],[-71.978,-38.3582],[-71.9813,-38.3582],[-71.985,-38.3606],[-71.9842,-38.363],[-71.9856,-38.3649],[-71.9872,-38.3649],[-71.9898,-38.3608],[-71.9957,-38.3663],[-71.9988,-38.3656],[-71.9999,-38.3712],[-72.0027,-38.3724],[-72.0007,-38.3741],[-72.001,-38.377],[-72.0031,-38.3782],[-72.0016,-38.3837],[-72.0075,-38.3865],[-72.0076,-38.3879],[-72.0113,-38.3883],[-72.0115,-38.393],[-72.0199,-38.397],[-72.0195,-38.3985],[-72.029,-38.4004],[-72.0395,-38.4127],[-72.0486,-38.4136],[-72.0524,-38.4157],[-72.0826,-38.4178],[-72.0869,-38.4203],[-72.0865,-38.425]]]]}}]}